order_id,line_item_id,order_number,customer_id,product_id,location_id,order_date,ship_date,quantity,unit_price,discount_amount
1,1,ORD-000001,36,31,2,2023-08-11,2023-08-19,4,19.99,10
1,2,ORD-000001,36,1,2,2023-08-11,2023-08-19,1,899.99,0
2,3,ORD-000002,66,8,7,2022-11-03,2022-11-12,3,29.99,0
2,4,ORD-000002,66,20,7,2022-11-03,2022-11-12,1,29.99,0
2,5,ORD-000002,66,16,7,2022-11-03,2022-11-12,4,39.99,15
2,6,ORD-000002,66,40,7,2022-11-03,2022-11-12,4,12.99,0
3,7,ORD-000003,29,33,27,2024-10-20,2024-10-30,5,24.99,0
4,8,ORD-000004,184,40,5,2023-08-20,2023-08-27,3,12.99,0
5,9,ORD-000005,147,5,14,2023-01-19,2023-01-21,5,549.99,10
5,10,ORD-000005,147,33,14,2023-01-19,2023-01-21,5,24.99,10
5,11,ORD-000005,147,2,14,2023-01-19,2023-01-21,4,1199.99,20
6,12,ORD-000006,121,2,2,2024-03-03,2024-03-09,3,1199.99,20
6,13,ORD-000006,121,5,2,2024-03-03,2024-03-09,3,549.99,0
6,14,ORD-000006,121,7,2,2024-03-03,2024-03-09,5,49.99,15
7,15,ORD-000007,194,35,11,2022-10-01,2022-10-02,3,24.99,20
7,16,ORD-000007,194,12,11,2022-10-01,2022-10-02,4,59.99,15
7,17,ORD-000007,194,31,11,2022-10-01,2022-10-02,2,19.99,20
8,18,ORD-000008,35,13,3,2024-07-26,2024-07-27,1,49.99,20
8,19,ORD-000008,35,13,3,2024-07-26,2024-07-27,1,49.99,0
8,20,ORD-000008,35,20,3,2024-07-26,2024-07-27,5,29.99,5
9,21,ORD-000009,140,19,16,2023-06-03,2023-06-04,3,14.99,20
9,22,ORD-000009,140,4,16,2023-06-03,2023-06-04,3,699.99,0
10,23,ORD-000010,32,29,26,2024-01-24,2024-01-31,4,44.99,0
10,24,ORD-000010,32,12,26,2024-01-24,2024-01-31,4,59.99,15
10,25,ORD-000010,32,32,26,2024-01-24,2024-01-31,3,14.99,20
10,26,ORD-000010,32,34,26,2024-01-24,2024-01-31,3,89.99,20
11,27,ORD-000011,22,39,24,2024-05-19,2024-05-21,2,14.99,10
11,28,ORD-000011,22,19,24,2024-05-19,2024-05-21,3,14.99,0
11,29,ORD-000011,22,6,24,2024-05-19,2024-05-21,3,299.99,15
11,30,ORD-000011,22,19,24,2024-05-19,2024-05-21,3,14.99,5
12,31,ORD-000012,155,23,23,2024-05-22,2024-05-25,4,49.99,0
12,32,ORD-000012,155,23,23,2024-05-22,2024-05-25,5,49.99,5
12,33,ORD-000012,155,18,23,2024-05-22,2024-05-25,1,129.99,0
12,34,ORD-000012,155,26,23,2024-05-22,2024-05-25,3,79.99,10
13,35,ORD-000013,192,39,22,2022-11-24,2022-11-25,4,14.99,0
13,36,ORD-000013,192,9,22,2022-11-24,2022-11-25,1,79.99,0
14,37,ORD-000014,200,37,21,2024-01-21,2024-01-27,1,24.99,10
14,38,ORD-000014,200,10,21,2024-01-21,2024-01-27,4,39.99,0
14,39,ORD-000014,200,24,21,2024-01-21,2024-01-27,4,89.99,20
14,40,ORD-000014,200,5,21,2024-01-21,2024-01-27,5,549.99,0
15,41,ORD-000015,136,16,12,2024-03-26,2024-04-01,1,39.99,0
15,42,ORD-000015,136,12,12,2024-03-26,2024-04-01,4,59.99,10
15,43,ORD-000015,136,25,12,2024-03-26,2024-04-01,5,59.99,0
16,44,ORD-000016,68,40,25,2023-06-18,2023-06-26,3,12.99,15
16,45,ORD-000016,68,32,25,2023-06-18,2023-06-26,2,14.99,0
17,46,ORD-000017,35,29,28,2022-06-01,2022-06-09,1,44.99,20
17,47,ORD-000017,35,21,28,2022-06-01,2022-06-09,3,34.99,15
18,48,ORD-000018,17,12,18,2023-08-18,2023-08-23,3,59.99,10
18,49,ORD-000018,17,15,18,2023-08-18,2023-08-23,1,49.99,0
19,50,ORD-000019,36,36,8,2024-10-08,2024-10-09,5,149.99,0
19,51,ORD-000019,36,30,8,2024-10-08,2024-10-09,5,29.99,0
19,52,ORD-000019,36,40,8,2024-10-08,2024-10-09,1,12.99,0
20,53,ORD-000020,80,27,13,2024-09-07,2024-09-16,5,24.99,0
20,54,ORD-000020,80,9,13,2024-09-07,2024-09-16,3,79.99,15
20,55,ORD-000020,80,5,13,2024-09-07,2024-09-16,4,549.99,5
20,56,ORD-000020,80,34,13,2024-09-07,2024-09-16,3,89.99,0
21,57,ORD-000021,200,33,18,2023-01-08,2023-01-11,1,24.99,20
21,58,ORD-000021,200,8,18,2023-01-08,2023-01-11,5,29.99,0
21,59,ORD-000021,200,20,18,2023-01-08,2023-01-11,2,29.99,0
21,60,ORD-000021,200,21,18,2023-01-08,2023-01-11,2,34.99,0
22,61,ORD-000022,133,13,29,2023-08-05,2023-08-07,5,49.99,0
22,62,ORD-000022,133,9,29,2023-08-05,2023-08-07,3,79.99,10
22,63,ORD-000022,133,35,29,2023-08-05,2023-08-07,1,24.99,10
23,64,ORD-000023,165,37,6,2022-11-12,2022-11-15,1,24.99,20
23,65,ORD-000023,165,2,6,2022-11-12,2022-11-15,1,1199.99,0
23,66,ORD-000023,165,37,6,2022-11-12,2022-11-15,3,24.99,15
24,67,ORD-000024,54,32,25,2024-05-03,2024-05-13,5,14.99,0
25,68,ORD-000025,165,20,10,2024-09-16,2024-09-20,4,29.99,0
25,69,ORD-000025,165,4,10,2024-09-16,2024-09-20,2,699.99,5
25,70,ORD-000025,165,27,10,2024-09-16,2024-09-20,4,24.99,5
25,71,ORD-000025,165,14,10,2024-09-16,2024-09-20,3,34.99,10
26,72,ORD-000026,37,9,11,2023-10-16,2023-10-22,3,79.99,10
26,73,ORD-000026,37,36,11,2023-10-16,2023-10-22,1,149.99,0
26,74,ORD-000026,37,16,11,2023-10-16,2023-10-22,4,39.99,0
26,75,ORD-000026,37,18,11,2023-10-16,2023-10-22,4,129.99,0
27,76,ORD-000027,37,40,4,2022-04-14,2022-04-19,4,12.99,0
27,77,ORD-000027,37,11,4,2022-04-14,2022-04-19,3,19.99,10
27,78,ORD-000027,37,21,4,2022-04-14,2022-04-19,2,34.99,20
27,79,ORD-000027,37,11,4,2022-04-14,2022-04-19,4,19.99,10
28,80,ORD-000028,120,6,16,2023-09-24,2023-10-02,4,299.99,10
29,81,ORD-000029,118,4,8,2023-03-17,2023-03-27,1,699.99,0
29,82,ORD-000029,118,32,8,2023-03-17,2023-03-27,5,14.99,20
29,83,ORD-000029,118,31,8,2023-03-17,2023-03-27,3,19.99,10
30,84,ORD-000030,3,17,28,2022-08-09,2022-08-16,3,34.99,20
30,85,ORD-000030,3,26,28,2022-08-09,2022-08-16,3,79.99,0
31,86,ORD-000031,103,5,2,2023-02-03,2023-02-09,4,549.99,10
31,87,ORD-000031,103,29,2,2023-02-03,2023-02-09,5,44.99,0
31,88,ORD-000031,103,40,2,2023-02-03,2023-02-09,5,12.99,0
32,89,ORD-000032,33,36,4,2024-03-17,2024-03-23,3,149.99,20
32,90,ORD-000032,33,10,4,2024-03-17,2024-03-23,2,39.99,10
32,91,ORD-000032,33,33,4,2024-03-17,2024-03-23,4,24.99,10
33,92,ORD-000033,11,31,2,2022-03-21,2022-03-24,5,19.99,5
33,93,ORD-000033,11,10,2,2022-03-21,2022-03-24,5,39.99,10
33,94,ORD-000033,11,9,2,2022-03-21,2022-03-24,3,79.99,10
34,95,ORD-000034,82,38,6,2024-03-15,2024-03-25,3,34.99,10
34,96,ORD-000034,82,33,6,2024-03-15,2024-03-25,5,24.99,5
34,97,ORD-000034,82,37,6,2024-03-15,2024-03-25,3,24.99,5
35,98,ORD-000035,5,38,12,2023-11-10,2023-11-12,3,34.99,20
35,99,ORD-000035,5,2,12,2023-11-10,2023-11-12,5,1199.99,5
35,100,ORD-000035,5,17,12,2023-11-10,2023-11-12,5,34.99,10
35,101,ORD-000035,5,15,12,2023-11-10,2023-11-12,1,49.99,10
36,102,ORD-000036,123,10,6,2024-12-09,2024-12-19,2,39.99,0
36,103,ORD-000036,123,37,6,2024-12-09,2024-12-19,1,24.99,0
36,104,ORD-000036,123,2,6,2024-12-09,2024-12-19,4,1199.99,0
36,105,ORD-000036,123,27,6,2024-12-09,2024-12-19,2,24.99,5
37,106,ORD-000037,177,4,7,2024-04-20,2024-04-29,2,699.99,10
37,107,ORD-000037,177,14,7,2024-04-20,2024-04-29,5,34.99,0
37,108,ORD-000037,177,31,7,2024-04-20,2024-04-29,5,19.99,5
37,109,ORD-000037,177,21,7,2024-04-20,2024-04-29,2,34.99,5
38,110,ORD-000038,137,13,11,2023-12-27,2024-01-01,2,49.99,0
38,111,ORD-000038,137,36,11,2023-12-27,2024-01-01,3,149.99,0
38,112,ORD-000038,137,20,11,2023-12-27,2024-01-01,3,29.99,15
38,113,ORD-000038,137,14,11,2023-12-27,2024-01-01,4,34.99,0
39,114,ORD-000039,123,37,12,2023-07-15,2023-07-20,5,24.99,5
40,115,ORD-000040,102,3,27,2023-12-08,2023-12-11,3,1599.99,15
40,116,ORD-000040,102,6,27,2023-12-08,2023-12-11,3,299.99,5
40,117,ORD-000040,102,17,27,2023-12-08,2023-12-11,4,34.99,0
41,118,ORD-000041,52,9,27,2023-07-10,2023-07-19,1,79.99,10
41,119,ORD-000041,52,38,27,2023-07-10,2023-07-19,2,34.99,0
41,120,ORD-000041,52,4,27,2023-07-10,2023-07-19,5,699.99,0
42,121,ORD-000042,164,22,8,2022-04-18,2022-04-20,4,59.99,0
42,122,ORD-000042,164,9,8,2022-04-18,2022-04-20,1,79.99,10
42,123,ORD-000042,164,11,8,2022-04-18,2022-04-20,4,19.99,15
42,124,ORD-000042,164,31,8,2022-04-18,2022-04-20,4,19.99,15
43,125,ORD-000043,52,4,25,2023-08-12,2023-08-18,1,699.99,15
43,126,ORD-000043,52,37,25,2023-08-12,2023-08-18,2,24.99,10
43,127,ORD-000043,52,3,25,2023-08-12,2023-08-18,2,1599.99,5
44,128,ORD-000044,46,12,30,2022-03-16,2022-03-23,3,59.99,0
44,129,ORD-000044,46,1,30,2022-03-16,2022-03-23,3,899.99,10
44,130,ORD-000044,46,39,30,2022-03-16,2022-03-23,1,14.99,0
44,131,ORD-000044,46,19,30,2022-03-16,2022-03-23,4,14.99,15
45,132,ORD-000045,140,18,17,2024-10-08,2024-10-11,2,129.99,20
45,133,ORD-000045,140,8,17,2024-10-08,2024-10-11,3,29.99,0
45,134,ORD-000045,140,30,17,2024-10-08,2024-10-11,3,29.99,15
45,135,ORD-000045,140,12,17,2024-10-08,2024-10-11,1,59.99,15
46,136,ORD-000046,87,12,26,2023-08-28,2023-09-07,5,59.99,20
46,137,ORD-000046,87,26,26,2023-08-28,2023-09-07,4,79.99,10
47,138,ORD-000047,84,9,3,2024-03-31,2024-04-02,4,79.99,0
47,139,ORD-000047,84,16,3,2024-03-31,2024-04-02,1,39.99,0
48,140,ORD-000048,99,20,8,2024-07-03,2024-07-08,5,29.99,15
48,141,ORD-000048,99,37,8,2024-07-03,2024-07-08,1,24.99,0
48,142,ORD-000048,99,24,8,2024-07-03,2024-07-08,2,89.99,0
49,143,ORD-000049,171,26,4,2024-08-11,2024-08-16,5,79.99,15
49,144,ORD-000049,171,20,4,2024-08-11,2024-08-16,1,29.99,15
50,145,ORD-000050,76,31,12,2023-03-29,2023-04-02,2,19.99,5
50,146,ORD-000050,76,39,12,2023-03-29,2023-04-02,3,14.99,5
51,147,ORD-000051,180,16,18,2024-08-22,2024-08-31,5,39.99,20
51,148,ORD-000051,180,6,18,2024-08-22,2024-08-31,5,299.99,5
52,149,ORD-000052,136,4,23,2024-01-11,2024-01-13,5,699.99,10
53,150,ORD-000053,52,34,19,2022-11-03,2022-11-06,4,89.99,0
53,151,ORD-000053,52,14,19,2022-11-03,2022-11-06,5,34.99,5
53,152,ORD-000053,52,6,19,2022-11-03,2022-11-06,5,299.99,5
54,153,ORD-000054,15,30,15,2022-09-28,2022-10-07,5,29.99,0
54,154,ORD-000054,15,36,15,2022-09-28,2022-10-07,4,149.99,15
54,155,ORD-000054,15,20,15,2022-09-28,2022-10-07,1,29.99,5
54,156,ORD-000054,15,17,15,2022-09-28,2022-10-07,1,34.99,15
55,157,ORD-000055,56,23,19,2022-05-30,2022-05-31,1,49.99,10
55,158,ORD-000055,56,4,19,2022-05-30,2022-05-31,1,699.99,5
55,159,ORD-000055,56,3,19,2022-05-30,2022-05-31,3,1599.99,5
55,160,ORD-000055,56,12,19,2022-05-30,2022-05-31,2,59.99,20
56,161,ORD-000056,165,29,24,2024-05-10,2024-05-16,4,44.99,5
56,162,ORD-000056,165,6,24,2024-05-10,2024-05-16,5,299.99,0
56,163,ORD-000056,165,23,24,2024-05-10,2024-05-16,1,49.99,0
56,164,ORD-000056,165,35,24,2024-05-10,2024-05-16,4,24.99,10
57,165,ORD-000057,33,20,24,2023-04-02,2023-04-03,4,29.99,15
58,166,ORD-000058,185,15,18,2024-05-18,2024-05-27,2,49.99,5
58,167,ORD-000058,185,23,18,2024-05-18,2024-05-27,2,49.99,0
58,168,ORD-000058,185,13,18,2024-05-18,2024-05-27,1,49.99,0
58,169,ORD-000058,185,27,18,2024-05-18,2024-05-27,5,24.99,20
59,170,ORD-000059,5,39,8,2023-02-27,2023-03-01,1,14.99,5
60,171,ORD-000060,154,26,22,2022-04-10,2022-04-14,4,79.99,0
61,172,ORD-000061,139,15,7,2022-04-26,2022-04-29,5,49.99,0
61,173,ORD-000061,139,37,7,2022-04-26,2022-04-29,5,24.99,20
61,174,ORD-000061,139,21,7,2022-04-26,2022-04-29,2,34.99,0
62,175,ORD-000062,37,20,22,2024-12-03,2024-12-07,3,29.99,0
62,176,ORD-000062,37,36,22,2024-12-03,2024-12-07,5,149.99,15
62,177,ORD-000062,37,12,22,2024-12-03,2024-12-07,4,59.99,10
62,178,ORD-000062,37,32,22,2024-12-03,2024-12-07,1,14.99,0
63,179,ORD-000063,165,27,22,2024-02-20,2024-02-29,4,24.99,0
63,180,ORD-000063,165,20,22,2024-02-20,2024-02-29,4,29.99,0
63,181,ORD-000063,165,35,22,2024-02-20,2024-02-29,4,24.99,0
64,182,ORD-000064,58,36,10,2022-10-23,2022-10-31,4,149.99,5
65,183,ORD-000065,143,17,17,2022-10-02,2022-10-09,2,34.99,0
65,184,ORD-000065,143,6,17,2022-10-02,2022-10-09,4,299.99,20
66,185,ORD-000066,95,25,3,2023-01-26,2023-01-27,5,59.99,10
66,186,ORD-000066,95,3,3,2023-01-26,2023-01-27,1,1599.99,0
66,187,ORD-000066,95,38,3,2023-01-26,2023-01-27,5,34.99,0
67,188,ORD-000067,123,14,7,2023-11-13,2023-11-18,2,34.99,15
68,189,ORD-000068,31,26,24,2024-09-07,2024-09-11,2,79.99,10
68,190,ORD-000068,31,21,24,2024-09-07,2024-09-11,3,34.99,5
69,191,ORD-000069,120,24,18,2024-01-06,2024-01-11,5,89.99,5
69,192,ORD-000069,120,30,18,2024-01-06,2024-01-11,1,29.99,20
69,193,ORD-000069,120,31,18,2024-01-06,2024-01-11,3,19.99,0
70,194,ORD-000070,95,10,11,2024-04-27,2024-04-28,1,39.99,0
70,195,ORD-000070,95,36,11,2024-04-27,2024-04-28,5,149.99,10
71,196,ORD-000071,185,22,14,2023-08-28,2023-08-31,2,59.99,5
71,197,ORD-000071,185,37,14,2023-08-28,2023-08-31,2,24.99,5
72,198,ORD-000072,141,32,21,2023-11-23,2023-11-28,4,14.99,0
72,199,ORD-000072,141,23,21,2023-11-23,2023-11-28,2,49.99,0
72,200,ORD-000072,141,35,21,2023-11-23,2023-11-28,4,24.99,0
72,201,ORD-000072,141,35,21,2023-11-23,2023-11-28,1,24.99,10
73,202,ORD-000073,9,27,27,2022-06-02,2022-06-03,2,24.99,20
74,203,ORD-000074,162,14,8,2022-05-20,2022-05-23,5,34.99,5
75,204,ORD-000075,96,1,2,2024-09-16,2024-09-24,5,899.99,10
76,205,ORD-000076,106,35,1,2022-02-04,2022-02-13,3,24.99,0
76,206,ORD-000076,106,33,1,2022-02-04,2022-02-13,4,24.99,20
76,207,ORD-000076,106,12,1,2022-02-04,2022-02-13,1,59.99,0
77,208,ORD-000077,135,23,5,2023-05-09,2023-05-13,3,49.99,20
77,209,ORD-000077,135,26,5,2023-05-09,2023-05-13,1,79.99,0
77,210,ORD-000077,135,26,5,2023-05-09,2023-05-13,4,79.99,10
78,211,ORD-000078,63,3,23,2023-04-08,2023-04-13,1,1599.99,5
79,212,ORD-000079,98,11,13,2024-09-01,2024-09-02,1,19.99,5
80,213,ORD-000080,112,34,21,2023-11-10,2023-11-20,1,89.99,0
81,214,ORD-000081,55,5,29,2024-08-31,2024-09-05,3,549.99,10
82,215,ORD-000082,145,2,22,2022-03-09,2022-03-12,2,1199.99,10
82,216,ORD-000082,145,10,22,2022-03-09,2022-03-12,4,39.99,0
82,217,ORD-000082,145,20,22,2022-03-09,2022-03-12,2,29.99,10
83,218,ORD-000083,62,25,19,2024-03-07,2024-03-16,2,59.99,20
83,219,ORD-000083,62,6,19,2024-03-07,2024-03-16,5,299.99,15
83,220,ORD-000083,62,23,19,2024-03-07,2024-03-16,1,49.99,0
84,221,ORD-000084,112,21,8,2022-06-05,2022-06-11,1,34.99,15
84,222,ORD-000084,112,18,8,2022-06-05,2022-06-11,4,129.99,5
84,223,ORD-000084,112,15,8,2022-06-05,2022-06-11,3,49.99,10
84,224,ORD-000084,112,25,8,2022-06-05,2022-06-11,4,59.99,0
85,225,ORD-000085,175,16,19,2024-02-18,2024-02-20,1,39.99,0
85,226,ORD-000085,175,18,19,2024-02-18,2024-02-20,2,129.99,5
85,227,ORD-000085,175,10,19,2024-02-18,2024-02-20,4,39.99,0
86,228,ORD-000086,93,29,4,2022-07-07,2022-07-08,3,44.99,20
86,229,ORD-000086,93,18,4,2022-07-07,2022-07-08,1,129.99,0
86,230,ORD-000086,93,6,4,2022-07-07,2022-07-08,2,299.99,5
87,231,ORD-000087,115,2,18,2024-11-15,2024-11-22,1,1199.99,0
88,232,ORD-000088,142,19,3,2023-10-27,2023-11-03,4,14.99,5
89,233,ORD-000089,200,25,3,2023-05-13,2023-05-23,2,59.99,0
89,234,ORD-000089,200,18,3,2023-05-13,2023-05-23,3,129.99,0
90,235,ORD-000090,127,18,5,2022-05-10,2022-05-13,4,129.99,0
90,236,ORD-000090,127,31,5,2022-05-10,2022-05-13,1,19.99,0
90,237,ORD-000090,127,17,5,2022-05-10,2022-05-13,2,34.99,15
90,238,ORD-000090,127,32,5,2022-05-10,2022-05-13,5,14.99,10
91,239,ORD-000091,51,1,15,2022-08-08,2022-08-11,4,899.99,0
91,240,ORD-000091,51,40,15,2022-08-08,2022-08-11,4,12.99,20
91,241,ORD-000091,51,22,15,2022-08-08,2022-08-11,4,59.99,0
92,242,ORD-000092,111,39,27,2022-10-06,2022-10-11,2,14.99,5
92,243,ORD-000092,111,21,27,2022-10-06,2022-10-11,2,34.99,5
92,244,ORD-000092,111,21,27,2022-10-06,2022-10-11,3,34.99,15
93,245,ORD-000093,178,21,21,2024-10-02,2024-10-12,4,34.99,0
93,246,ORD-000093,178,26,21,2024-10-02,2024-10-12,3,79.99,0
94,247,ORD-000094,145,30,7,2023-01-04,2023-01-13,2,29.99,5
95,248,ORD-000095,75,9,27,2022-05-22,2022-05-29,3,79.99,0
95,249,ORD-000095,75,17,27,2022-05-22,2022-05-29,2,34.99,15
95,250,ORD-000095,75,28,27,2022-05-22,2022-05-29,4,39.99,0
95,251,ORD-000095,75,29,27,2022-05-22,2022-05-29,5,44.99,5
96,252,ORD-000096,150,35,13,2024-12-30,2025-01-08,1,24.99,20
96,253,ORD-000096,150,24,13,2024-12-30,2025-01-08,5,89.99,10
96,254,ORD-000096,150,6,13,2024-12-30,2025-01-08,1,299.99,20
96,255,ORD-000096,150,16,13,2024-12-30,2025-01-08,3,39.99,0
97,256,ORD-000097,166,22,20,2022-04-01,2022-04-11,4,59.99,0
97,257,ORD-000097,166,1,20,2022-04-01,2022-04-11,1,899.99,0
97,258,ORD-000097,166,15,20,2022-04-01,2022-04-11,5,49.99,15
97,259,ORD-000097,166,34,20,2022-04-01,2022-04-11,5,89.99,10
98,260,ORD-000098,177,26,19,2023-03-29,2023-04-06,4,79.99,20
98,261,ORD-000098,177,38,19,2023-03-29,2023-04-06,5,34.99,0
98,262,ORD-000098,177,23,19,2023-03-29,2023-04-06,1,49.99,5
99,263,ORD-000099,27,10,10,2024-05-01,2024-05-03,3,39.99,0
100,264,ORD-000100,88,23,15,2023-02-28,2023-03-09,4,49.99,0
100,265,ORD-000100,88,29,15,2023-02-28,2023-03-09,4,44.99,0
100,266,ORD-000100,88,5,15,2023-02-28,2023-03-09,3,549.99,0
100,267,ORD-000100,88,8,15,2023-02-28,2023-03-09,1,29.99,20
101,268,ORD-000101,88,34,21,2022-08-12,2022-08-15,2,89.99,10
101,269,ORD-000101,88,11,21,2022-08-12,2022-08-15,3,19.99,10
102,270,ORD-000102,110,12,15,2023-04-20,2023-04-27,4,59.99,5
102,271,ORD-000102,110,2,15,2023-04-20,2023-04-27,5,1199.99,0
103,272,ORD-000103,116,14,19,2024-05-29,2024-06-05,2,34.99,0
104,273,ORD-000104,193,35,23,2022-05-09,2022-05-19,2,24.99,0
105,274,ORD-000105,84,32,7,2024-07-26,2024-07-28,5,14.99,15
105,275,ORD-000105,84,21,7,2024-07-26,2024-07-28,5,34.99,5
105,276,ORD-000105,84,40,7,2024-07-26,2024-07-28,4,12.99,10
106,277,ORD-000106,30,20,12,2023-12-22,2023-12-30,5,29.99,10
106,278,ORD-000106,30,6,12,2023-12-22,2023-12-30,2,299.99,0
107,279,ORD-000107,31,24,8,2023-09-18,2023-09-20,2,89.99,10
107,280,ORD-000107,31,25,8,2023-09-18,2023-09-20,4,59.99,10
108,281,ORD-000108,36,32,19,2024-02-25,2024-03-03,5,14.99,15
108,282,ORD-000108,36,12,19,2024-02-25,2024-03-03,5,59.99,0
109,283,ORD-000109,126,29,10,2022-10-15,2022-10-18,5,44.99,0
109,284,ORD-000109,126,23,10,2022-10-15,2022-10-18,1,49.99,5
109,285,ORD-000109,126,9,10,2022-10-15,2022-10-18,2,79.99,20
110,286,ORD-000110,99,32,18,2024-11-01,2024-11-09,4,14.99,15
110,287,ORD-000110,99,29,18,2024-11-01,2024-11-09,4,44.99,0
110,288,ORD-000110,99,6,18,2024-11-01,2024-11-09,5,299.99,0
110,289,ORD-000110,99,15,18,2024-11-01,2024-11-09,3,49.99,0
111,290,ORD-000111,71,37,8,2023-08-15,2023-08-18,4,24.99,10
111,291,ORD-000111,71,33,8,2023-08-15,2023-08-18,1,24.99,10
111,292,ORD-000111,71,8,8,2023-08-15,2023-08-18,3,29.99,20
111,293,ORD-000111,71,35,8,2023-08-15,2023-08-18,3,24.99,10
112,294,ORD-000112,194,28,2,2024-06-22,2024-07-01,1,39.99,15
112,295,ORD-000112,194,16,2,2024-06-22,2024-07-01,3,39.99,20
113,296,ORD-000113,9,29,15,2023-06-23,2023-06-29,1,44.99,20
114,297,ORD-000114,61,11,7,2023-12-20,2023-12-30,5,19.99,0
114,298,ORD-000114,61,14,7,2023-12-20,2023-12-30,2,34.99,20
114,299,ORD-000114,61,4,7,2023-12-20,2023-12-30,5,699.99,0
114,300,ORD-000114,61,35,7,2023-12-20,2023-12-30,3,24.99,10
115,301,ORD-000115,138,37,6,2023-10-25,2023-10-30,3,24.99,20
115,302,ORD-000115,138,33,6,2023-10-25,2023-10-30,1,24.99,0
115,303,ORD-000115,138,27,6,2023-10-25,2023-10-30,1,24.99,0
116,304,ORD-000116,168,21,5,2022-09-29,2022-10-03,2,34.99,20
116,305,ORD-000116,168,26,5,2022-09-29,2022-10-03,4,79.99,0
117,306,ORD-000117,148,29,21,2023-07-05,2023-07-12,1,44.99,15
117,307,ORD-000117,148,6,21,2023-07-05,2023-07-12,4,299.99,10
117,308,ORD-000117,148,18,21,2023-07-05,2023-07-12,3,129.99,5
117,309,ORD-000117,148,32,21,2023-07-05,2023-07-12,3,14.99,10
118,310,ORD-000118,1,5,28,2022-07-10,2022-07-18,5,549.99,5
118,311,ORD-000118,1,14,28,2022-07-10,2022-07-18,4,34.99,20
118,312,ORD-000118,1,14,28,2022-07-10,2022-07-18,4,34.99,0
119,313,ORD-000119,83,37,27,2023-08-04,2023-08-10,4,24.99,20
119,314,ORD-000119,83,22,27,2023-08-04,2023-08-10,1,59.99,0
120,315,ORD-000120,26,11,21,2024-07-30,2024-07-31,4,19.99,5
121,316,ORD-000121,1,11,14,2023-02-19,2023-02-22,3,19.99,0
121,317,ORD-000121,1,24,14,2023-02-19,2023-02-22,3,89.99,0
121,318,ORD-000121,1,24,14,2023-02-19,2023-02-22,2,89.99,0
122,319,ORD-000122,102,6,21,2023-09-18,2023-09-22,1,299.99,0
122,320,ORD-000122,102,14,21,2023-09-18,2023-09-22,4,34.99,0
122,321,ORD-000122,102,9,21,2023-09-18,2023-09-22,5,79.99,0
122,322,ORD-000122,102,34,21,2023-09-18,2023-09-22,4,89.99,0
123,323,ORD-000123,3,9,23,2023-12-05,2023-12-07,4,79.99,0
123,324,ORD-000123,3,15,23,2023-12-05,2023-12-07,4,49.99,0
123,325,ORD-000123,3,7,23,2023-12-05,2023-12-07,1,49.99,0
123,326,ORD-000123,3,24,23,2023-12-05,2023-12-07,3,89.99,0
124,327,ORD-000124,98,34,25,2022-09-30,2022-10-03,5,89.99,0
125,328,ORD-000125,157,14,21,2022-12-03,2022-12-11,2,34.99,5
125,329,ORD-000125,157,40,21,2022-12-03,2022-12-11,4,12.99,20
125,330,ORD-000125,157,14,21,2022-12-03,2022-12-11,1,34.99,0
126,331,ORD-000126,36,23,25,2022-09-10,2022-09-20,4,49.99,0
126,332,ORD-000126,36,9,25,2022-09-10,2022-09-20,2,79.99,0
126,333,ORD-000126,36,6,25,2022-09-10,2022-09-20,2,299.99,10
126,334,ORD-000126,36,39,25,2022-09-10,2022-09-20,5,14.99,15
127,335,ORD-000127,156,34,10,2022-02-24,2022-03-01,5,89.99,10
127,336,ORD-000127,156,13,10,2022-02-24,2022-03-01,4,49.99,0
128,337,ORD-000128,166,8,2,2023-05-06,2023-05-14,2,29.99,5
128,338,ORD-000128,166,39,2,2023-05-06,2023-05-14,1,14.99,10
128,339,ORD-000128,166,1,2,2023-05-06,2023-05-14,3,899.99,0
128,340,ORD-000128,166,9,2,2023-05-06,2023-05-14,4,79.99,20
129,341,ORD-000129,146,31,14,2024-01-19,2024-01-28,1,19.99,0
129,342,ORD-000129,146,38,14,2024-01-19,2024-01-28,1,34.99,0
130,343,ORD-000130,68,33,7,2022-03-23,2022-03-24,3,24.99,15
130,344,ORD-000130,68,33,7,2022-03-23,2022-03-24,4,24.99,5
130,345,ORD-000130,68,26,7,2022-03-23,2022-03-24,1,79.99,15
130,346,ORD-000130,68,35,7,2022-03-23,2022-03-24,5,24.99,10
131,347,ORD-000131,40,33,9,2022-06-21,2022-06-26,2,24.99,20
132,348,ORD-000132,40,20,18,2023-11-01,2023-11-08,4,29.99,15
133,349,ORD-000133,62,8,2,2023-05-16,2023-05-18,4,29.99,10
133,350,ORD-000133,62,39,2,2023-05-16,2023-05-18,1,14.99,0
133,351,ORD-000133,62,12,2,2023-05-16,2023-05-18,1,59.99,0
133,352,ORD-000133,62,9,2,2023-05-16,2023-05-18,1,79.99,0
134,353,ORD-000134,128,11,12,2024-12-07,2024-12-16,3,19.99,0
134,354,ORD-000134,128,18,12,2024-12-07,2024-12-16,1,129.99,20
134,355,ORD-000134,128,2,12,2024-12-07,2024-12-16,3,1199.99,20
135,356,ORD-000135,110,37,9,2024-12-08,2024-12-10,1,24.99,5
135,357,ORD-000135,110,30,9,2024-12-08,2024-12-10,5,29.99,0
135,358,ORD-000135,110,4,9,2024-12-08,2024-12-10,4,699.99,20
136,359,ORD-000136,146,7,6,2024-01-24,2024-01-27,5,49.99,15
136,360,ORD-000136,146,8,6,2024-01-24,2024-01-27,2,29.99,15
136,361,ORD-000136,146,33,6,2024-01-24,2024-01-27,1,24.99,0
137,362,ORD-000137,4,25,8,2022-04-05,2022-04-13,2,59.99,0
137,363,ORD-000137,4,3,8,2022-04-05,2022-04-13,5,1599.99,20
137,364,ORD-000137,4,27,8,2022-04-05,2022-04-13,2,24.99,0
138,365,ORD-000138,64,37,14,2023-10-18,2023-10-23,3,24.99,0
139,366,ORD-000139,129,34,22,2022-04-18,2022-04-21,1,89.99,5
139,367,ORD-000139,129,5,22,2022-04-18,2022-04-21,4,549.99,20
140,368,ORD-000140,73,36,25,2023-09-29,2023-10-05,4,149.99,0
141,369,ORD-000141,95,40,7,2023-08-21,2023-08-31,2,12.99,5
141,370,ORD-000141,95,24,7,2023-08-21,2023-08-31,5,89.99,5
141,371,ORD-000141,95,13,7,2023-08-21,2023-08-31,5,49.99,20
142,372,ORD-000142,63,15,5,2022-01-14,2022-01-21,5,49.99,0
143,373,ORD-000143,163,25,27,2022-01-20,2022-01-26,3,59.99,0
144,374,ORD-000144,53,4,17,2023-05-03,2023-05-10,2,699.99,15
144,375,ORD-000144,53,18,17,2023-05-03,2023-05-10,1,129.99,0
144,376,ORD-000144,53,15,17,2023-05-03,2023-05-10,5,49.99,5
144,377,ORD-000144,53,24,17,2023-05-03,2023-05-10,4,89.99,15
145,378,ORD-000145,22,26,19,2022-07-15,2022-07-24,1,79.99,10
145,379,ORD-000145,22,37,19,2022-07-15,2022-07-24,1,24.99,5
146,380,ORD-000146,170,21,5,2023-04-30,2023-05-05,4,34.99,15
146,381,ORD-000146,170,21,5,2023-04-30,2023-05-05,3,34.99,5
146,382,ORD-000146,170,18,5,2023-04-30,2023-05-05,2,129.99,0
147,383,ORD-000147,52,11,5,2022-08-12,2022-08-15,4,19.99,5
148,384,ORD-000148,81,14,14,2022-09-05,2022-09-14,4,34.99,0
148,385,ORD-000148,81,30,14,2022-09-05,2022-09-14,3,29.99,20
148,386,ORD-000148,81,8,14,2022-09-05,2022-09-14,1,29.99,0
149,387,ORD-000149,176,10,10,2022-03-24,2022-03-28,1,39.99,15
149,388,ORD-000149,176,16,10,2022-03-24,2022-03-28,3,39.99,5
149,389,ORD-000149,176,33,10,2022-03-24,2022-03-28,1,24.99,15
150,390,ORD-000150,77,29,9,2022-12-23,2022-12-24,5,44.99,15
150,391,ORD-000150,77,36,9,2022-12-23,2022-12-24,2,149.99,0
150,392,ORD-000150,77,30,9,2022-12-23,2022-12-24,1,29.99,20
150,393,ORD-000150,77,9,9,2022-12-23,2022-12-24,1,79.99,0
151,394,ORD-000151,16,26,27,2023-04-01,2023-04-04,3,79.99,15
151,395,ORD-000151,16,6,27,2023-04-01,2023-04-04,5,299.99,10
152,396,ORD-000152,67,13,30,2022-06-03,2022-06-04,4,49.99,20
153,397,ORD-000153,33,30,3,2023-11-11,2023-11-13,1,29.99,0
154,398,ORD-000154,147,25,14,2024-03-19,2024-03-27,4,59.99,0
155,399,ORD-000155,91,29,7,2023-01-19,2023-01-24,2,44.99,0
155,400,ORD-000155,91,40,7,2023-01-19,2023-01-24,5,12.99,10
155,401,ORD-000155,91,16,7,2023-01-19,2023-01-24,3,39.99,5
156,402,ORD-000156,106,18,29,2024-09-08,2024-09-09,4,129.99,0
157,403,ORD-000157,108,25,7,2024-12-12,2024-12-16,3,59.99,5
158,404,ORD-000158,140,25,26,2024-09-19,2024-09-25,3,59.99,0
158,405,ORD-000158,140,2,26,2024-09-19,2024-09-25,3,1199.99,10
158,406,ORD-000158,140,15,26,2024-09-19,2024-09-25,1,49.99,20
159,407,ORD-000159,200,38,9,2022-04-30,2022-05-08,2,34.99,0
159,408,ORD-000159,200,7,9,2022-04-30,2022-05-08,2,49.99,15
159,409,ORD-000159,200,16,9,2022-04-30,2022-05-08,3,39.99,10
160,410,ORD-000160,189,23,2,2023-03-26,2023-04-05,2,49.99,0
160,411,ORD-000160,189,16,2,2023-03-26,2023-04-05,5,39.99,0
160,412,ORD-000160,189,23,2,2023-03-26,2023-04-05,5,49.99,0
160,413,ORD-000160,189,23,2,2023-03-26,2023-04-05,5,49.99,10
161,414,ORD-000161,37,12,19,2023-01-21,2023-01-29,4,59.99,0
161,415,ORD-000161,37,6,19,2023-01-21,2023-01-29,1,299.99,0
161,416,ORD-000161,37,39,19,2023-01-21,2023-01-29,2,14.99,0
162,417,ORD-000162,135,9,16,2022-01-02,2022-01-08,3,79.99,15
162,418,ORD-000162,135,12,16,2022-01-02,2022-01-08,3,59.99,0
163,419,ORD-000163,6,5,5,2022-10-18,2022-10-20,3,549.99,15
163,420,ORD-000163,6,26,5,2022-10-18,2022-10-20,5,79.99,0
163,421,ORD-000163,6,22,5,2022-10-18,2022-10-20,3,59.99,0
164,422,ORD-000164,35,12,6,2024-06-13,2024-06-21,5,59.99,15
164,423,ORD-000164,35,40,6,2024-06-13,2024-06-21,3,12.99,0
164,424,ORD-000164,35,38,6,2024-06-13,2024-06-21,2,34.99,5
165,425,ORD-000165,79,1,24,2023-08-27,2023-08-30,5,899.99,5
165,426,ORD-000165,79,37,24,2023-08-27,2023-08-30,1,24.99,0
166,427,ORD-000166,155,32,11,2023-03-29,2023-04-08,2,14.99,0
167,428,ORD-000167,191,11,3,2023-05-03,2023-05-09,1,19.99,20
167,429,ORD-000167,191,22,3,2023-05-03,2023-05-09,4,59.99,0
167,430,ORD-000167,191,17,3,2023-05-03,2023-05-09,2,34.99,0
168,431,ORD-000168,178,1,3,2023-12-19,2023-12-24,1,899.99,5
169,432,ORD-000169,113,32,24,2024-05-09,2024-05-12,4,14.99,0
169,433,ORD-000169,113,35,24,2024-05-09,2024-05-12,4,24.99,0
169,434,ORD-000169,113,31,24,2024-05-09,2024-05-12,5,19.99,15
169,435,ORD-000169,113,15,24,2024-05-09,2024-05-12,2,49.99,5
170,436,ORD-000170,19,21,26,2022-03-10,2022-03-15,3,34.99,0
171,437,ORD-000171,19,5,11,2022-12-15,2022-12-22,5,549.99,0
171,438,ORD-000171,19,22,11,2022-12-15,2022-12-22,5,59.99,10
172,439,ORD-000172,124,39,23,2022-03-05,2022-03-12,4,14.99,0
172,440,ORD-000172,124,4,23,2022-03-05,2022-03-12,1,699.99,0
173,441,ORD-000173,53,19,7,2024-04-18,2024-04-27,3,14.99,0
173,442,ORD-000173,53,7,7,2024-04-18,2024-04-27,1,49.99,5
173,443,ORD-000173,53,37,7,2024-04-18,2024-04-27,5,24.99,20
174,444,ORD-000174,126,28,5,2022-04-22,2022-04-28,1,39.99,0
175,445,ORD-000175,170,2,21,2024-09-10,2024-09-14,2,1199.99,0
176,446,ORD-000176,164,20,10,2022-06-17,2022-06-25,4,29.99,5
177,447,ORD-000177,126,12,29,2023-06-27,2023-06-29,3,59.99,5
177,448,ORD-000177,126,24,29,2023-06-27,2023-06-29,2,89.99,5
177,449,ORD-000177,126,3,29,2023-06-27,2023-06-29,3,1599.99,5
177,450,ORD-000177,126,30,29,2023-06-27,2023-06-29,3,29.99,0
178,451,ORD-000178,69,6,19,2022-05-07,2022-05-10,3,299.99,20
179,452,ORD-000179,139,25,14,2023-04-11,2023-04-20,5,59.99,5
180,453,ORD-000180,138,31,22,2024-08-30,2024-09-09,3,19.99,0
180,454,ORD-000180,138,26,22,2024-08-30,2024-09-09,1,79.99,10
181,455,ORD-000181,147,8,29,2024-11-24,2024-12-04,4,29.99,0
181,456,ORD-000181,147,11,29,2024-11-24,2024-12-04,2,19.99,20
182,457,ORD-000182,50,28,5,2022-03-29,2022-04-05,2,39.99,20
183,458,ORD-000183,161,6,5,2023-06-13,2023-06-19,4,299.99,10
184,459,ORD-000184,102,1,18,2023-10-30,2023-11-04,5,899.99,10
184,460,ORD-000184,102,34,18,2023-10-30,2023-11-04,4,89.99,0
184,461,ORD-000184,102,27,18,2023-10-30,2023-11-04,2,24.99,0
184,462,ORD-000184,102,37,18,2023-10-30,2023-11-04,5,24.99,10
185,463,ORD-000185,195,19,4,2022-08-05,2022-08-15,5,14.99,0
186,464,ORD-000186,106,3,9,2024-02-24,2024-03-03,2,1599.99,0
186,465,ORD-000186,106,26,9,2024-02-24,2024-03-03,2,79.99,10
186,466,ORD-000186,106,39,9,2024-02-24,2024-03-03,4,14.99,0
186,467,ORD-000186,106,26,9,2024-02-24,2024-03-03,3,79.99,15
187,468,ORD-000187,61,2,2,2024-08-31,2024-09-05,3,1199.99,20
187,469,ORD-000187,61,20,2,2024-08-31,2024-09-05,3,29.99,0
187,470,ORD-000187,61,32,2,2024-08-31,2024-09-05,1,14.99,20
188,471,ORD-000188,59,18,5,2023-09-08,2023-09-16,4,129.99,10
188,472,ORD-000188,59,6,5,2023-09-08,2023-09-16,2,299.99,5
188,473,ORD-000188,59,14,5,2023-09-08,2023-09-16,4,34.99,15
189,474,ORD-000189,125,33,25,2024-11-23,2024-11-29,2,24.99,0
190,475,ORD-000190,80,34,23,2024-11-03,2024-11-10,5,89.99,0
190,476,ORD-000190,80,12,23,2024-11-03,2024-11-10,2,59.99,20
191,477,ORD-000191,52,30,27,2022-04-29,2022-05-03,1,29.99,0
192,478,ORD-000192,181,33,7,2023-07-16,2023-07-22,4,24.99,15
192,479,ORD-000192,181,8,7,2023-07-16,2023-07-22,1,29.99,0
192,480,ORD-000192,181,24,7,2023-07-16,2023-07-22,4,89.99,10
192,481,ORD-000192,181,29,7,2023-07-16,2023-07-22,2,44.99,20
193,482,ORD-000193,122,17,19,2023-12-18,2023-12-24,1,34.99,0
193,483,ORD-000193,122,2,19,2023-12-18,2023-12-24,4,1199.99,0
194,484,ORD-000194,42,14,28,2023-03-15,2023-03-19,3,34.99,15
194,485,ORD-000194,42,27,28,2023-03-15,2023-03-19,5,24.99,0
195,486,ORD-000195,200,12,25,2022-01-19,2022-01-27,5,59.99,20
195,487,ORD-000195,200,1,25,2022-01-19,2022-01-27,2,899.99,0
196,488,ORD-000196,156,25,26,2023-09-18,2023-09-23,3,59.99,5
196,489,ORD-000196,156,17,26,2023-09-18,2023-09-23,2,34.99,5
196,490,ORD-000196,156,20,26,2023-09-18,2023-09-23,5,29.99,20
196,491,ORD-000196,156,40,26,2023-09-18,2023-09-23,4,12.99,10
197,492,ORD-000197,27,20,1,2024-11-13,2024-11-19,1,29.99,5
197,493,ORD-000197,27,5,1,2024-11-13,2024-11-19,3,549.99,0
197,494,ORD-000197,27,21,1,2024-11-13,2024-11-19,3,34.99,0
198,495,ORD-000198,168,34,23,2023-09-04,2023-09-08,2,89.99,0
198,496,ORD-000198,168,39,23,2023-09-04,2023-09-08,4,14.99,15
199,497,ORD-000199,82,19,22,2022-10-14,2022-10-15,3,14.99,5
199,498,ORD-000199,82,26,22,2022-10-14,2022-10-15,4,79.99,15
199,499,ORD-000199,82,3,22,2022-10-14,2022-10-15,5,1599.99,15
199,500,ORD-000199,82,37,22,2022-10-14,2022-10-15,2,24.99,0
200,501,ORD-000200,186,23,23,2023-04-01,2023-04-10,5,49.99,0
200,502,ORD-000200,186,11,23,2023-04-01,2023-04-10,5,19.99,0
200,503,ORD-000200,186,19,23,2023-04-01,2023-04-10,1,14.99,5
200,504,ORD-000200,186,9,23,2023-04-01,2023-04-10,3,79.99,15
201,505,ORD-000201,144,15,25,2023-01-10,2023-01-16,3,49.99,0
202,506,ORD-000202,191,24,28,2023-09-21,2023-09-28,3,89.99,10
202,507,ORD-000202,191,19,28,2023-09-21,2023-09-28,4,14.99,20
202,508,ORD-000202,191,8,28,2023-09-21,2023-09-28,4,29.99,0
203,509,ORD-000203,163,33,19,2022-05-26,2022-06-03,1,24.99,20
203,510,ORD-000203,163,25,19,2022-05-26,2022-06-03,5,59.99,0
204,511,ORD-000204,106,22,2,2022-11-05,2022-11-08,4,59.99,10
204,512,ORD-000204,106,30,2,2022-11-05,2022-11-08,2,29.99,0
205,513,ORD-000205,184,12,6,2022-06-15,2022-06-23,3,59.99,15
205,514,ORD-000205,184,4,6,2022-06-15,2022-06-23,1,699.99,5
205,515,ORD-000205,184,18,6,2022-06-15,2022-06-23,2,129.99,20
206,516,ORD-000206,199,9,6,2022-11-21,2022-11-29,5,79.99,5
207,517,ORD-000207,163,25,14,2024-04-06,2024-04-13,1,59.99,0
207,518,ORD-000207,163,35,14,2024-04-06,2024-04-13,2,24.99,15
207,519,ORD-000207,163,24,14,2024-04-06,2024-04-13,1,89.99,0
207,520,ORD-000207,163,34,14,2024-04-06,2024-04-13,2,89.99,0
208,521,ORD-000208,174,20,1,2023-05-25,2023-05-29,2,29.99,0
208,522,ORD-000208,174,25,1,2023-05-25,2023-05-29,5,59.99,10
208,523,ORD-000208,174,20,1,2023-05-25,2023-05-29,2,29.99,0
209,524,ORD-000209,12,28,10,2023-08-19,2023-08-27,2,39.99,0
209,525,ORD-000209,12,32,10,2023-08-19,2023-08-27,3,14.99,20
209,526,ORD-000209,12,13,10,2023-08-19,2023-08-27,2,49.99,20
210,527,ORD-000210,104,14,1,2023-04-13,2023-04-17,1,34.99,10
210,528,ORD-000210,104,33,1,2023-04-13,2023-04-17,2,24.99,0
211,529,ORD-000211,94,35,23,2022-03-18,2022-03-25,5,24.99,0
211,530,ORD-000211,94,39,23,2022-03-18,2022-03-25,1,14.99,15
211,531,ORD-000211,94,7,23,2022-03-18,2022-03-25,1,49.99,0
212,532,ORD-000212,177,8,4,2024-05-03,2024-05-11,5,29.99,0
212,533,ORD-000212,177,31,4,2024-05-03,2024-05-11,2,19.99,0
212,534,ORD-000212,177,1,4,2024-05-03,2024-05-11,3,899.99,5
212,535,ORD-000212,177,7,4,2024-05-03,2024-05-11,5,49.99,0
213,536,ORD-000213,160,33,20,2022-10-08,2022-10-15,5,24.99,0
214,537,ORD-000214,73,39,4,2022-08-06,2022-08-14,2,14.99,20
214,538,ORD-000214,73,17,4,2022-08-06,2022-08-14,5,34.99,0
215,539,ORD-000215,92,3,23,2024-04-19,2024-04-24,5,1599.99,5
215,540,ORD-000215,92,14,23,2024-04-19,2024-04-24,4,34.99,0
216,541,ORD-000216,61,37,1,2022-01-27,2022-01-29,4,24.99,0
217,542,ORD-000217,24,17,25,2024-11-13,2024-11-15,2,34.99,5
218,543,ORD-000218,76,12,9,2024-08-08,2024-08-09,1,59.99,20
219,544,ORD-000219,75,7,12,2023-10-03,2023-10-10,1,49.99,0
220,545,ORD-000220,36,29,22,2022-12-16,2022-12-22,5,44.99,0
220,546,ORD-000220,36,6,22,2022-12-16,2022-12-22,3,299.99,20
220,547,ORD-000220,36,22,22,2022-12-16,2022-12-22,2,59.99,0
221,548,ORD-000221,103,31,13,2024-07-23,2024-07-28,4,19.99,15
221,549,ORD-000221,103,11,13,2024-07-23,2024-07-28,1,19.99,0
221,550,ORD-000221,103,4,13,2024-07-23,2024-07-28,2,699.99,0
221,551,ORD-000221,103,27,13,2024-07-23,2024-07-28,5,24.99,5
222,552,ORD-000222,146,23,22,2024-06-16,2024-06-19,5,49.99,0
222,553,ORD-000222,146,9,22,2024-06-16,2024-06-19,4,79.99,5
222,554,ORD-000222,146,8,22,2024-06-16,2024-06-19,4,29.99,5
222,555,ORD-000222,146,3,22,2024-06-16,2024-06-19,1,1599.99,0
223,556,ORD-000223,168,22,11,2022-01-26,2022-02-04,5,59.99,10
223,557,ORD-000223,168,40,11,2022-01-26,2022-02-04,1,12.99,5
224,558,ORD-000224,170,25,24,2023-05-25,2023-06-02,2,59.99,20
224,559,ORD-000224,170,36,24,2023-05-25,2023-06-02,5,149.99,0
224,560,ORD-000224,170,1,24,2023-05-25,2023-06-02,2,899.99,10
225,561,ORD-000225,121,32,28,2024-10-12,2024-10-15,3,14.99,0
226,562,ORD-000226,85,36,9,2022-04-14,2022-04-23,4,149.99,5
226,563,ORD-000226,85,16,9,2022-04-14,2022-04-23,1,39.99,5
227,564,ORD-000227,114,29,26,2024-07-06,2024-07-08,3,44.99,0
227,565,ORD-000227,114,32,26,2024-07-06,2024-07-08,1,14.99,0
227,566,ORD-000227,114,26,26,2024-07-06,2024-07-08,4,79.99,0
227,567,ORD-000227,114,36,26,2024-07-06,2024-07-08,5,149.99,0
228,568,ORD-000228,24,30,26,2023-09-16,2023-09-25,3,29.99,0
228,569,ORD-000228,24,4,26,2023-09-16,2023-09-25,2,699.99,20
229,570,ORD-000229,117,8,11,2024-08-26,2024-09-01,1,29.99,20
229,571,ORD-000229,117,15,11,2024-08-26,2024-09-01,1,49.99,0
229,572,ORD-000229,117,23,11,2024-08-26,2024-09-01,3,49.99,10
229,573,ORD-000229,117,34,11,2024-08-26,2024-09-01,3,89.99,15
230,574,ORD-000230,28,27,2,2022-12-03,2022-12-11,1,24.99,0
230,575,ORD-000230,28,40,2,2022-12-03,2022-12-11,2,12.99,0
231,576,ORD-000231,31,13,30,2024-03-15,2024-03-19,3,49.99,0
231,577,ORD-000231,31,27,30,2024-03-15,2024-03-19,1,24.99,15
231,578,ORD-000231,31,38,30,2024-03-15,2024-03-19,1,34.99,20
231,579,ORD-000231,31,29,30,2024-03-15,2024-03-19,4,44.99,15
232,580,ORD-000232,151,34,17,2022-10-03,2022-10-11,1,89.99,10
233,581,ORD-000233,111,38,27,2024-09-16,2024-09-25,2,34.99,15
233,582,ORD-000233,111,9,27,2024-09-16,2024-09-25,1,79.99,5
234,583,ORD-000234,169,27,20,2023-10-22,2023-10-31,5,24.99,15
234,584,ORD-000234,169,16,20,2023-10-22,2023-10-31,3,39.99,5
234,585,ORD-000234,169,22,20,2023-10-22,2023-10-31,3,59.99,5
234,586,ORD-000234,169,9,20,2023-10-22,2023-10-31,2,79.99,5
235,587,ORD-000235,155,36,23,2024-11-15,2024-11-20,2,149.99,0
235,588,ORD-000235,155,14,23,2024-11-15,2024-11-20,5,34.99,15
235,589,ORD-000235,155,19,23,2024-11-15,2024-11-20,3,14.99,15
236,590,ORD-000236,34,8,23,2022-12-31,2023-01-09,3,29.99,10
236,591,ORD-000236,34,31,23,2022-12-31,2023-01-09,5,19.99,10
236,592,ORD-000236,34,27,23,2022-12-31,2023-01-09,5,24.99,0
237,593,ORD-000237,109,2,26,2022-01-27,2022-02-05,4,1199.99,0
238,594,ORD-000238,14,11,22,2022-04-26,2022-04-30,3,19.99,15
238,595,ORD-000238,14,17,22,2022-04-26,2022-04-30,2,34.99,20
238,596,ORD-000238,14,4,22,2022-04-26,2022-04-30,3,699.99,0
239,597,ORD-000239,193,7,18,2022-03-08,2022-03-14,5,49.99,20
239,598,ORD-000239,193,36,18,2022-03-08,2022-03-14,2,149.99,15
239,599,ORD-000239,193,36,18,2022-03-08,2022-03-14,4,149.99,0
239,600,ORD-000239,193,33,18,2022-03-08,2022-03-14,3,24.99,15
240,601,ORD-000240,171,21,2,2024-02-21,2024-02-28,5,34.99,0
240,602,ORD-000240,171,1,2,2024-02-21,2024-02-28,3,899.99,0
240,603,ORD-000240,171,40,2,2024-02-21,2024-02-28,4,12.99,20
240,604,ORD-000240,171,15,2,2024-02-21,2024-02-28,3,49.99,20
241,605,ORD-000241,151,29,18,2023-02-07,2023-02-11,2,44.99,15
241,606,ORD-000241,151,5,18,2023-02-07,2023-02-11,2,549.99,0
241,607,ORD-000241,151,33,18,2023-02-07,2023-02-11,1,24.99,5
242,608,ORD-000242,11,9,14,2023-07-26,2023-08-04,2,79.99,10
242,609,ORD-000242,11,17,14,2023-07-26,2023-08-04,1,34.99,0
242,610,ORD-000242,11,30,14,2023-07-26,2023-08-04,2,29.99,0
243,611,ORD-000243,40,40,30,2023-10-23,2023-11-02,3,12.99,5
244,612,ORD-000244,147,34,18,2024-01-04,2024-01-06,2,89.99,0
244,613,ORD-000244,147,34,18,2024-01-04,2024-01-06,1,89.99,20
244,614,ORD-000244,147,33,18,2024-01-04,2024-01-06,2,24.99,5
245,615,ORD-000245,140,15,18,2024-04-06,2024-04-08,2,49.99,15
245,616,ORD-000245,140,22,18,2024-04-06,2024-04-08,3,59.99,0
245,617,ORD-000245,140,19,18,2024-04-06,2024-04-08,2,14.99,20
246,618,ORD-000246,159,8,17,2024-08-30,2024-09-08,3,29.99,5
247,619,ORD-000247,62,25,29,2023-05-15,2023-05-16,1,59.99,5
247,620,ORD-000247,62,17,29,2023-05-15,2023-05-16,5,34.99,15
247,621,ORD-000247,62,19,29,2023-05-15,2023-05-16,1,14.99,10
248,622,ORD-000248,198,32,12,2024-11-19,2024-11-28,1,14.99,0
248,623,ORD-000248,198,13,12,2024-11-19,2024-11-28,3,49.99,10
248,624,ORD-000248,198,6,12,2024-11-19,2024-11-28,1,299.99,0
248,625,ORD-000248,198,35,12,2024-11-19,2024-11-28,5,24.99,0
249,626,ORD-000249,161,7,3,2023-03-08,2023-03-12,2,49.99,10
249,627,ORD-000249,161,28,3,2023-03-08,2023-03-12,1,39.99,15
249,628,ORD-000249,161,10,3,2023-03-08,2023-03-12,1,39.99,5
249,629,ORD-000249,161,22,3,2023-03-08,2023-03-12,1,59.99,0
250,630,ORD-000250,19,37,2,2022-12-31,2023-01-05,2,24.99,0
251,631,ORD-000251,105,21,13,2024-07-12,2024-07-19,1,34.99,5
251,632,ORD-000251,105,8,13,2024-07-12,2024-07-19,5,29.99,0
251,633,ORD-000251,105,40,13,2024-07-12,2024-07-19,1,12.99,20
251,634,ORD-000251,105,38,13,2024-07-12,2024-07-19,1,34.99,15
252,635,ORD-000252,19,20,12,2024-10-26,2024-10-28,5,29.99,0
252,636,ORD-000252,19,19,12,2024-10-26,2024-10-28,4,14.99,5
252,637,ORD-000252,19,26,12,2024-10-26,2024-10-28,1,79.99,5
253,638,ORD-000253,41,35,18,2023-03-27,2023-03-30,3,24.99,15
253,639,ORD-000253,41,10,18,2023-03-27,2023-03-30,3,39.99,15
253,640,ORD-000253,41,24,18,2023-03-27,2023-03-30,1,89.99,10
253,641,ORD-000253,41,36,18,2023-03-27,2023-03-30,2,149.99,0
254,642,ORD-000254,11,20,1,2024-03-18,2024-03-27,2,29.99,15
255,643,ORD-000255,190,33,29,2023-12-06,2023-12-10,2,24.99,0
255,644,ORD-000255,190,12,29,2023-12-06,2023-12-10,2,59.99,10
255,645,ORD-000255,190,17,29,2023-12-06,2023-12-10,2,34.99,0
255,646,ORD-000255,190,12,29,2023-12-06,2023-12-10,5,59.99,20
256,647,ORD-000256,14,19,28,2024-08-02,2024-08-11,1,14.99,0
257,648,ORD-000257,26,9,7,2024-09-24,2024-09-30,2,79.99,0
257,649,ORD-000257,26,19,7,2024-09-24,2024-09-30,5,14.99,0
257,650,ORD-000257,26,13,7,2024-09-24,2024-09-30,3,49.99,5
258,651,ORD-000258,116,37,11,2023-09-19,2023-09-29,5,24.99,0
258,652,ORD-000258,116,21,11,2023-09-19,2023-09-29,4,34.99,0
259,653,ORD-000259,2,18,11,2023-05-20,2023-05-24,3,129.99,0
259,654,ORD-000259,2,22,11,2023-05-20,2023-05-24,4,59.99,5
259,655,ORD-000259,2,29,11,2023-05-20,2023-05-24,3,44.99,20
259,656,ORD-000259,2,20,11,2023-05-20,2023-05-24,4,29.99,10
260,657,ORD-000260,28,35,6,2022-06-17,2022-06-22,2,24.99,0
260,658,ORD-000260,28,5,6,2022-06-17,2022-06-22,1,549.99,0
261,659,ORD-000261,130,38,21,2022-03-05,2022-03-15,2,34.99,0
261,660,ORD-000261,130,36,21,2022-03-05,2022-03-15,3,149.99,10
261,661,ORD-000261,130,35,21,2022-03-05,2022-03-15,4,24.99,15
261,662,ORD-000261,130,10,21,2022-03-05,2022-03-15,3,39.99,5
262,663,ORD-000262,58,33,29,2023-08-19,2023-08-22,5,24.99,0
262,664,ORD-000262,58,26,29,2023-08-19,2023-08-22,3,79.99,10
262,665,ORD-000262,58,1,29,2023-08-19,2023-08-22,2,899.99,20
262,666,ORD-000262,58,40,29,2023-08-19,2023-08-22,2,12.99,20
263,667,ORD-000263,132,37,5,2024-07-02,2024-07-05,5,24.99,15
263,668,ORD-000263,132,10,5,2024-07-02,2024-07-05,4,39.99,0
264,669,ORD-000264,11,17,8,2024-09-25,2024-09-29,3,34.99,0
265,670,ORD-000265,11,25,22,2023-02-28,2023-03-09,4,59.99,5
265,671,ORD-000265,11,3,22,2023-02-28,2023-03-09,1,1599.99,15
265,672,ORD-000265,11,21,22,2023-02-28,2023-03-09,1,34.99,15
266,673,ORD-000266,134,25,21,2023-07-15,2023-07-20,4,59.99,0
266,674,ORD-000266,134,38,21,2023-07-15,2023-07-20,1,34.99,10
267,675,ORD-000267,65,23,13,2023-04-02,2023-04-11,3,49.99,5
267,676,ORD-000267,65,31,13,2023-04-02,2023-04-11,5,19.99,0
267,677,ORD-000267,65,33,13,2023-04-02,2023-04-11,2,24.99,5
267,678,ORD-000267,65,11,13,2023-04-02,2023-04-11,2,19.99,0
268,679,ORD-000268,132,12,21,2023-07-30,2023-08-03,2,59.99,0
268,680,ORD-000268,132,39,21,2023-07-30,2023-08-03,1,14.99,15
269,681,ORD-000269,59,31,14,2023-11-08,2023-11-10,4,19.99,0
269,682,ORD-000269,59,38,14,2023-11-08,2023-11-10,2,34.99,15
269,683,ORD-000269,59,27,14,2023-11-08,2023-11-10,1,24.99,0
269,684,ORD-000269,59,3,14,2023-11-08,2023-11-10,2,1599.99,10
270,685,ORD-000270,152,37,6,2022-10-03,2022-10-12,2,24.99,0
271,686,ORD-000271,43,39,9,2023-01-04,2023-01-13,5,14.99,15
271,687,ORD-000271,43,2,9,2023-01-04,2023-01-13,3,1199.99,0
271,688,ORD-000271,43,14,9,2023-01-04,2023-01-13,4,34.99,10
271,689,ORD-000271,43,31,9,2023-01-04,2023-01-13,4,19.99,0
272,690,ORD-000272,57,38,27,2024-04-21,2024-05-01,2,34.99,10
272,691,ORD-000272,57,33,27,2024-04-21,2024-05-01,3,24.99,0
273,692,ORD-000273,186,15,22,2023-12-03,2023-12-11,4,49.99,5
274,693,ORD-000274,34,10,4,2022-02-03,2022-02-07,5,39.99,0
274,694,ORD-000274,34,12,4,2022-02-03,2022-02-07,4,59.99,10
274,695,ORD-000274,34,39,4,2022-02-03,2022-02-07,1,14.99,20
274,696,ORD-000274,34,35,4,2022-02-03,2022-02-07,5,24.99,20
275,697,ORD-000275,31,28,3,2024-09-14,2024-09-17,5,39.99,5
276,698,ORD-000276,95,15,28,2022-03-30,2022-04-08,4,49.99,20
276,699,ORD-000276,95,25,28,2022-03-30,2022-04-08,3,59.99,10
276,700,ORD-000276,95,37,28,2022-03-30,2022-04-08,1,24.99,5
276,701,ORD-000276,95,9,28,2022-03-30,2022-04-08,3,79.99,5
277,702,ORD-000277,197,17,8,2022-06-21,2022-06-26,2,34.99,0
277,703,ORD-000277,197,1,8,2022-06-21,2022-06-26,5,899.99,10
277,704,ORD-000277,197,8,8,2022-06-21,2022-06-26,5,29.99,0
277,705,ORD-000277,197,25,8,2022-06-21,2022-06-26,2,59.99,15
278,706,ORD-000278,81,28,14,2024-01-12,2024-01-14,5,39.99,0
278,707,ORD-000278,81,17,14,2024-01-12,2024-01-14,5,34.99,5
279,708,ORD-000279,145,27,12,2023-07-19,2023-07-26,5,24.99,20
279,709,ORD-000279,145,36,12,2023-07-19,2023-07-26,4,149.99,0
280,710,ORD-000280,95,37,18,2024-09-17,2024-09-22,3,24.99,20
280,711,ORD-000280,95,26,18,2024-09-17,2024-09-22,2,79.99,20
280,712,ORD-000280,95,8,18,2024-09-17,2024-09-22,2,29.99,5
281,713,ORD-000281,180,22,6,2022-07-25,2022-07-29,5,59.99,10
281,714,ORD-000281,180,4,6,2022-07-25,2022-07-29,2,699.99,5
281,715,ORD-000281,180,1,6,2022-07-25,2022-07-29,1,899.99,20
281,716,ORD-000281,180,10,6,2022-07-25,2022-07-29,4,39.99,10
282,717,ORD-000282,112,24,3,2022-05-12,2022-05-17,1,89.99,10
282,718,ORD-000282,112,3,3,2022-05-12,2022-05-17,4,1599.99,5
283,719,ORD-000283,158,12,21,2024-12-03,2024-12-08,4,59.99,5
284,720,ORD-000284,3,3,7,2024-11-27,2024-12-02,5,1599.99,10
284,721,ORD-000284,3,34,7,2024-11-27,2024-12-02,2,89.99,10
285,722,ORD-000285,44,1,22,2022-03-15,2022-03-21,2,899.99,0
285,723,ORD-000285,44,18,22,2022-03-15,2022-03-21,4,129.99,0
286,724,ORD-000286,172,34,13,2024-04-10,2024-04-20,1,89.99,15
286,725,ORD-000286,172,5,13,2024-04-10,2024-04-20,1,549.99,10
287,726,ORD-000287,73,15,24,2023-12-14,2023-12-20,5,49.99,0
287,727,ORD-000287,73,30,24,2023-12-14,2023-12-20,4,29.99,10
287,728,ORD-000287,73,1,24,2023-12-14,2023-12-20,3,899.99,0
288,729,ORD-000288,105,33,17,2022-08-07,2022-08-16,3,24.99,0
289,730,ORD-000289,30,29,26,2024-11-17,2024-11-22,4,44.99,10
289,731,ORD-000289,30,31,26,2024-11-17,2024-11-22,2,19.99,20
289,732,ORD-000289,30,22,26,2024-11-17,2024-11-22,4,59.99,15
290,733,ORD-000290,118,17,29,2022-02-26,2022-03-06,1,34.99,5
291,734,ORD-000291,163,27,26,2023-03-28,2023-04-01,3,24.99,10
291,735,ORD-000291,163,35,26,2023-03-28,2023-04-01,1,24.99,15
291,736,ORD-000291,163,17,26,2023-03-28,2023-04-01,2,34.99,0
292,737,ORD-000292,24,31,13,2023-12-02,2023-12-04,3,19.99,0
292,738,ORD-000292,24,14,13,2023-12-02,2023-12-04,5,34.99,0
293,739,ORD-000293,47,16,24,2023-01-25,2023-02-02,2,39.99,20
293,740,ORD-000293,47,17,24,2023-01-25,2023-02-02,2,34.99,0
294,741,ORD-000294,52,10,27,2023-05-27,2023-06-06,1,39.99,0
294,742,ORD-000294,52,6,27,2023-05-27,2023-06-06,4,299.99,10
294,743,ORD-000294,52,1,27,2023-05-27,2023-06-06,5,899.99,0
295,744,ORD-000295,124,32,12,2023-10-08,2023-10-16,2,14.99,20
295,745,ORD-000295,124,33,12,2023-10-08,2023-10-16,3,24.99,5
295,746,ORD-000295,124,15,12,2023-10-08,2023-10-16,5,49.99,0
296,747,ORD-000296,14,33,17,2024-05-16,2024-05-24,3,24.99,5
297,748,ORD-000297,176,34,25,2022-12-24,2023-01-01,4,89.99,0
298,749,ORD-000298,177,38,1,2022-01-25,2022-01-29,1,34.99,0
298,750,ORD-000298,177,24,1,2022-01-25,2022-01-29,5,89.99,20
298,751,ORD-000298,177,17,1,2022-01-25,2022-01-29,2,34.99,10
298,752,ORD-000298,177,17,1,2022-01-25,2022-01-29,2,34.99,0
299,753,ORD-000299,121,32,20,2023-12-04,2023-12-10,4,14.99,0
299,754,ORD-000299,121,27,20,2023-12-04,2023-12-10,3,24.99,0
300,755,ORD-000300,103,37,9,2024-07-12,2024-07-15,2,24.99,20
300,756,ORD-000300,103,7,9,2024-07-12,2024-07-15,3,49.99,20
301,757,ORD-000301,61,10,18,2024-06-04,2024-06-11,2,39.99,5
301,758,ORD-000301,61,1,18,2024-06-04,2024-06-11,2,899.99,5
302,759,ORD-000302,128,32,5,2024-11-24,2024-12-03,3,14.99,0
302,760,ORD-000302,128,36,5,2024-11-24,2024-12-03,5,149.99,0
302,761,ORD-000302,128,26,5,2024-11-24,2024-12-03,1,79.99,15
303,762,ORD-000303,42,7,2,2023-03-18,2023-03-23,4,49.99,15
303,763,ORD-000303,42,22,2,2023-03-18,2023-03-23,3,59.99,0
303,764,ORD-000303,42,24,2,2023-03-18,2023-03-23,5,89.99,10
303,765,ORD-000303,42,17,2,2023-03-18,2023-03-23,3,34.99,0
304,766,ORD-000304,106,37,4,2023-12-21,2023-12-31,5,24.99,15
304,767,ORD-000304,106,35,4,2023-12-21,2023-12-31,2,24.99,20
305,768,ORD-000305,73,29,12,2023-10-28,2023-11-06,1,44.99,5
305,769,ORD-000305,73,40,12,2023-10-28,2023-11-06,3,12.99,5
305,770,ORD-000305,73,10,12,2023-10-28,2023-11-06,2,39.99,15
305,771,ORD-000305,73,22,12,2023-10-28,2023-11-06,4,59.99,15
306,772,ORD-000306,157,11,19,2024-04-08,2024-04-10,3,19.99,0
307,773,ORD-000307,81,18,11,2023-08-20,2023-08-25,4,129.99,20
307,774,ORD-000307,81,24,11,2023-08-20,2023-08-25,5,89.99,10
307,775,ORD-000307,81,29,11,2023-08-20,2023-08-25,4,44.99,0
307,776,ORD-000307,81,12,11,2023-08-20,2023-08-25,1,59.99,0
308,777,ORD-000308,187,11,8,2023-05-31,2023-06-02,4,19.99,0
308,778,ORD-000308,187,7,8,2023-05-31,2023-06-02,1,49.99,5
309,779,ORD-000309,141,7,2,2022-02-23,2022-03-02,3,49.99,10
310,780,ORD-000310,40,16,3,2024-03-09,2024-03-14,3,39.99,5
310,781,ORD-000310,40,9,3,2024-03-09,2024-03-14,2,79.99,10
311,782,ORD-000311,44,31,1,2022-03-13,2022-03-19,4,19.99,20
311,783,ORD-000311,44,35,1,2022-03-13,2022-03-19,3,24.99,10
311,784,ORD-000311,44,29,1,2022-03-13,2022-03-19,2,44.99,15
312,785,ORD-000312,139,34,6,2024-07-24,2024-08-03,5,89.99,0
312,786,ORD-000312,139,23,6,2024-07-24,2024-08-03,4,49.99,10
312,787,ORD-000312,139,15,6,2024-07-24,2024-08-03,1,49.99,5
312,788,ORD-000312,139,20,6,2024-07-24,2024-08-03,3,29.99,5
313,789,ORD-000313,67,34,5,2023-09-14,2023-09-15,2,89.99,0
314,790,ORD-000314,74,31,16,2024-12-31,2025-01-01,3,19.99,0
314,791,ORD-000314,74,28,16,2024-12-31,2025-01-01,3,39.99,10
314,792,ORD-000314,74,15,16,2024-12-31,2025-01-01,1,49.99,10
314,793,ORD-000314,74,24,16,2024-12-31,2025-01-01,2,89.99,5
315,794,ORD-000315,144,25,14,2024-03-19,2024-03-23,4,59.99,0
315,795,ORD-000315,144,17,14,2024-03-19,2024-03-23,1,34.99,5
316,796,ORD-000316,161,19,8,2024-11-24,2024-12-04,5,14.99,20
316,797,ORD-000316,161,18,8,2024-11-24,2024-12-04,4,129.99,0
316,798,ORD-000316,161,5,8,2024-11-24,2024-12-04,2,549.99,0
317,799,ORD-000317,75,18,4,2024-07-21,2024-07-31,5,129.99,5
317,800,ORD-000317,75,13,4,2024-07-21,2024-07-31,3,49.99,0
317,801,ORD-000317,75,10,4,2024-07-21,2024-07-31,1,39.99,10
317,802,ORD-000317,75,2,4,2024-07-21,2024-07-31,2,1199.99,0
318,803,ORD-000318,73,15,9,2022-09-14,2022-09-22,1,49.99,0
319,804,ORD-000319,4,20,16,2023-03-21,2023-03-27,4,29.99,0
319,805,ORD-000319,4,30,16,2023-03-21,2023-03-27,1,29.99,0
319,806,ORD-000319,4,6,16,2023-03-21,2023-03-27,2,299.99,0
319,807,ORD-000319,4,18,16,2023-03-21,2023-03-27,4,129.99,0
320,808,ORD-000320,140,25,16,2023-01-07,2023-01-11,1,59.99,0
320,809,ORD-000320,140,16,16,2023-01-07,2023-01-11,4,39.99,20
320,810,ORD-000320,140,29,16,2023-01-07,2023-01-11,2,44.99,15
321,811,ORD-000321,9,31,7,2024-08-01,2024-08-03,4,19.99,15
321,812,ORD-000321,9,20,7,2024-08-01,2024-08-03,3,29.99,0
322,813,ORD-000322,162,17,24,2022-03-28,2022-04-06,4,34.99,15
323,814,ORD-000323,77,8,7,2024-01-09,2024-01-10,2,29.99,15
323,815,ORD-000323,77,28,7,2024-01-09,2024-01-10,3,39.99,0
324,816,ORD-000324,43,26,26,2023-07-20,2023-07-30,2,79.99,0
325,817,ORD-000325,11,24,19,2024-08-31,2024-09-10,1,89.99,0
325,818,ORD-000325,11,11,19,2024-08-31,2024-09-10,4,19.99,0
326,819,ORD-000326,176,23,20,2023-11-25,2023-11-26,2,49.99,15
327,820,ORD-000327,138,15,26,2022-08-08,2022-08-11,3,49.99,10
327,821,ORD-000327,138,23,26,2022-08-08,2022-08-11,4,49.99,15
327,822,ORD-000327,138,13,26,2022-08-08,2022-08-11,1,49.99,15
327,823,ORD-000327,138,25,26,2022-08-08,2022-08-11,3,59.99,15
328,824,ORD-000328,35,36,9,2022-03-22,2022-03-30,3,149.99,10
328,825,ORD-000328,35,32,9,2022-03-22,2022-03-30,2,14.99,10
328,826,ORD-000328,35,12,9,2022-03-22,2022-03-30,5,59.99,0
328,827,ORD-000328,35,21,9,2022-03-22,2022-03-30,4,34.99,0
329,828,ORD-000329,154,29,30,2022-11-25,2022-11-27,3,44.99,20
329,829,ORD-000329,154,17,30,2022-11-25,2022-11-27,5,34.99,0
330,830,ORD-000330,117,2,1,2024-11-02,2024-11-09,5,1199.99,20
330,831,ORD-000330,117,24,1,2024-11-02,2024-11-09,5,89.99,0
331,832,ORD-000331,83,13,24,2022-05-10,2022-05-19,5,49.99,15
331,833,ORD-000331,83,32,24,2022-05-10,2022-05-19,5,14.99,0
331,834,ORD-000331,83,40,24,2022-05-10,2022-05-19,3,12.99,0
331,835,ORD-000331,83,27,24,2022-05-10,2022-05-19,3,24.99,0
332,836,ORD-000332,25,12,17,2022-05-17,2022-05-18,1,59.99,0
332,837,ORD-000332,25,7,17,2022-05-17,2022-05-18,4,49.99,0
333,838,ORD-000333,26,4,2,2024-03-06,2024-03-14,3,699.99,0
333,839,ORD-000333,26,39,2,2024-03-06,2024-03-14,1,14.99,0
333,840,ORD-000333,26,14,2,2024-03-06,2024-03-14,4,34.99,20
334,841,ORD-000334,21,24,15,2022-05-05,2022-05-11,1,89.99,20
334,842,ORD-000334,21,40,15,2022-05-05,2022-05-11,3,12.99,10
334,843,ORD-000334,21,3,15,2022-05-05,2022-05-11,1,1599.99,20
334,844,ORD-000334,21,20,15,2022-05-05,2022-05-11,1,29.99,0
335,845,ORD-000335,133,13,4,2022-07-27,2022-07-31,2,49.99,10
335,846,ORD-000335,133,16,4,2022-07-27,2022-07-31,5,39.99,15
335,847,ORD-000335,133,12,4,2022-07-27,2022-07-31,5,59.99,15
335,848,ORD-000335,133,36,4,2022-07-27,2022-07-31,4,149.99,15
336,849,ORD-000336,28,7,25,2024-01-04,2024-01-12,2,49.99,20
336,850,ORD-000336,28,12,25,2024-01-04,2024-01-12,5,59.99,5
336,851,ORD-000336,28,33,25,2024-01-04,2024-01-12,3,24.99,15
336,852,ORD-000336,28,11,25,2024-01-04,2024-01-12,5,19.99,10
337,853,ORD-000337,114,24,30,2023-12-23,2023-12-29,4,89.99,20
337,854,ORD-000337,114,28,30,2023-12-23,2023-12-29,3,39.99,10
337,855,ORD-000337,114,16,30,2023-12-23,2023-12-29,5,39.99,10
338,856,ORD-000338,55,29,13,2023-06-05,2023-06-11,4,44.99,0
338,857,ORD-000338,55,3,13,2023-06-05,2023-06-11,3,1599.99,10
338,858,ORD-000338,55,2,13,2023-06-05,2023-06-11,5,1199.99,0
338,859,ORD-000338,55,20,13,2023-06-05,2023-06-11,1,29.99,0
339,860,ORD-000339,57,36,7,2023-10-07,2023-10-08,5,149.99,10
339,861,ORD-000339,57,37,7,2023-10-07,2023-10-08,5,24.99,0
339,862,ORD-000339,57,7,7,2023-10-07,2023-10-08,1,49.99,5
340,863,ORD-000340,92,38,5,2022-10-11,2022-10-16,2,34.99,0
340,864,ORD-000340,92,17,5,2022-10-11,2022-10-16,3,34.99,0
340,865,ORD-000340,92,37,5,2022-10-11,2022-10-16,4,24.99,10
341,866,ORD-000341,56,12,24,2022-06-08,2022-06-14,4,59.99,20
341,867,ORD-000341,56,37,24,2022-06-08,2022-06-14,1,24.99,10
341,868,ORD-000341,56,20,24,2022-06-08,2022-06-14,1,29.99,15
341,869,ORD-000341,56,37,24,2022-06-08,2022-06-14,4,24.99,0
342,870,ORD-000342,200,27,2,2023-11-16,2023-11-22,1,24.99,20
342,871,ORD-000342,200,15,2,2023-11-16,2023-11-22,5,49.99,0
342,872,ORD-000342,200,25,2,2023-11-16,2023-11-22,1,59.99,0
342,873,ORD-000342,200,34,2,2023-11-16,2023-11-22,1,89.99,0
343,874,ORD-000343,139,10,19,2022-11-03,2022-11-09,1,39.99,15
343,875,ORD-000343,139,26,19,2022-11-03,2022-11-09,4,79.99,20
344,876,ORD-000344,153,28,19,2024-10-30,2024-11-01,3,39.99,20
344,877,ORD-000344,153,26,19,2024-10-30,2024-11-01,2,79.99,0
345,878,ORD-000345,87,36,3,2024-09-01,2024-09-11,4,149.99,0
346,879,ORD-000346,22,9,13,2024-10-24,2024-10-31,4,79.99,10
346,880,ORD-000346,22,13,13,2024-10-24,2024-10-31,4,49.99,5
347,881,ORD-000347,167,16,19,2023-02-06,2023-02-15,1,39.99,0
347,882,ORD-000347,167,28,19,2023-02-06,2023-02-15,3,39.99,15
348,883,ORD-000348,148,24,3,2022-08-19,2022-08-26,3,89.99,0
348,884,ORD-000348,148,21,3,2022-08-19,2022-08-26,3,34.99,10
348,885,ORD-000348,148,2,3,2022-08-19,2022-08-26,3,1199.99,0
348,886,ORD-000348,148,23,3,2022-08-19,2022-08-26,5,49.99,20
349,887,ORD-000349,114,15,20,2022-10-26,2022-11-03,2,49.99,15
350,888,ORD-000350,96,16,5,2022-06-25,2022-06-27,5,39.99,0
351,889,ORD-000351,74,29,1,2023-12-05,2023-12-07,4,44.99,0
351,890,ORD-000351,74,22,1,2023-12-05,2023-12-07,2,59.99,15
351,891,ORD-000351,74,35,1,2023-12-05,2023-12-07,2,24.99,0
352,892,ORD-000352,140,40,17,2023-06-14,2023-06-23,2,12.99,15
352,893,ORD-000352,140,2,17,2023-06-14,2023-06-23,4,1199.99,10
352,894,ORD-000352,140,34,17,2023-06-14,2023-06-23,1,89.99,0
352,895,ORD-000352,140,11,17,2023-06-14,2023-06-23,1,19.99,0
353,896,ORD-000353,52,1,26,2023-07-10,2023-07-11,1,899.99,5
353,897,ORD-000353,52,18,26,2023-07-10,2023-07-11,3,129.99,20
353,898,ORD-000353,52,7,26,2023-07-10,2023-07-11,1,49.99,0
353,899,ORD-000353,52,25,26,2023-07-10,2023-07-11,2,59.99,5
354,900,ORD-000354,131,39,23,2022-07-23,2022-07-29,5,14.99,0
354,901,ORD-000354,131,12,23,2022-07-23,2022-07-29,2,59.99,10
354,902,ORD-000354,131,30,23,2022-07-23,2022-07-29,5,29.99,15
354,903,ORD-000354,131,2,23,2022-07-23,2022-07-29,1,1199.99,0
355,904,ORD-000355,136,11,10,2023-11-15,2023-11-23,1,19.99,0
355,905,ORD-000355,136,23,10,2023-11-15,2023-11-23,3,49.99,15
355,906,ORD-000355,136,20,10,2023-11-15,2023-11-23,2,29.99,10
355,907,ORD-000355,136,18,10,2023-11-15,2023-11-23,1,129.99,15
356,908,ORD-000356,66,15,29,2024-03-03,2024-03-04,2,49.99,0
356,909,ORD-000356,66,26,29,2024-03-03,2024-03-04,2,79.99,0
356,910,ORD-000356,66,25,29,2024-03-03,2024-03-04,5,59.99,15
357,911,ORD-000357,157,37,28,2023-04-11,2023-04-18,2,24.99,5
357,912,ORD-000357,157,20,28,2023-04-11,2023-04-18,5,29.99,0
358,913,ORD-000358,115,38,18,2022-09-27,2022-10-01,5,34.99,15
358,914,ORD-000358,115,13,18,2022-09-27,2022-10-01,2,49.99,0
359,915,ORD-000359,177,10,23,2024-12-08,2024-12-11,5,39.99,0
359,916,ORD-000359,177,21,23,2024-12-08,2024-12-11,1,34.99,10
359,917,ORD-000359,177,35,23,2024-12-08,2024-12-11,1,24.99,0
359,918,ORD-000359,177,21,23,2024-12-08,2024-12-11,2,34.99,15
360,919,ORD-000360,8,20,25,2023-10-15,2023-10-22,4,29.99,15
360,920,ORD-000360,8,18,25,2023-10-15,2023-10-22,2,129.99,20
360,921,ORD-000360,8,13,25,2023-10-15,2023-10-22,1,49.99,0
360,922,ORD-000360,8,12,25,2023-10-15,2023-10-22,1,59.99,20
361,923,ORD-000361,157,39,20,2023-07-01,2023-07-11,2,14.99,0
361,924,ORD-000361,157,2,20,2023-07-01,2023-07-11,3,1199.99,0
362,925,ORD-000362,177,24,25,2024-09-03,2024-09-06,2,89.99,20
362,926,ORD-000362,177,25,25,2024-09-03,2024-09-06,4,59.99,5
362,927,ORD-000362,177,9,25,2024-09-03,2024-09-06,2,79.99,0
362,928,ORD-000362,177,15,25,2024-09-03,2024-09-06,1,49.99,5
363,929,ORD-000363,196,13,1,2023-07-07,2023-07-14,2,49.99,0
363,930,ORD-000363,196,12,1,2023-07-07,2023-07-14,4,59.99,20
364,931,ORD-000364,158,28,16,2023-10-28,2023-11-05,4,39.99,20
364,932,ORD-000364,158,3,16,2023-10-28,2023-11-05,5,1599.99,15
365,933,ORD-000365,98,34,24,2023-10-03,2023-10-10,1,89.99,5
366,934,ORD-000366,117,3,27,2022-03-28,2022-04-01,5,1599.99,5
366,935,ORD-000366,117,34,27,2022-03-28,2022-04-01,1,89.99,0
366,936,ORD-000366,117,19,27,2022-03-28,2022-04-01,4,14.99,5
366,937,ORD-000366,117,20,27,2022-03-28,2022-04-01,3,29.99,5
367,938,ORD-000367,43,34,14,2023-08-26,2023-09-05,2,89.99,5
368,939,ORD-000368,166,12,15,2022-07-05,2022-07-14,5,59.99,15
369,940,ORD-000369,140,29,5,2024-03-16,2024-03-23,1,44.99,0
369,941,ORD-000369,140,30,5,2024-03-16,2024-03-23,5,29.99,15
369,942,ORD-000369,140,13,5,2024-03-16,2024-03-23,4,49.99,0
370,943,ORD-000370,65,8,11,2022-12-02,2022-12-04,4,29.99,15
371,944,ORD-000371,93,25,3,2024-12-08,2024-12-15,5,59.99,5
371,945,ORD-000371,93,3,3,2024-12-08,2024-12-15,2,1599.99,0
372,946,ORD-000372,145,12,28,2022-11-04,2022-11-07,1,59.99,5
372,947,ORD-000372,145,20,28,2022-11-04,2022-11-07,3,29.99,15
373,948,ORD-000373,197,9,15,2023-08-15,2023-08-18,2,79.99,0
374,949,ORD-000374,160,32,25,2023-06-03,2023-06-04,4,14.99,10
374,950,ORD-000374,160,1,25,2023-06-03,2023-06-04,5,899.99,5
374,951,ORD-000374,160,16,25,2023-06-03,2023-06-04,2,39.99,10
374,952,ORD-000374,160,31,25,2023-06-03,2023-06-04,4,19.99,5
375,953,ORD-000375,114,40,3,2022-01-14,2022-01-18,5,12.99,20
375,954,ORD-000375,114,14,3,2022-01-14,2022-01-18,1,34.99,0
375,955,ORD-000375,114,10,3,2022-01-14,2022-01-18,1,39.99,15
376,956,ORD-000376,90,22,2,2022-10-25,2022-10-26,1,59.99,0
376,957,ORD-000376,90,7,2,2022-10-25,2022-10-26,4,49.99,0
376,958,ORD-000376,90,11,2,2022-10-25,2022-10-26,3,19.99,10
377,959,ORD-000377,170,3,23,2022-12-30,2023-01-07,1,1599.99,20
377,960,ORD-000377,170,20,23,2022-12-30,2023-01-07,3,29.99,0
377,961,ORD-000377,170,25,23,2022-12-30,2023-01-07,1,59.99,20
378,962,ORD-000378,110,9,27,2022-05-13,2022-05-18,1,79.99,15
378,963,ORD-000378,110,18,27,2022-05-13,2022-05-18,3,129.99,10
378,964,ORD-000378,110,27,27,2022-05-13,2022-05-18,5,24.99,0
378,965,ORD-000378,110,14,27,2022-05-13,2022-05-18,5,34.99,0
379,966,ORD-000379,28,39,19,2024-12-19,2024-12-21,3,14.99,5
379,967,ORD-000379,28,39,19,2024-12-19,2024-12-21,3,14.99,0
379,968,ORD-000379,28,34,19,2024-12-19,2024-12-21,5,89.99,10
379,969,ORD-000379,28,23,19,2024-12-19,2024-12-21,2,49.99,10
380,970,ORD-000380,145,12,16,2024-11-30,2024-12-08,5,59.99,0
380,971,ORD-000380,145,19,16,2024-11-30,2024-12-08,2,14.99,0
380,972,ORD-000380,145,8,16,2024-11-30,2024-12-08,1,29.99,5
380,973,ORD-000380,145,8,16,2024-11-30,2024-12-08,2,29.99,20
381,974,ORD-000381,158,23,14,2024-04-27,2024-04-28,5,49.99,20
381,975,ORD-000381,158,14,14,2024-04-27,2024-04-28,1,34.99,15
381,976,ORD-000381,158,13,14,2024-04-27,2024-04-28,3,49.99,0
382,977,ORD-000382,18,1,10,2023-09-07,2023-09-16,1,899.99,15
382,978,ORD-000382,18,22,10,2023-09-07,2023-09-16,3,59.99,5
382,979,ORD-000382,18,37,10,2023-09-07,2023-09-16,5,24.99,0
383,980,ORD-000383,45,31,7,2023-11-08,2023-11-14,1,19.99,15
383,981,ORD-000383,45,9,7,2023-11-08,2023-11-14,4,79.99,0
383,982,ORD-000383,45,30,7,2023-11-08,2023-11-14,5,29.99,0
383,983,ORD-000383,45,30,7,2023-11-08,2023-11-14,4,29.99,15
384,984,ORD-000384,15,36,27,2024-12-03,2024-12-08,5,149.99,0
384,985,ORD-000384,15,14,27,2024-12-03,2024-12-08,5,34.99,15
384,986,ORD-000384,15,22,27,2024-12-03,2024-12-08,3,59.99,0
385,987,ORD-000385,39,35,9,2022-03-05,2022-03-11,2,24.99,10
385,988,ORD-000385,39,39,9,2022-03-05,2022-03-11,4,14.99,0
385,989,ORD-000385,39,39,9,2022-03-05,2022-03-11,1,14.99,20
385,990,ORD-000385,39,20,9,2022-03-05,2022-03-11,3,29.99,15
386,991,ORD-000386,9,16,9,2024-04-27,2024-04-29,3,39.99,5
386,992,ORD-000386,9,20,9,2024-04-27,2024-04-29,2,29.99,10
386,993,ORD-000386,9,20,9,2024-04-27,2024-04-29,2,29.99,0
386,994,ORD-000386,9,24,9,2024-04-27,2024-04-29,1,89.99,20
387,995,ORD-000387,52,31,30,2022-07-09,2022-07-17,5,19.99,0
388,996,ORD-000388,49,21,11,2024-09-17,2024-09-26,2,34.99,20
388,997,ORD-000388,49,7,11,2024-09-17,2024-09-26,5,49.99,15
388,998,ORD-000388,49,9,11,2024-09-17,2024-09-26,2,79.99,15
389,999,ORD-000389,10,1,15,2024-03-04,2024-03-13,3,899.99,0
390,1000,ORD-000390,176,3,28,2022-06-28,2022-07-04,1,1599.99,10
390,1001,ORD-000390,176,20,28,2022-06-28,2022-07-04,1,29.99,10
390,1002,ORD-000390,176,20,28,2022-06-28,2022-07-04,2,29.99,0
390,1003,ORD-000390,176,13,28,2022-06-28,2022-07-04,2,49.99,0
391,1004,ORD-000391,71,18,18,2023-10-16,2023-10-24,2,129.99,0
392,1005,ORD-000392,71,14,4,2022-02-01,2022-02-11,5,34.99,0
393,1006,ORD-000393,141,37,11,2023-07-10,2023-07-13,2,24.99,0
393,1007,ORD-000393,141,5,11,2023-07-10,2023-07-13,3,549.99,10
393,1008,ORD-000393,141,22,11,2023-07-10,2023-07-13,5,59.99,5
394,1009,ORD-000394,13,7,5,2022-03-01,2022-03-09,4,49.99,0
395,1010,ORD-000395,23,40,14,2024-03-13,2024-03-16,3,12.99,0
395,1011,ORD-000395,23,22,14,2024-03-13,2024-03-16,2,59.99,15
395,1012,ORD-000395,23,35,14,2024-03-13,2024-03-16,1,24.99,20
395,1013,ORD-000395,23,30,14,2024-03-13,2024-03-16,5,29.99,0
396,1014,ORD-000396,24,20,27,2024-08-17,2024-08-19,4,29.99,5
396,1015,ORD-000396,24,15,27,2024-08-17,2024-08-19,2,49.99,0
396,1016,ORD-000396,24,40,27,2024-08-17,2024-08-19,3,12.99,0
396,1017,ORD-000396,24,26,27,2024-08-17,2024-08-19,2,79.99,15
397,1018,ORD-000397,171,2,11,2023-10-28,2023-11-05,1,1199.99,5
397,1019,ORD-000397,171,8,11,2023-10-28,2023-11-05,3,29.99,5
397,1020,ORD-000397,171,30,11,2023-10-28,2023-11-05,2,29.99,0
397,1021,ORD-000397,171,23,11,2023-10-28,2023-11-05,5,49.99,10
398,1022,ORD-000398,33,21,17,2022-07-30,2022-08-06,5,34.99,15
399,1023,ORD-000399,19,26,26,2023-09-11,2023-09-20,5,79.99,5
399,1024,ORD-000399,19,16,26,2023-09-11,2023-09-20,5,39.99,0
399,1025,ORD-000399,19,36,26,2023-09-11,2023-09-20,2,149.99,5
399,1026,ORD-000399,19,25,26,2023-09-11,2023-09-20,1,59.99,0
400,1027,ORD-000400,54,35,27,2024-06-01,2024-06-08,2,24.99,0
400,1028,ORD-000400,54,5,27,2024-06-01,2024-06-08,5,549.99,20
400,1029,ORD-000400,54,32,27,2024-06-01,2024-06-08,1,14.99,10
401,1030,ORD-000401,153,29,15,2023-10-29,2023-11-07,2,44.99,0
402,1031,ORD-000402,104,21,3,2022-08-11,2022-08-21,4,34.99,15
402,1032,ORD-000402,104,4,3,2022-08-11,2022-08-21,1,699.99,0
402,1033,ORD-000402,104,9,3,2022-08-11,2022-08-21,5,79.99,20
402,1034,ORD-000402,104,1,3,2022-08-11,2022-08-21,2,899.99,15
403,1035,ORD-000403,39,40,15,2024-12-24,2024-12-29,5,12.99,5
403,1036,ORD-000403,39,13,15,2024-12-24,2024-12-29,2,49.99,15
403,1037,ORD-000403,39,21,15,2024-12-24,2024-12-29,3,34.99,10
403,1038,ORD-000403,39,20,15,2024-12-24,2024-12-29,4,29.99,15
404,1039,ORD-000404,89,9,3,2022-01-17,2022-01-27,3,79.99,0
404,1040,ORD-000404,89,24,3,2022-01-17,2022-01-27,5,89.99,0
404,1041,ORD-000404,89,1,3,2022-01-17,2022-01-27,5,899.99,20
404,1042,ORD-000404,89,23,3,2022-01-17,2022-01-27,1,49.99,20
405,1043,ORD-000405,73,38,28,2022-03-05,2022-03-09,4,34.99,15
405,1044,ORD-000405,73,21,28,2022-03-05,2022-03-09,4,34.99,5
405,1045,ORD-000405,73,25,28,2022-03-05,2022-03-09,4,59.99,10
405,1046,ORD-000405,73,14,28,2022-03-05,2022-03-09,2,34.99,5
406,1047,ORD-000406,36,10,7,2024-02-27,2024-03-04,3,39.99,20
406,1048,ORD-000406,36,9,7,2024-02-27,2024-03-04,2,79.99,0
406,1049,ORD-000406,36,5,7,2024-02-27,2024-03-04,1,549.99,0
406,1050,ORD-000406,36,32,7,2024-02-27,2024-03-04,4,14.99,0
407,1051,ORD-000407,22,40,5,2024-05-01,2024-05-09,2,12.99,5
407,1052,ORD-000407,22,33,5,2024-05-01,2024-05-09,4,24.99,10
407,1053,ORD-000407,22,29,5,2024-05-01,2024-05-09,4,44.99,0
407,1054,ORD-000407,22,15,5,2024-05-01,2024-05-09,2,49.99,5
408,1055,ORD-000408,155,27,1,2024-10-17,2024-10-21,5,24.99,10
408,1056,ORD-000408,155,24,1,2024-10-17,2024-10-21,1,89.99,0
408,1057,ORD-000408,155,37,1,2024-10-17,2024-10-21,4,24.99,15
409,1058,ORD-000409,95,34,4,2024-09-13,2024-09-15,3,89.99,5
409,1059,ORD-000409,95,34,4,2024-09-13,2024-09-15,1,89.99,10
410,1060,ORD-000410,157,35,3,2023-05-18,2023-05-26,5,24.99,0
411,1061,ORD-000411,157,31,2,2023-12-05,2023-12-14,4,19.99,10
412,1062,ORD-000412,121,19,19,2023-11-10,2023-11-17,3,14.99,0
412,1063,ORD-000412,121,3,19,2023-11-10,2023-11-17,5,1599.99,15
412,1064,ORD-000412,121,20,19,2023-11-10,2023-11-17,5,29.99,0
413,1065,ORD-000413,16,37,21,2024-08-27,2024-09-06,1,24.99,15
413,1066,ORD-000413,16,19,21,2024-08-27,2024-09-06,5,14.99,0
414,1067,ORD-000414,74,18,16,2022-06-18,2022-06-21,3,129.99,0
415,1068,ORD-000415,158,8,9,2023-07-18,2023-07-23,5,29.99,0
416,1069,ORD-000416,152,12,24,2022-11-06,2022-11-14,3,59.99,20
416,1070,ORD-000416,152,16,24,2022-11-06,2022-11-14,4,39.99,0
416,1071,ORD-000416,152,34,24,2022-11-06,2022-11-14,1,89.99,0
417,1072,ORD-000417,22,25,5,2022-11-12,2022-11-20,2,59.99,15
417,1073,ORD-000417,22,29,5,2022-11-12,2022-11-20,2,44.99,0
417,1074,ORD-000417,22,37,5,2022-11-12,2022-11-20,3,24.99,0
417,1075,ORD-000417,22,17,5,2022-11-12,2022-11-20,1,34.99,0
418,1076,ORD-000418,43,31,15,2024-03-27,2024-04-04,5,19.99,0
418,1077,ORD-000418,43,25,15,2024-03-27,2024-04-04,4,59.99,5
418,1078,ORD-000418,43,17,15,2024-03-27,2024-04-04,2,34.99,10
419,1079,ORD-000419,112,21,1,2023-08-15,2023-08-23,5,34.99,15
419,1080,ORD-000419,112,3,1,2023-08-15,2023-08-23,1,1599.99,10
419,1081,ORD-000419,112,23,1,2023-08-15,2023-08-23,4,49.99,10
419,1082,ORD-000419,112,18,1,2023-08-15,2023-08-23,3,129.99,0
420,1083,ORD-000420,69,30,26,2022-07-21,2022-07-26,2,29.99,15
420,1084,ORD-000420,69,38,26,2022-07-21,2022-07-26,2,34.99,10
420,1085,ORD-000420,69,22,26,2022-07-21,2022-07-26,2,59.99,0
420,1086,ORD-000420,69,36,26,2022-07-21,2022-07-26,1,149.99,15
421,1087,ORD-000421,3,7,27,2022-05-20,2022-05-21,5,49.99,0
421,1088,ORD-000421,3,29,27,2022-05-20,2022-05-21,3,44.99,0
421,1089,ORD-000421,3,19,27,2022-05-20,2022-05-21,3,14.99,0
421,1090,ORD-000421,3,3,27,2022-05-20,2022-05-21,1,1599.99,10
422,1091,ORD-000422,24,8,2,2023-03-21,2023-03-31,1,29.99,20
423,1092,ORD-000423,155,8,5,2024-02-09,2024-02-19,2,29.99,0
423,1093,ORD-000423,155,19,5,2024-02-09,2024-02-19,4,14.99,15
424,1094,ORD-000424,20,21,21,2024-07-17,2024-07-22,3,34.99,0
424,1095,ORD-000424,20,5,21,2024-07-17,2024-07-22,3,549.99,20
424,1096,ORD-000424,20,4,21,2024-07-17,2024-07-22,4,699.99,5
424,1097,ORD-000424,20,22,21,2024-07-17,2024-07-22,1,59.99,0
425,1098,ORD-000425,68,13,6,2024-06-21,2024-06-23,5,49.99,5
425,1099,ORD-000425,68,12,6,2024-06-21,2024-06-23,4,59.99,0
425,1100,ORD-000425,68,10,6,2024-06-21,2024-06-23,5,39.99,20
425,1101,ORD-000425,68,28,6,2024-06-21,2024-06-23,2,39.99,10
426,1102,ORD-000426,165,3,4,2024-06-23,2024-06-28,1,1599.99,0
427,1103,ORD-000427,147,32,24,2023-05-29,2023-06-06,2,14.99,15
428,1104,ORD-000428,164,10,1,2022-03-19,2022-03-26,3,39.99,5
428,1105,ORD-000428,164,37,1,2022-03-19,2022-03-26,1,24.99,10
428,1106,ORD-000428,164,32,1,2022-03-19,2022-03-26,4,14.99,5
429,1107,ORD-000429,104,1,28,2022-05-24,2022-06-02,4,899.99,15
429,1108,ORD-000429,104,31,28,2022-05-24,2022-06-02,1,19.99,10
430,1109,ORD-000430,138,26,30,2024-01-06,2024-01-12,1,79.99,15
430,1110,ORD-000430,138,6,30,2024-01-06,2024-01-12,3,299.99,10
430,1111,ORD-000430,138,22,30,2024-01-06,2024-01-12,1,59.99,20
431,1112,ORD-000431,118,36,25,2023-08-17,2023-08-21,1,149.99,5
431,1113,ORD-000431,118,13,25,2023-08-17,2023-08-21,3,49.99,15
432,1114,ORD-000432,100,6,29,2022-08-07,2022-08-13,4,299.99,15
432,1115,ORD-000432,100,13,29,2022-08-07,2022-08-13,2,49.99,0
432,1116,ORD-000432,100,13,29,2022-08-07,2022-08-13,1,49.99,15
432,1117,ORD-000432,100,38,29,2022-08-07,2022-08-13,2,34.99,5
433,1118,ORD-000433,100,2,3,2023-09-23,2023-10-01,1,1199.99,0
433,1119,ORD-000433,100,4,3,2023-09-23,2023-10-01,3,699.99,20
433,1120,ORD-000433,100,3,3,2023-09-23,2023-10-01,4,1599.99,0
433,1121,ORD-000433,100,14,3,2023-09-23,2023-10-01,5,34.99,5
434,1122,ORD-000434,174,5,28,2022-11-02,2022-11-12,1,549.99,15
434,1123,ORD-000434,174,10,28,2022-11-02,2022-11-12,4,39.99,15
435,1124,ORD-000435,5,1,16,2022-04-04,2022-04-08,2,899.99,15
435,1125,ORD-000435,5,4,16,2022-04-04,2022-04-08,3,699.99,20
436,1126,ORD-000436,25,7,15,2022-12-16,2022-12-26,1,49.99,5
437,1127,ORD-000437,153,28,26,2023-03-28,2023-03-30,3,39.99,20
437,1128,ORD-000437,153,26,26,2023-03-28,2023-03-30,3,79.99,0
438,1129,ORD-000438,176,3,19,2022-10-09,2022-10-15,5,1599.99,0
438,1130,ORD-000438,176,22,19,2022-10-09,2022-10-15,1,59.99,0
439,1131,ORD-000439,71,36,5,2024-04-30,2024-05-03,2,149.99,5
439,1132,ORD-000439,71,16,5,2024-04-30,2024-05-03,5,39.99,0
439,1133,ORD-000439,71,9,5,2024-04-30,2024-05-03,1,79.99,20
440,1134,ORD-000440,162,32,20,2024-02-10,2024-02-13,1,14.99,0
441,1135,ORD-000441,2,27,6,2022-07-02,2022-07-12,4,24.99,15
441,1136,ORD-000441,2,9,6,2022-07-02,2022-07-12,2,79.99,0
441,1137,ORD-000441,2,18,6,2022-07-02,2022-07-12,5,129.99,5
442,1138,ORD-000442,106,39,8,2022-12-24,2023-01-03,2,14.99,15
443,1139,ORD-000443,128,27,20,2022-06-30,2022-07-05,1,24.99,10
443,1140,ORD-000443,128,16,20,2022-06-30,2022-07-05,2,39.99,0
443,1141,ORD-000443,128,34,20,2022-06-30,2022-07-05,1,89.99,10
444,1142,ORD-000444,93,14,28,2024-11-05,2024-11-09,3,34.99,0
444,1143,ORD-000444,93,13,28,2024-11-05,2024-11-09,1,49.99,20
444,1144,ORD-000444,93,10,28,2024-11-05,2024-11-09,4,39.99,5
444,1145,ORD-000444,93,12,28,2024-11-05,2024-11-09,2,59.99,15
445,1146,ORD-000445,12,28,2,2024-01-16,2024-01-21,3,39.99,0
445,1147,ORD-000445,12,40,2,2024-01-16,2024-01-21,4,12.99,0
446,1148,ORD-000446,27,11,24,2022-04-18,2022-04-27,1,19.99,5
446,1149,ORD-000446,27,33,24,2022-04-18,2022-04-27,1,24.99,0
447,1150,ORD-000447,61,27,24,2024-06-29,2024-07-09,2,24.99,15
447,1151,ORD-000447,61,21,24,2024-06-29,2024-07-09,2,34.99,20
447,1152,ORD-000447,61,8,24,2024-06-29,2024-07-09,3,29.99,0
448,1153,ORD-000448,26,15,8,2024-04-24,2024-04-28,1,49.99,5
448,1154,ORD-000448,26,38,8,2024-04-24,2024-04-28,4,34.99,0
448,1155,ORD-000448,26,28,8,2024-04-24,2024-04-28,2,39.99,0
448,1156,ORD-000448,26,40,8,2024-04-24,2024-04-28,4,12.99,0
449,1157,ORD-000449,100,23,12,2022-10-07,2022-10-15,3,49.99,0
449,1158,ORD-000449,100,22,12,2022-10-07,2022-10-15,2,59.99,0
450,1159,ORD-000450,178,8,19,2022-05-03,2022-05-08,4,29.99,5
450,1160,ORD-000450,178,27,19,2022-05-03,2022-05-08,2,24.99,20
451,1161,ORD-000451,88,40,8,2023-08-28,2023-09-07,2,12.99,10
451,1162,ORD-000451,88,36,8,2023-08-28,2023-09-07,2,149.99,0
452,1163,ORD-000452,106,38,28,2024-12-04,2024-12-12,4,34.99,20
452,1164,ORD-000452,106,30,28,2024-12-04,2024-12-12,3,29.99,0
453,1165,ORD-000453,187,28,14,2023-05-21,2023-05-25,5,39.99,0
453,1166,ORD-000453,187,38,14,2023-05-21,2023-05-25,2,34.99,10
453,1167,ORD-000453,187,1,14,2023-05-21,2023-05-25,4,899.99,0
454,1168,ORD-000454,11,34,16,2024-10-29,2024-10-30,4,89.99,5
454,1169,ORD-000454,11,7,16,2024-10-29,2024-10-30,4,49.99,5
454,1170,ORD-000454,11,16,16,2024-10-29,2024-10-30,1,39.99,10
454,1171,ORD-000454,11,1,16,2024-10-29,2024-10-30,4,899.99,0
455,1172,ORD-000455,34,2,12,2023-08-29,2023-09-02,4,1199.99,15
456,1173,ORD-000456,79,30,6,2024-07-29,2024-08-08,4,29.99,20
457,1174,ORD-000457,36,30,28,2024-04-10,2024-04-13,1,29.99,20
457,1175,ORD-000457,36,5,28,2024-04-10,2024-04-13,4,549.99,15
457,1176,ORD-000457,36,22,28,2024-04-10,2024-04-13,5,59.99,0
458,1177,ORD-000458,76,6,14,2023-07-07,2023-07-17,5,299.99,0
458,1178,ORD-000458,76,4,14,2023-07-07,2023-07-17,5,699.99,15
459,1179,ORD-000459,94,24,29,2022-04-16,2022-04-18,4,89.99,10
459,1180,ORD-000459,94,3,29,2022-04-16,2022-04-18,3,1599.99,0
459,1181,ORD-000459,94,12,29,2022-04-16,2022-04-18,5,59.99,15
459,1182,ORD-000459,94,5,29,2022-04-16,2022-04-18,5,549.99,15
460,1183,ORD-000460,199,35,7,2022-10-11,2022-10-17,1,24.99,15
460,1184,ORD-000460,199,31,7,2022-10-11,2022-10-17,5,19.99,20
461,1185,ORD-000461,180,18,7,2023-04-07,2023-04-13,5,129.99,15
461,1186,ORD-000461,180,28,7,2023-04-07,2023-04-13,3,39.99,0
461,1187,ORD-000461,180,5,7,2023-04-07,2023-04-13,3,549.99,0
462,1188,ORD-000462,116,31,16,2024-10-23,2024-11-01,5,19.99,15
463,1189,ORD-000463,137,5,29,2023-08-22,2023-08-30,2,549.99,5
463,1190,ORD-000463,137,6,29,2023-08-22,2023-08-30,1,299.99,5
463,1191,ORD-000463,137,12,29,2023-08-22,2023-08-30,3,59.99,0
464,1192,ORD-000464,28,32,6,2023-07-20,2023-07-22,2,14.99,20
464,1193,ORD-000464,28,14,6,2023-07-20,2023-07-22,5,34.99,15
465,1194,ORD-000465,6,31,10,2024-05-03,2024-05-12,3,19.99,5
465,1195,ORD-000465,6,29,10,2024-05-03,2024-05-12,1,44.99,0
466,1196,ORD-000466,49,27,3,2022-02-15,2022-02-19,5,24.99,0
466,1197,ORD-000466,49,21,3,2022-02-15,2022-02-19,4,34.99,10
466,1198,ORD-000466,49,34,3,2022-02-15,2022-02-19,5,89.99,5
467,1199,ORD-000467,118,17,10,2022-09-28,2022-10-03,2,34.99,5
467,1200,ORD-000467,118,24,10,2022-09-28,2022-10-03,3,89.99,20
468,1201,ORD-000468,13,11,5,2023-12-25,2023-12-30,5,19.99,0
468,1202,ORD-000468,13,35,5,2023-12-25,2023-12-30,3,24.99,0
468,1203,ORD-000468,13,12,5,2023-12-25,2023-12-30,2,59.99,0
468,1204,ORD-000468,13,16,5,2023-12-25,2023-12-30,1,39.99,0
469,1205,ORD-000469,82,24,19,2022-09-17,2022-09-25,2,89.99,0
469,1206,ORD-000469,82,36,19,2022-09-17,2022-09-25,1,149.99,15
469,1207,ORD-000469,82,21,19,2022-09-17,2022-09-25,3,34.99,0
470,1208,ORD-000470,96,8,15,2022-11-29,2022-12-08,1,29.99,5
470,1209,ORD-000470,96,32,15,2022-11-29,2022-12-08,2,14.99,5
470,1210,ORD-000470,96,21,15,2022-11-29,2022-12-08,2,34.99,0
471,1211,ORD-000471,190,31,18,2024-11-05,2024-11-11,3,19.99,20
471,1212,ORD-000471,190,37,18,2024-11-05,2024-11-11,2,24.99,20
471,1213,ORD-000471,190,37,18,2024-11-05,2024-11-11,4,24.99,0
472,1214,ORD-000472,177,36,4,2024-09-07,2024-09-08,1,149.99,0
472,1215,ORD-000472,177,2,4,2024-09-07,2024-09-08,4,1199.99,10
473,1216,ORD-000473,57,4,15,2024-01-02,2024-01-04,5,699.99,15
473,1217,ORD-000473,57,13,15,2024-01-02,2024-01-04,5,49.99,10
473,1218,ORD-000473,57,15,15,2024-01-02,2024-01-04,3,49.99,0
474,1219,ORD-000474,6,13,3,2024-07-01,2024-07-03,4,49.99,0
474,1220,ORD-000474,6,39,3,2024-07-01,2024-07-03,5,14.99,10
474,1221,ORD-000474,6,4,3,2024-07-01,2024-07-03,3,699.99,5
474,1222,ORD-000474,6,10,3,2024-07-01,2024-07-03,4,39.99,0
475,1223,ORD-000475,99,23,12,2022-01-25,2022-01-30,3,49.99,5
475,1224,ORD-000475,99,36,12,2022-01-25,2022-01-30,1,149.99,0
475,1225,ORD-000475,99,29,12,2022-01-25,2022-01-30,4,44.99,20
476,1226,ORD-000476,114,9,10,2022-12-02,2022-12-09,5,79.99,10
476,1227,ORD-000476,114,6,10,2022-12-02,2022-12-09,2,299.99,0
476,1228,ORD-000476,114,20,10,2022-12-02,2022-12-09,4,29.99,20
476,1229,ORD-000476,114,34,10,2022-12-02,2022-12-09,3,89.99,0
477,1230,ORD-000477,152,27,25,2024-02-09,2024-02-11,3,24.99,5
478,1231,ORD-000478,45,13,18,2024-08-04,2024-08-14,2,49.99,20
478,1232,ORD-000478,45,25,18,2024-08-04,2024-08-14,3,59.99,10
479,1233,ORD-000479,126,32,2,2023-09-11,2023-09-21,5,14.99,15
479,1234,ORD-000479,126,30,2,2023-09-11,2023-09-21,2,29.99,0
479,1235,ORD-000479,126,1,2,2023-09-11,2023-09-21,2,899.99,0
480,1236,ORD-000480,77,27,21,2024-08-25,2024-08-27,2,24.99,5
480,1237,ORD-000480,77,16,21,2024-08-25,2024-08-27,1,39.99,0
480,1238,ORD-000480,77,18,21,2024-08-25,2024-08-27,4,129.99,0
481,1239,ORD-000481,154,37,24,2024-01-11,2024-01-21,4,24.99,20
481,1240,ORD-000481,154,17,24,2024-01-11,2024-01-21,4,34.99,15
481,1241,ORD-000481,154,8,24,2024-01-11,2024-01-21,3,29.99,10
481,1242,ORD-000481,154,37,24,2024-01-11,2024-01-21,1,24.99,20
482,1243,ORD-000482,67,30,6,2022-04-30,2022-05-03,2,29.99,0
482,1244,ORD-000482,67,11,6,2022-04-30,2022-05-03,1,19.99,0
482,1245,ORD-000482,67,24,6,2022-04-30,2022-05-03,4,89.99,15
483,1246,ORD-000483,92,33,2,2023-08-17,2023-08-22,2,24.99,20
484,1247,ORD-000484,161,35,6,2022-07-13,2022-07-23,3,24.99,20
484,1248,ORD-000484,161,21,6,2022-07-13,2022-07-23,3,34.99,0
485,1249,ORD-000485,176,10,23,2024-01-13,2024-01-15,1,39.99,0
485,1250,ORD-000485,176,34,23,2024-01-13,2024-01-15,3,89.99,0
485,1251,ORD-000485,176,32,23,2024-01-13,2024-01-15,4,14.99,0
486,1252,ORD-000486,42,13,4,2023-03-23,2023-03-26,5,49.99,10
486,1253,ORD-000486,42,34,4,2023-03-23,2023-03-26,5,89.99,15
487,1254,ORD-000487,142,5,23,2022-08-22,2022-08-29,1,549.99,20
487,1255,ORD-000487,142,9,23,2022-08-22,2022-08-29,1,79.99,5
487,1256,ORD-000487,142,23,23,2022-08-22,2022-08-29,3,49.99,15
487,1257,ORD-000487,142,24,23,2022-08-22,2022-08-29,2,89.99,20
488,1258,ORD-000488,114,20,29,2024-12-07,2024-12-13,1,29.99,15
488,1259,ORD-000488,114,8,29,2024-12-07,2024-12-13,2,29.99,0
489,1260,ORD-000489,178,14,5,2023-04-10,2023-04-15,2,34.99,0
489,1261,ORD-000489,178,28,5,2023-04-10,2023-04-15,1,39.99,0
490,1262,ORD-000490,5,13,25,2024-09-18,2024-09-25,1,49.99,0
491,1263,ORD-000491,169,17,17,2022-05-02,2022-05-10,1,34.99,0
492,1264,ORD-000492,78,39,22,2022-01-22,2022-01-24,2,14.99,10
493,1265,ORD-000493,52,10,6,2023-12-21,2023-12-22,3,39.99,10
494,1266,ORD-000494,90,33,12,2022-11-25,2022-12-04,5,24.99,0
494,1267,ORD-000494,90,7,12,2022-11-25,2022-12-04,5,49.99,20
495,1268,ORD-000495,4,11,17,2023-03-21,2023-03-25,5,19.99,0
495,1269,ORD-000495,4,7,17,2023-03-21,2023-03-25,2,49.99,10
495,1270,ORD-000495,4,31,17,2023-03-21,2023-03-25,3,19.99,15
496,1271,ORD-000496,151,23,6,2024-06-19,2024-06-21,4,49.99,5
496,1272,ORD-000496,151,14,6,2024-06-19,2024-06-21,5,34.99,0
497,1273,ORD-000497,105,8,4,2023-10-06,2023-10-08,5,29.99,0
497,1274,ORD-000497,105,32,4,2023-10-06,2023-10-08,3,14.99,15
497,1275,ORD-000497,105,19,4,2023-10-06,2023-10-08,5,14.99,15
497,1276,ORD-000497,105,3,4,2023-10-06,2023-10-08,1,1599.99,0
498,1277,ORD-000498,127,39,4,2024-02-28,2024-03-04,3,14.99,15
498,1278,ORD-000498,127,29,4,2024-02-28,2024-03-04,2,44.99,10
498,1279,ORD-000498,127,27,4,2024-02-28,2024-03-04,3,24.99,20
498,1280,ORD-000498,127,28,4,2024-02-28,2024-03-04,2,39.99,20
499,1281,ORD-000499,18,1,29,2024-09-01,2024-09-07,4,899.99,15
499,1282,ORD-000499,18,7,29,2024-09-01,2024-09-07,4,49.99,5
500,1283,ORD-000500,134,26,22,2022-06-24,2022-06-26,4,79.99,15
500,1284,ORD-000500,134,38,22,2022-06-24,2022-06-26,1,34.99,15
501,1285,ORD-000501,44,13,3,2024-01-15,2024-01-19,5,49.99,20
501,1286,ORD-000501,44,26,3,2024-01-15,2024-01-19,1,79.99,0
501,1287,ORD-000501,44,28,3,2024-01-15,2024-01-19,4,39.99,0
502,1288,ORD-000502,196,31,23,2023-07-14,2023-07-21,5,19.99,5
502,1289,ORD-000502,196,32,23,2023-07-14,2023-07-21,5,14.99,0
502,1290,ORD-000502,196,10,23,2023-07-14,2023-07-21,4,39.99,0
503,1291,ORD-000503,32,9,9,2024-09-29,2024-10-07,1,79.99,0
503,1292,ORD-000503,32,4,9,2024-09-29,2024-10-07,1,699.99,5
504,1293,ORD-000504,174,10,1,2023-01-02,2023-01-09,3,39.99,10
504,1294,ORD-000504,174,40,1,2023-01-02,2023-01-09,1,12.99,20
504,1295,ORD-000504,174,5,1,2023-01-02,2023-01-09,5,549.99,20
505,1296,ORD-000505,127,32,26,2024-08-12,2024-08-16,4,14.99,10
505,1297,ORD-000505,127,17,26,2024-08-12,2024-08-16,5,34.99,0
505,1298,ORD-000505,127,35,26,2024-08-12,2024-08-16,5,24.99,0
506,1299,ORD-000506,196,29,2,2024-05-31,2024-06-02,3,44.99,20
506,1300,ORD-000506,196,25,2,2024-05-31,2024-06-02,4,59.99,5
506,1301,ORD-000506,196,3,2,2024-05-31,2024-06-02,1,1599.99,0
506,1302,ORD-000506,196,36,2,2024-05-31,2024-06-02,3,149.99,15
507,1303,ORD-000507,43,25,16,2024-06-01,2024-06-04,4,59.99,20
507,1304,ORD-000507,43,8,16,2024-06-01,2024-06-04,5,29.99,15
507,1305,ORD-000507,43,32,16,2024-06-01,2024-06-04,5,14.99,15
508,1306,ORD-000508,139,33,19,2024-08-20,2024-08-28,1,24.99,5
508,1307,ORD-000508,139,17,19,2024-08-20,2024-08-28,4,34.99,10
509,1308,ORD-000509,97,4,20,2023-12-24,2023-12-29,1,699.99,10
509,1309,ORD-000509,97,3,20,2023-12-24,2023-12-29,2,1599.99,20
509,1310,ORD-000509,97,24,20,2023-12-24,2023-12-29,3,89.99,20
510,1311,ORD-000510,190,7,19,2022-02-25,2022-03-03,4,49.99,0
510,1312,ORD-000510,190,23,19,2022-02-25,2022-03-03,4,49.99,0
510,1313,ORD-000510,190,4,19,2022-02-25,2022-03-03,2,699.99,0
510,1314,ORD-000510,190,16,19,2022-02-25,2022-03-03,3,39.99,10
511,1315,ORD-000511,22,22,30,2022-05-15,2022-05-20,2,59.99,0
512,1316,ORD-000512,138,37,11,2022-03-18,2022-03-26,5,24.99,5
512,1317,ORD-000512,138,18,11,2022-03-18,2022-03-26,1,129.99,15
512,1318,ORD-000512,138,31,11,2022-03-18,2022-03-26,5,19.99,0
512,1319,ORD-000512,138,21,11,2022-03-18,2022-03-26,4,34.99,10
513,1320,ORD-000513,100,14,11,2022-07-20,2022-07-28,3,34.99,5
514,1321,ORD-000514,129,24,26,2023-11-27,2023-11-30,4,89.99,0
514,1322,ORD-000514,129,32,26,2023-11-27,2023-11-30,1,14.99,20
514,1323,ORD-000514,129,35,26,2023-11-27,2023-11-30,2,24.99,0
515,1324,ORD-000515,68,15,2,2023-09-01,2023-09-11,5,49.99,15
515,1325,ORD-000515,68,6,2,2023-09-01,2023-09-11,5,299.99,0
515,1326,ORD-000515,68,38,2,2023-09-01,2023-09-11,3,34.99,0
515,1327,ORD-000515,68,5,2,2023-09-01,2023-09-11,5,549.99,20
516,1328,ORD-000516,136,5,16,2024-05-24,2024-05-28,3,549.99,10
516,1329,ORD-000516,136,20,16,2024-05-24,2024-05-28,4,29.99,15
516,1330,ORD-000516,136,35,16,2024-05-24,2024-05-28,3,24.99,0
517,1331,ORD-000517,107,36,13,2023-05-30,2023-06-09,2,149.99,0
517,1332,ORD-000517,107,34,13,2023-05-30,2023-06-09,2,89.99,10
517,1333,ORD-000517,107,32,13,2023-05-30,2023-06-09,2,14.99,15
517,1334,ORD-000517,107,30,13,2023-05-30,2023-06-09,3,29.99,15
518,1335,ORD-000518,137,34,26,2024-06-07,2024-06-17,2,89.99,0
519,1336,ORD-000519,119,28,5,2023-05-08,2023-05-11,4,39.99,0
519,1337,ORD-000519,119,5,5,2023-05-08,2023-05-11,2,549.99,20
519,1338,ORD-000519,119,27,5,2023-05-08,2023-05-11,3,24.99,20
520,1339,ORD-000520,74,26,21,2022-11-25,2022-11-30,2,79.99,0
520,1340,ORD-000520,74,10,21,2022-11-25,2022-11-30,2,39.99,0
521,1341,ORD-000521,63,36,26,2023-09-28,2023-10-06,4,149.99,5
521,1342,ORD-000521,63,3,26,2023-09-28,2023-10-06,2,1599.99,0
521,1343,ORD-000521,63,18,26,2023-09-28,2023-10-06,2,129.99,0
521,1344,ORD-000521,63,17,26,2023-09-28,2023-10-06,3,34.99,15
522,1345,ORD-000522,141,4,6,2022-03-28,2022-04-05,1,699.99,0
523,1346,ORD-000523,155,6,10,2022-05-11,2022-05-18,4,299.99,20
523,1347,ORD-000523,155,9,10,2022-05-11,2022-05-18,2,79.99,0
523,1348,ORD-000523,155,37,10,2022-05-11,2022-05-18,5,24.99,0
524,1349,ORD-000524,134,6,22,2024-12-11,2024-12-16,2,299.99,10
524,1350,ORD-000524,134,8,22,2024-12-11,2024-12-16,3,29.99,0
524,1351,ORD-000524,134,38,22,2024-12-11,2024-12-16,4,34.99,20
524,1352,ORD-000524,134,16,22,2024-12-11,2024-12-16,4,39.99,0
525,1353,ORD-000525,37,29,4,2022-12-25,2022-12-29,4,44.99,0
525,1354,ORD-000525,37,38,4,2022-12-25,2022-12-29,1,34.99,5
525,1355,ORD-000525,37,35,4,2022-12-25,2022-12-29,3,24.99,15
526,1356,ORD-000526,29,18,11,2024-05-17,2024-05-25,2,129.99,0
526,1357,ORD-000526,29,31,11,2024-05-17,2024-05-25,3,19.99,20
527,1358,ORD-000527,79,17,1,2022-03-13,2022-03-14,5,34.99,5
527,1359,ORD-000527,79,20,1,2022-03-13,2022-03-14,3,29.99,20
528,1360,ORD-000528,176,25,4,2024-12-31,2025-01-04,1,59.99,5
528,1361,ORD-000528,176,17,4,2024-12-31,2025-01-04,3,34.99,0
528,1362,ORD-000528,176,16,4,2024-12-31,2025-01-04,3,39.99,0
528,1363,ORD-000528,176,11,4,2024-12-31,2025-01-04,4,19.99,15
529,1364,ORD-000529,82,6,29,2024-04-12,2024-04-13,4,299.99,5
529,1365,ORD-000529,82,27,29,2024-04-12,2024-04-13,3,24.99,15
529,1366,ORD-000529,82,28,29,2024-04-12,2024-04-13,1,39.99,20
530,1367,ORD-000530,42,23,23,2023-06-19,2023-06-28,4,49.99,10
531,1368,ORD-000531,187,4,27,2023-11-01,2023-11-09,2,699.99,15
532,1369,ORD-000532,114,13,26,2022-10-06,2022-10-07,3,49.99,0
532,1370,ORD-000532,114,37,26,2022-10-06,2022-10-07,1,24.99,0
532,1371,ORD-000532,114,11,26,2022-10-06,2022-10-07,2,19.99,10
532,1372,ORD-000532,114,9,26,2022-10-06,2022-10-07,5,79.99,15
533,1373,ORD-000533,106,9,26,2023-10-17,2023-10-25,3,79.99,0
533,1374,ORD-000533,106,38,26,2023-10-17,2023-10-25,3,34.99,20
533,1375,ORD-000533,106,19,26,2023-10-17,2023-10-25,2,14.99,0
533,1376,ORD-000533,106,27,26,2023-10-17,2023-10-25,3,24.99,0
534,1377,ORD-000534,101,2,29,2024-02-12,2024-02-22,1,1199.99,10
534,1378,ORD-000534,101,40,29,2024-02-12,2024-02-22,2,12.99,0
535,1379,ORD-000535,119,26,7,2023-06-21,2023-06-24,5,79.99,5
536,1380,ORD-000536,154,11,9,2022-11-02,2022-11-04,5,19.99,0
536,1381,ORD-000536,154,1,9,2022-11-02,2022-11-04,5,899.99,5
536,1382,ORD-000536,154,30,9,2022-11-02,2022-11-04,4,29.99,0
537,1383,ORD-000537,58,19,23,2023-02-21,2023-02-25,4,14.99,5
537,1384,ORD-000537,58,9,23,2023-02-21,2023-02-25,4,79.99,20
537,1385,ORD-000537,58,14,23,2023-02-21,2023-02-25,5,34.99,0
538,1386,ORD-000538,73,27,24,2023-01-23,2023-01-30,2,24.99,0
538,1387,ORD-000538,73,19,24,2023-01-23,2023-01-30,3,14.99,0
539,1388,ORD-000539,159,6,15,2023-05-24,2023-05-30,1,299.99,5
539,1389,ORD-000539,159,9,15,2023-05-24,2023-05-30,3,79.99,15
539,1390,ORD-000539,159,26,15,2023-05-24,2023-05-30,2,79.99,15
539,1391,ORD-000539,159,25,15,2023-05-24,2023-05-30,4,59.99,15
540,1392,ORD-000540,153,4,9,2022-05-30,2022-06-01,3,699.99,0
541,1393,ORD-000541,121,1,30,2023-12-27,2024-01-06,3,899.99,10
542,1394,ORD-000542,159,9,13,2023-09-12,2023-09-19,5,79.99,0
542,1395,ORD-000542,159,38,13,2023-09-12,2023-09-19,2,34.99,0
542,1396,ORD-000542,159,11,13,2023-09-12,2023-09-19,5,19.99,5
543,1397,ORD-000543,87,21,29,2024-08-16,2024-08-19,5,34.99,5
544,1398,ORD-000544,37,9,9,2022-08-28,2022-09-03,4,79.99,20
545,1399,ORD-000545,72,17,24,2024-01-09,2024-01-16,5,34.99,20
545,1400,ORD-000545,72,17,24,2024-01-09,2024-01-16,5,34.99,0
545,1401,ORD-000545,72,28,24,2024-01-09,2024-01-16,2,39.99,0
546,1402,ORD-000546,189,4,16,2022-11-06,2022-11-15,2,699.99,0
546,1403,ORD-000546,189,4,16,2022-11-06,2022-11-15,2,699.99,0
546,1404,ORD-000546,189,3,16,2022-11-06,2022-11-15,4,1599.99,0
546,1405,ORD-000546,189,11,16,2022-11-06,2022-11-15,4,19.99,5
547,1406,ORD-000547,30,23,29,2024-10-10,2024-10-11,5,49.99,5
547,1407,ORD-000547,30,30,29,2024-10-10,2024-10-11,4,29.99,0
547,1408,ORD-000547,30,10,29,2024-10-10,2024-10-11,1,39.99,0
547,1409,ORD-000547,30,6,29,2024-10-10,2024-10-11,2,299.99,20
548,1410,ORD-000548,73,37,6,2022-12-11,2022-12-20,5,24.99,0
548,1411,ORD-000548,73,38,6,2022-12-11,2022-12-20,1,34.99,10
548,1412,ORD-000548,73,37,6,2022-12-11,2022-12-20,2,24.99,5
549,1413,ORD-000549,20,2,8,2024-10-17,2024-10-19,3,1199.99,15
549,1414,ORD-000549,20,8,8,2024-10-17,2024-10-19,4,29.99,0
549,1415,ORD-000549,20,38,8,2024-10-17,2024-10-19,1,34.99,20
550,1416,ORD-000550,83,31,5,2022-03-01,2022-03-03,4,19.99,15
550,1417,ORD-000550,83,18,5,2022-03-01,2022-03-03,5,129.99,15
550,1418,ORD-000550,83,1,5,2022-03-01,2022-03-03,3,899.99,0
550,1419,ORD-000550,83,40,5,2022-03-01,2022-03-03,4,12.99,0
551,1420,ORD-000551,188,19,24,2022-09-22,2022-09-26,3,14.99,20
552,1421,ORD-000552,15,6,24,2022-05-25,2022-06-03,4,299.99,0
552,1422,ORD-000552,15,12,24,2022-05-25,2022-06-03,2,59.99,20
552,1423,ORD-000552,15,26,24,2022-05-25,2022-06-03,1,79.99,0
552,1424,ORD-000552,15,14,24,2022-05-25,2022-06-03,2,34.99,5
553,1425,ORD-000553,200,20,13,2023-08-07,2023-08-10,4,29.99,20
554,1426,ORD-000554,111,23,24,2023-09-28,2023-10-08,1,49.99,20
554,1427,ORD-000554,111,24,24,2023-09-28,2023-10-08,5,89.99,0
555,1428,ORD-000555,126,37,15,2024-03-05,2024-03-13,5,24.99,5
555,1429,ORD-000555,126,6,15,2024-03-05,2024-03-13,4,299.99,20
555,1430,ORD-000555,126,24,15,2024-03-05,2024-03-13,5,89.99,0
556,1431,ORD-000556,112,33,21,2024-05-22,2024-05-24,3,24.99,5
557,1432,ORD-000557,174,19,8,2022-11-14,2022-11-22,4,14.99,5
558,1433,ORD-000558,21,9,30,2024-09-05,2024-09-10,3,79.99,20
558,1434,ORD-000558,21,16,30,2024-09-05,2024-09-10,5,39.99,5
559,1435,ORD-000559,76,3,19,2022-04-08,2022-04-17,5,1599.99,0
560,1436,ORD-000560,131,37,14,2024-04-25,2024-04-27,3,24.99,0
560,1437,ORD-000560,131,17,14,2024-04-25,2024-04-27,5,34.99,0
560,1438,ORD-000560,131,33,14,2024-04-25,2024-04-27,1,24.99,0
560,1439,ORD-000560,131,30,14,2024-04-25,2024-04-27,2,29.99,20
561,1440,ORD-000561,47,27,27,2024-03-15,2024-03-16,3,24.99,0
562,1441,ORD-000562,151,22,24,2024-07-20,2024-07-28,2,59.99,0
562,1442,ORD-000562,151,12,24,2024-07-20,2024-07-28,1,59.99,15
562,1443,ORD-000562,151,39,24,2024-07-20,2024-07-28,3,14.99,20
563,1444,ORD-000563,173,1,4,2024-06-07,2024-06-16,4,899.99,0
564,1445,ORD-000564,4,39,6,2024-09-04,2024-09-12,4,14.99,0
564,1446,ORD-000564,4,40,6,2024-09-04,2024-09-12,5,12.99,0
564,1447,ORD-000564,4,26,6,2024-09-04,2024-09-12,3,79.99,0
564,1448,ORD-000564,4,9,6,2024-09-04,2024-09-12,2,79.99,0
565,1449,ORD-000565,49,14,4,2022-02-02,2022-02-06,4,34.99,15
566,1450,ORD-000566,38,6,21,2023-05-11,2023-05-18,3,299.99,20
566,1451,ORD-000566,38,30,21,2023-05-11,2023-05-18,2,29.99,5
567,1452,ORD-000567,109,29,1,2022-08-27,2022-08-30,4,44.99,5
567,1453,ORD-000567,109,2,1,2022-08-27,2022-08-30,4,1199.99,10
568,1454,ORD-000568,63,4,7,2023-08-27,2023-09-06,3,699.99,0
568,1455,ORD-000568,63,7,7,2023-08-27,2023-09-06,4,49.99,5
568,1456,ORD-000568,63,32,7,2023-08-27,2023-09-06,5,14.99,10
568,1457,ORD-000568,63,36,7,2023-08-27,2023-09-06,3,149.99,0
569,1458,ORD-000569,125,15,13,2024-09-22,2024-10-01,1,49.99,10
569,1459,ORD-000569,125,2,13,2024-09-22,2024-10-01,4,1199.99,10
569,1460,ORD-000569,125,21,13,2024-09-22,2024-10-01,5,34.99,0
569,1461,ORD-000569,125,18,13,2024-09-22,2024-10-01,4,129.99,5
570,1462,ORD-000570,30,2,16,2023-12-12,2023-12-20,2,1199.99,0
570,1463,ORD-000570,30,13,16,2023-12-12,2023-12-20,4,49.99,0
570,1464,ORD-000570,30,29,16,2023-12-12,2023-12-20,2,44.99,10
570,1465,ORD-000570,30,15,16,2023-12-12,2023-12-20,5,49.99,15
571,1466,ORD-000571,87,25,30,2024-08-17,2024-08-20,4,59.99,20
571,1467,ORD-000571,87,24,30,2024-08-17,2024-08-20,4,89.99,20
571,1468,ORD-000571,87,11,30,2024-08-17,2024-08-20,5,19.99,0
572,1469,ORD-000572,73,12,23,2022-06-26,2022-07-04,2,59.99,0
572,1470,ORD-000572,73,39,23,2022-06-26,2022-07-04,4,14.99,0
573,1471,ORD-000573,107,36,16,2023-09-14,2023-09-18,1,149.99,0
573,1472,ORD-000573,107,23,16,2023-09-14,2023-09-18,3,49.99,0
574,1473,ORD-000574,174,5,6,2022-12-24,2023-01-02,3,549.99,5
575,1474,ORD-000575,30,32,20,2023-04-10,2023-04-12,3,14.99,0
575,1475,ORD-000575,30,23,20,2023-04-10,2023-04-12,1,49.99,20
576,1476,ORD-000576,143,4,9,2022-11-06,2022-11-15,4,699.99,20
577,1477,ORD-000577,118,36,27,2022-08-16,2022-08-18,1,149.99,10
578,1478,ORD-000578,27,11,6,2022-08-30,2022-09-03,3,19.99,15
578,1479,ORD-000578,27,29,6,2022-08-30,2022-09-03,5,44.99,5
578,1480,ORD-000578,27,7,6,2022-08-30,2022-09-03,2,49.99,15
579,1481,ORD-000579,94,29,11,2022-10-10,2022-10-12,4,44.99,20
579,1482,ORD-000579,94,1,11,2022-10-10,2022-10-12,2,899.99,20
580,1483,ORD-000580,122,6,11,2023-08-11,2023-08-20,3,299.99,0
580,1484,ORD-000580,122,27,11,2023-08-11,2023-08-20,3,24.99,15
581,1485,ORD-000581,171,15,8,2022-11-07,2022-11-16,2,49.99,20
581,1486,ORD-000581,171,28,8,2022-11-07,2022-11-16,4,39.99,5
581,1487,ORD-000581,171,30,8,2022-11-07,2022-11-16,5,29.99,20
581,1488,ORD-000581,171,24,8,2022-11-07,2022-11-16,1,89.99,5
582,1489,ORD-000582,38,6,25,2022-01-21,2022-01-30,3,299.99,0
583,1490,ORD-000583,103,26,25,2022-12-03,2022-12-10,1,79.99,15
584,1491,ORD-000584,165,27,5,2022-04-29,2022-05-08,4,24.99,15
584,1492,ORD-000584,165,36,5,2022-04-29,2022-05-08,3,149.99,15
584,1493,ORD-000584,165,21,5,2022-04-29,2022-05-08,3,34.99,0
585,1494,ORD-000585,72,26,29,2024-12-16,2024-12-26,4,79.99,15
585,1495,ORD-000585,72,14,29,2024-12-16,2024-12-26,5,34.99,10
586,1496,ORD-000586,159,13,21,2024-06-24,2024-06-30,3,49.99,0
586,1497,ORD-000586,159,3,21,2024-06-24,2024-06-30,5,1599.99,0
586,1498,ORD-000586,159,25,21,2024-06-24,2024-06-30,2,59.99,10
586,1499,ORD-000586,159,35,21,2024-06-24,2024-06-30,3,24.99,0
587,1500,ORD-000587,24,11,17,2023-10-02,2023-10-11,1,19.99,0
587,1501,ORD-000587,24,35,17,2023-10-02,2023-10-11,5,24.99,0
587,1502,ORD-000587,24,16,17,2023-10-02,2023-10-11,3,39.99,15
588,1503,ORD-000588,109,17,17,2022-08-15,2022-08-16,5,34.99,0
588,1504,ORD-000588,109,8,17,2022-08-15,2022-08-16,1,29.99,20
588,1505,ORD-000588,109,8,17,2022-08-15,2022-08-16,4,29.99,0
589,1506,ORD-000589,147,16,24,2022-01-11,2022-01-19,5,39.99,10
589,1507,ORD-000589,147,35,24,2022-01-11,2022-01-19,5,24.99,0
589,1508,ORD-000589,147,23,24,2022-01-11,2022-01-19,3,49.99,0
590,1509,ORD-000590,171,7,26,2022-10-14,2022-10-21,3,49.99,10
590,1510,ORD-000590,171,38,26,2022-10-14,2022-10-21,2,34.99,20
591,1511,ORD-000591,200,28,12,2024-07-19,2024-07-21,4,39.99,0
591,1512,ORD-000591,200,6,12,2024-07-19,2024-07-21,1,299.99,5
592,1513,ORD-000592,34,24,16,2023-03-16,2023-03-24,5,89.99,5
593,1514,ORD-000593,151,38,18,2024-11-28,2024-12-05,4,34.99,15
593,1515,ORD-000593,151,28,18,2024-11-28,2024-12-05,4,39.99,15
593,1516,ORD-000593,151,32,18,2024-11-28,2024-12-05,4,14.99,20
594,1517,ORD-000594,42,30,5,2024-11-01,2024-11-04,2,29.99,15
594,1518,ORD-000594,42,33,5,2024-11-01,2024-11-04,5,24.99,0
594,1519,ORD-000594,42,14,5,2024-11-01,2024-11-04,4,34.99,5
594,1520,ORD-000594,42,3,5,2024-11-01,2024-11-04,2,1599.99,10
595,1521,ORD-000595,95,8,30,2022-09-01,2022-09-11,1,29.99,0
595,1522,ORD-000595,95,37,30,2022-09-01,2022-09-11,3,24.99,0
595,1523,ORD-000595,95,34,30,2022-09-01,2022-09-11,2,89.99,0
595,1524,ORD-000595,95,24,30,2022-09-01,2022-09-11,3,89.99,0
596,1525,ORD-000596,78,10,10,2024-09-22,2024-09-23,5,39.99,5
596,1526,ORD-000596,78,4,10,2024-09-22,2024-09-23,3,699.99,0
597,1527,ORD-000597,56,36,6,2024-09-28,2024-09-29,3,149.99,0
598,1528,ORD-000598,12,37,14,2024-09-12,2024-09-22,4,24.99,0
598,1529,ORD-000598,12,25,14,2024-09-12,2024-09-22,4,59.99,20
598,1530,ORD-000598,12,39,14,2024-09-12,2024-09-22,2,14.99,20
599,1531,ORD-000599,36,10,17,2024-08-01,2024-08-09,3,39.99,0
599,1532,ORD-000599,36,40,17,2024-08-01,2024-08-09,5,12.99,5
599,1533,ORD-000599,36,25,17,2024-08-01,2024-08-09,2,59.99,5
599,1534,ORD-000599,36,22,17,2024-08-01,2024-08-09,5,59.99,0
600,1535,ORD-000600,172,11,29,2024-06-26,2024-07-01,1,19.99,10
601,1536,ORD-000601,162,36,26,2023-09-25,2023-10-04,1,149.99,0
602,1537,ORD-000602,159,31,18,2022-04-19,2022-04-29,5,19.99,0
602,1538,ORD-000602,159,8,18,2022-04-19,2022-04-29,5,29.99,0
603,1539,ORD-000603,5,6,9,2023-02-26,2023-03-02,5,299.99,10
603,1540,ORD-000603,5,21,9,2023-02-26,2023-03-02,4,34.99,10
603,1541,ORD-000603,5,3,9,2023-02-26,2023-03-02,4,1599.99,20
603,1542,ORD-000603,5,2,9,2023-02-26,2023-03-02,3,1199.99,5
604,1543,ORD-000604,47,25,14,2022-02-19,2022-02-28,3,59.99,0
604,1544,ORD-000604,47,8,14,2022-02-19,2022-02-28,1,29.99,10
604,1545,ORD-000604,47,11,14,2022-02-19,2022-02-28,3,19.99,0
605,1546,ORD-000605,47,27,9,2022-07-03,2022-07-06,2,24.99,0
605,1547,ORD-000605,47,40,9,2022-07-03,2022-07-06,3,12.99,0
605,1548,ORD-000605,47,2,9,2022-07-03,2022-07-06,1,1199.99,0
606,1549,ORD-000606,100,21,4,2023-10-18,2023-10-21,3,34.99,5
606,1550,ORD-000606,100,8,4,2023-10-18,2023-10-21,1,29.99,0
606,1551,ORD-000606,100,16,4,2023-10-18,2023-10-21,5,39.99,10
606,1552,ORD-000606,100,16,4,2023-10-18,2023-10-21,4,39.99,10
607,1553,ORD-000607,193,4,17,2024-02-28,2024-03-01,3,699.99,5
607,1554,ORD-000607,193,36,17,2024-02-28,2024-03-01,4,149.99,0
607,1555,ORD-000607,193,31,17,2024-02-28,2024-03-01,1,19.99,5
608,1556,ORD-000608,163,16,8,2022-02-08,2022-02-13,5,39.99,15
609,1557,ORD-000609,33,33,10,2024-04-13,2024-04-21,2,24.99,20
610,1558,ORD-000610,37,36,12,2022-12-11,2022-12-15,4,149.99,0
610,1559,ORD-000610,37,1,12,2022-12-11,2022-12-15,4,899.99,20
610,1560,ORD-000610,37,40,12,2022-12-11,2022-12-15,3,12.99,15
610,1561,ORD-000610,37,11,12,2022-12-11,2022-12-15,1,19.99,0
611,1562,ORD-000611,124,14,9,2023-05-29,2023-06-05,5,34.99,20
611,1563,ORD-000611,124,33,9,2023-05-29,2023-06-05,3,24.99,0
611,1564,ORD-000611,124,11,9,2023-05-29,2023-06-05,5,19.99,10
612,1565,ORD-000612,18,9,10,2022-07-03,2022-07-10,5,79.99,0
613,1566,ORD-000613,111,17,7,2024-10-30,2024-11-05,4,34.99,0
613,1567,ORD-000613,111,16,7,2024-10-30,2024-11-05,3,39.99,0
613,1568,ORD-000613,111,14,7,2024-10-30,2024-11-05,4,34.99,10
614,1569,ORD-000614,85,1,1,2022-10-01,2022-10-02,1,899.99,15
614,1570,ORD-000614,85,12,1,2022-10-01,2022-10-02,4,59.99,10
614,1571,ORD-000614,85,32,1,2022-10-01,2022-10-02,4,14.99,10
614,1572,ORD-000614,85,6,1,2022-10-01,2022-10-02,1,299.99,10
615,1573,ORD-000615,8,25,29,2024-06-30,2024-07-02,5,59.99,0
615,1574,ORD-000615,8,25,29,2024-06-30,2024-07-02,2,59.99,20
615,1575,ORD-000615,8,1,29,2024-06-30,2024-07-02,1,899.99,5
616,1576,ORD-000616,95,15,30,2023-01-31,2023-02-08,1,49.99,20
617,1577,ORD-000617,72,40,22,2024-01-03,2024-01-07,3,12.99,20
618,1578,ORD-000618,184,3,8,2023-04-25,2023-05-03,3,1599.99,5
618,1579,ORD-000618,184,39,8,2023-04-25,2023-05-03,2,14.99,0
618,1580,ORD-000618,184,13,8,2023-04-25,2023-05-03,4,49.99,0
619,1581,ORD-000619,72,36,19,2024-10-21,2024-10-29,2,149.99,15
619,1582,ORD-000619,72,37,19,2024-10-21,2024-10-29,5,24.99,10
620,1583,ORD-000620,45,17,3,2022-09-20,2022-09-22,5,34.99,20
620,1584,ORD-000620,45,15,3,2022-09-20,2022-09-22,5,49.99,15
621,1585,ORD-000621,71,36,7,2022-02-17,2022-02-26,4,149.99,0
621,1586,ORD-000621,71,28,7,2022-02-17,2022-02-26,1,39.99,20
621,1587,ORD-000621,71,21,7,2022-02-17,2022-02-26,4,34.99,20
622,1588,ORD-000622,105,32,9,2022-09-07,2022-09-16,3,14.99,10
622,1589,ORD-000622,105,3,9,2022-09-07,2022-09-16,2,1599.99,0
622,1590,ORD-000622,105,18,9,2022-09-07,2022-09-16,4,129.99,10
622,1591,ORD-000622,105,29,9,2022-09-07,2022-09-16,3,44.99,0
623,1592,ORD-000623,101,15,7,2023-11-17,2023-11-19,4,49.99,0
624,1593,ORD-000624,64,5,7,2022-12-03,2022-12-09,1,549.99,0
624,1594,ORD-000624,64,31,7,2022-12-03,2022-12-09,4,19.99,20
624,1595,ORD-000624,64,2,7,2022-12-03,2022-12-09,5,1199.99,20
625,1596,ORD-000625,161,7,30,2023-11-16,2023-11-21,4,49.99,0
625,1597,ORD-000625,161,22,30,2023-11-16,2023-11-21,1,59.99,20
626,1598,ORD-000626,86,7,17,2023-04-30,2023-05-02,4,49.99,10
626,1599,ORD-000626,86,8,17,2023-04-30,2023-05-02,1,29.99,0
626,1600,ORD-000626,86,3,17,2023-04-30,2023-05-02,4,1599.99,0
626,1601,ORD-000626,86,5,17,2023-04-30,2023-05-02,2,549.99,0
627,1602,ORD-000627,114,5,2,2023-09-10,2023-09-20,1,549.99,15
627,1603,ORD-000627,114,4,2,2023-09-10,2023-09-20,5,699.99,0
627,1604,ORD-000627,114,19,2,2023-09-10,2023-09-20,4,14.99,5
627,1605,ORD-000627,114,7,2,2023-09-10,2023-09-20,5,49.99,20
628,1606,ORD-000628,106,30,8,2022-01-22,2022-01-30,4,29.99,10
628,1607,ORD-000628,106,40,8,2022-01-22,2022-01-30,1,12.99,0
628,1608,ORD-000628,106,2,8,2022-01-22,2022-01-30,4,1199.99,10
628,1609,ORD-000628,106,22,8,2022-01-22,2022-01-30,5,59.99,0
629,1610,ORD-000629,28,38,4,2022-01-26,2022-02-05,2,34.99,10
630,1611,ORD-000630,33,27,21,2024-11-08,2024-11-13,4,24.99,15
630,1612,ORD-000630,33,40,21,2024-11-08,2024-11-13,4,12.99,0
630,1613,ORD-000630,33,16,21,2024-11-08,2024-11-13,2,39.99,20
631,1614,ORD-000631,12,33,2,2022-09-19,2022-09-24,3,24.99,0
631,1615,ORD-000631,12,38,2,2022-09-19,2022-09-24,5,34.99,20
631,1616,ORD-000631,12,10,2,2022-09-19,2022-09-24,2,39.99,5
631,1617,ORD-000631,12,20,2,2022-09-19,2022-09-24,5,29.99,0
632,1618,ORD-000632,75,4,12,2022-01-17,2022-01-26,2,699.99,10
632,1619,ORD-000632,75,36,12,2022-01-17,2022-01-26,1,149.99,5
633,1620,ORD-000633,89,22,7,2023-02-15,2023-02-19,2,59.99,15
634,1621,ORD-000634,122,38,23,2024-08-15,2024-08-25,5,34.99,0
634,1622,ORD-000634,122,40,23,2024-08-15,2024-08-25,3,12.99,5
634,1623,ORD-000634,122,22,23,2024-08-15,2024-08-25,2,59.99,0
635,1624,ORD-000635,117,1,29,2022-03-28,2022-04-05,2,899.99,15
635,1625,ORD-000635,117,15,29,2022-03-28,2022-04-05,4,49.99,10
636,1626,ORD-000636,55,14,8,2024-09-11,2024-09-17,4,34.99,0
636,1627,ORD-000636,55,1,8,2024-09-11,2024-09-17,3,899.99,0
636,1628,ORD-000636,55,5,8,2024-09-11,2024-09-17,3,549.99,0
636,1629,ORD-000636,55,36,8,2024-09-11,2024-09-17,1,149.99,0
637,1630,ORD-000637,75,3,15,2023-02-03,2023-02-13,1,1599.99,0
637,1631,ORD-000637,75,13,15,2023-02-03,2023-02-13,3,49.99,0
637,1632,ORD-000637,75,15,15,2023-02-03,2023-02-13,3,49.99,15
638,1633,ORD-000638,45,2,11,2023-05-19,2023-05-22,2,1199.99,20
638,1634,ORD-000638,45,17,11,2023-05-19,2023-05-22,1,34.99,0
639,1635,ORD-000639,174,14,5,2024-02-16,2024-02-18,3,34.99,5
639,1636,ORD-000639,174,16,5,2024-02-16,2024-02-18,3,39.99,20
639,1637,ORD-000639,174,24,5,2024-02-16,2024-02-18,2,89.99,10
640,1638,ORD-000640,160,10,29,2024-06-07,2024-06-09,2,39.99,20
641,1639,ORD-000641,49,21,7,2024-12-26,2025-01-02,5,34.99,5
641,1640,ORD-000641,49,16,7,2024-12-26,2025-01-02,1,39.99,20
641,1641,ORD-000641,49,40,7,2024-12-26,2025-01-02,5,12.99,0
642,1642,ORD-000642,138,4,10,2022-11-01,2022-11-07,3,699.99,20
642,1643,ORD-000642,138,9,10,2022-11-01,2022-11-07,5,79.99,10
643,1644,ORD-000643,126,11,7,2022-06-16,2022-06-24,5,19.99,5
644,1645,ORD-000644,193,34,29,2024-11-08,2024-11-14,4,89.99,0
644,1646,ORD-000644,193,21,29,2024-11-08,2024-11-14,3,34.99,10
644,1647,ORD-000644,193,31,29,2024-11-08,2024-11-14,4,19.99,5
644,1648,ORD-000644,193,18,29,2024-11-08,2024-11-14,5,129.99,5
645,1649,ORD-000645,164,13,30,2022-03-16,2022-03-20,4,49.99,20
645,1650,ORD-000645,164,16,30,2022-03-16,2022-03-20,4,39.99,0
646,1651,ORD-000646,79,24,14,2024-02-12,2024-02-22,3,89.99,10
646,1652,ORD-000646,79,6,14,2024-02-12,2024-02-22,2,299.99,20
647,1653,ORD-000647,22,15,10,2024-06-29,2024-07-08,5,49.99,0
647,1654,ORD-000647,22,30,10,2024-06-29,2024-07-08,5,29.99,10
647,1655,ORD-000647,22,22,10,2024-06-29,2024-07-08,4,59.99,5
648,1656,ORD-000648,120,21,14,2024-04-17,2024-04-23,3,34.99,5
648,1657,ORD-000648,120,2,14,2024-04-17,2024-04-23,2,1199.99,5
648,1658,ORD-000648,120,15,14,2024-04-17,2024-04-23,3,49.99,15
648,1659,ORD-000648,120,5,14,2024-04-17,2024-04-23,3,549.99,0
649,1660,ORD-000649,76,18,27,2024-10-24,2024-11-02,2,129.99,0
650,1661,ORD-000650,31,22,3,2024-01-08,2024-01-09,2,59.99,15
650,1662,ORD-000650,31,22,3,2024-01-08,2024-01-09,3,59.99,0
651,1663,ORD-000651,191,35,27,2023-07-17,2023-07-21,3,24.99,0
651,1664,ORD-000651,191,20,27,2023-07-17,2023-07-21,3,29.99,20
652,1665,ORD-000652,89,31,26,2024-04-07,2024-04-14,5,19.99,20
653,1666,ORD-000653,39,14,28,2024-03-25,2024-03-29,4,34.99,0
653,1667,ORD-000653,39,34,28,2024-03-25,2024-03-29,5,89.99,20
654,1668,ORD-000654,142,6,25,2024-08-17,2024-08-25,3,299.99,20
654,1669,ORD-000654,142,13,25,2024-08-17,2024-08-25,4,49.99,20
654,1670,ORD-000654,142,27,25,2024-08-17,2024-08-25,2,24.99,5
655,1671,ORD-000655,116,37,28,2022-03-03,2022-03-09,2,24.99,0
655,1672,ORD-000655,116,1,28,2022-03-03,2022-03-09,4,899.99,20
656,1673,ORD-000656,169,27,27,2023-12-28,2024-01-03,4,24.99,15
656,1674,ORD-000656,169,26,27,2023-12-28,2024-01-03,5,79.99,0
657,1675,ORD-000657,84,9,19,2022-02-17,2022-02-27,2,79.99,0
658,1676,ORD-000658,146,26,21,2024-03-11,2024-03-18,1,79.99,10
658,1677,ORD-000658,146,25,21,2024-03-11,2024-03-18,2,59.99,5
659,1678,ORD-000659,28,11,11,2024-07-13,2024-07-18,1,19.99,15
660,1679,ORD-000660,142,2,6,2022-03-07,2022-03-17,2,1199.99,0
660,1680,ORD-000660,142,5,6,2022-03-07,2022-03-17,4,549.99,0
660,1681,ORD-000660,142,14,6,2022-03-07,2022-03-17,2,34.99,0
660,1682,ORD-000660,142,34,6,2022-03-07,2022-03-17,1,89.99,5
661,1683,ORD-000661,15,21,12,2024-11-27,2024-11-28,4,34.99,5
661,1684,ORD-000661,15,11,12,2024-11-27,2024-11-28,1,19.99,0
662,1685,ORD-000662,138,14,14,2024-09-06,2024-09-08,2,34.99,20
662,1686,ORD-000662,138,14,14,2024-09-06,2024-09-08,3,34.99,5
662,1687,ORD-000662,138,31,14,2024-09-06,2024-09-08,2,19.99,10
662,1688,ORD-000662,138,37,14,2024-09-06,2024-09-08,3,24.99,10
663,1689,ORD-000663,52,1,17,2024-07-28,2024-08-02,2,899.99,5
663,1690,ORD-000663,52,5,17,2024-07-28,2024-08-02,4,549.99,10
664,1691,ORD-000664,64,30,17,2023-11-05,2023-11-15,4,29.99,10
664,1692,ORD-000664,64,3,17,2023-11-05,2023-11-15,1,1599.99,0
664,1693,ORD-000664,64,30,17,2023-11-05,2023-11-15,3,29.99,15
664,1694,ORD-000664,64,20,17,2023-11-05,2023-11-15,4,29.99,10
665,1695,ORD-000665,45,30,14,2023-05-26,2023-05-29,4,29.99,15
665,1696,ORD-000665,45,12,14,2023-05-26,2023-05-29,5,59.99,0
665,1697,ORD-000665,45,26,14,2023-05-26,2023-05-29,1,79.99,0
665,1698,ORD-000665,45,11,14,2023-05-26,2023-05-29,3,19.99,15
666,1699,ORD-000666,138,27,10,2022-05-17,2022-05-21,5,24.99,0
666,1700,ORD-000666,138,24,10,2022-05-17,2022-05-21,1,89.99,20
666,1701,ORD-000666,138,7,10,2022-05-17,2022-05-21,5,49.99,20
666,1702,ORD-000666,138,21,10,2022-05-17,2022-05-21,4,34.99,5
667,1703,ORD-000667,43,30,9,2023-03-01,2023-03-10,1,29.99,0
668,1704,ORD-000668,164,26,23,2024-08-03,2024-08-10,2,79.99,5
668,1705,ORD-000668,164,3,23,2024-08-03,2024-08-10,1,1599.99,0
668,1706,ORD-000668,164,8,23,2024-08-03,2024-08-10,2,29.99,0
669,1707,ORD-000669,172,5,24,2024-08-08,2024-08-16,1,549.99,10
669,1708,ORD-000669,172,16,24,2024-08-08,2024-08-16,4,39.99,0
669,1709,ORD-000669,172,31,24,2024-08-08,2024-08-16,3,19.99,20
669,1710,ORD-000669,172,11,24,2024-08-08,2024-08-16,2,19.99,20
670,1711,ORD-000670,5,8,20,2022-07-25,2022-07-28,5,29.99,15
670,1712,ORD-000670,5,26,20,2022-07-25,2022-07-28,2,79.99,0
670,1713,ORD-000670,5,1,20,2022-07-25,2022-07-28,3,899.99,0
671,1714,ORD-000671,113,35,12,2022-12-31,2023-01-04,2,24.99,5
672,1715,ORD-000672,179,20,2,2024-12-06,2024-12-08,4,29.99,0
672,1716,ORD-000672,179,39,2,2024-12-06,2024-12-08,1,14.99,0
672,1717,ORD-000672,179,25,2,2024-12-06,2024-12-08,2,59.99,0
672,1718,ORD-000672,179,24,2,2024-12-06,2024-12-08,2,89.99,0
673,1719,ORD-000673,24,22,1,2024-05-13,2024-05-14,2,59.99,15
674,1720,ORD-000674,172,11,3,2023-03-28,2023-03-30,1,19.99,5
674,1721,ORD-000674,172,33,3,2023-03-28,2023-03-30,1,24.99,20
675,1722,ORD-000675,84,35,11,2023-01-24,2023-02-03,4,24.99,5
675,1723,ORD-000675,84,8,11,2023-01-24,2023-02-03,2,29.99,0
676,1724,ORD-000676,28,26,12,2023-10-25,2023-10-28,3,79.99,0
677,1725,ORD-000677,100,18,7,2024-07-28,2024-08-01,5,129.99,0
678,1726,ORD-000678,12,39,3,2023-03-24,2023-03-31,4,14.99,0
678,1727,ORD-000678,12,35,3,2023-03-24,2023-03-31,5,24.99,0
678,1728,ORD-000678,12,17,3,2023-03-24,2023-03-31,1,34.99,10
679,1729,ORD-000679,84,12,21,2024-03-06,2024-03-09,3,59.99,20
679,1730,ORD-000679,84,31,21,2024-03-06,2024-03-09,1,19.99,0
679,1731,ORD-000679,84,2,21,2024-03-06,2024-03-09,5,1199.99,10
680,1732,ORD-000680,115,15,13,2024-11-12,2024-11-16,1,49.99,10
681,1733,ORD-000681,195,28,29,2022-09-12,2022-09-17,2,39.99,10
681,1734,ORD-000681,195,6,29,2022-09-12,2022-09-17,1,299.99,0
682,1735,ORD-000682,96,25,16,2023-08-31,2023-09-04,2,59.99,15
682,1736,ORD-000682,96,3,16,2023-08-31,2023-09-04,2,1599.99,15
683,1737,ORD-000683,154,21,15,2023-11-05,2023-11-08,1,34.99,10
683,1738,ORD-000683,154,27,15,2023-11-05,2023-11-08,3,24.99,20
683,1739,ORD-000683,154,2,15,2023-11-05,2023-11-08,2,1199.99,20
684,1740,ORD-000684,188,35,11,2023-12-03,2023-12-07,1,24.99,15
684,1741,ORD-000684,188,16,11,2023-12-03,2023-12-07,2,39.99,10
685,1742,ORD-000685,98,1,17,2023-10-21,2023-10-24,1,899.99,20
685,1743,ORD-000685,98,32,17,2023-10-21,2023-10-24,1,14.99,0
685,1744,ORD-000685,98,4,17,2023-10-21,2023-10-24,2,699.99,0
685,1745,ORD-000685,98,9,17,2023-10-21,2023-10-24,1,79.99,0
686,1746,ORD-000686,152,28,18,2023-02-23,2023-02-27,4,39.99,0
687,1747,ORD-000687,43,12,24,2023-02-09,2023-02-13,5,59.99,0
687,1748,ORD-000687,43,20,24,2023-02-09,2023-02-13,3,29.99,10
687,1749,ORD-000687,43,29,24,2023-02-09,2023-02-13,2,44.99,0
687,1750,ORD-000687,43,31,24,2023-02-09,2023-02-13,1,19.99,0
688,1751,ORD-000688,102,28,13,2022-12-10,2022-12-18,5,39.99,10
688,1752,ORD-000688,102,28,13,2022-12-10,2022-12-18,2,39.99,20
688,1753,ORD-000688,102,31,13,2022-12-10,2022-12-18,1,19.99,20
688,1754,ORD-000688,102,25,13,2022-12-10,2022-12-18,4,59.99,20
689,1755,ORD-000689,22,36,25,2023-09-07,2023-09-17,2,149.99,0
689,1756,ORD-000689,22,25,25,2023-09-07,2023-09-17,4,59.99,0
690,1757,ORD-000690,117,5,10,2024-02-08,2024-02-17,3,549.99,0
690,1758,ORD-000690,117,31,10,2024-02-08,2024-02-17,2,19.99,0
690,1759,ORD-000690,117,13,10,2024-02-08,2024-02-17,1,49.99,0
690,1760,ORD-000690,117,33,10,2024-02-08,2024-02-17,3,24.99,5
691,1761,ORD-000691,104,25,30,2024-05-01,2024-05-08,4,59.99,0
691,1762,ORD-000691,104,38,30,2024-05-01,2024-05-08,1,34.99,5
691,1763,ORD-000691,104,3,30,2024-05-01,2024-05-08,1,1599.99,5
692,1764,ORD-000692,145,23,6,2023-02-02,2023-02-09,5,49.99,15
692,1765,ORD-000692,145,32,6,2023-02-02,2023-02-09,3,14.99,15
692,1766,ORD-000692,145,4,6,2023-02-02,2023-02-09,4,699.99,5
693,1767,ORD-000693,189,24,8,2023-05-12,2023-05-20,1,89.99,15
694,1768,ORD-000694,171,10,21,2022-10-30,2022-11-04,3,39.99,0
694,1769,ORD-000694,171,39,21,2022-10-30,2022-11-04,5,14.99,15
694,1770,ORD-000694,171,11,21,2022-10-30,2022-11-04,1,19.99,0
694,1771,ORD-000694,171,6,21,2022-10-30,2022-11-04,4,299.99,5
695,1772,ORD-000695,181,28,19,2022-06-14,2022-06-23,2,39.99,20
695,1773,ORD-000695,181,28,19,2022-06-14,2022-06-23,3,39.99,15
696,1774,ORD-000696,78,27,17,2024-12-27,2025-01-03,1,24.99,0
696,1775,ORD-000696,78,37,17,2024-12-27,2025-01-03,3,24.99,20
696,1776,ORD-000696,78,10,17,2024-12-27,2025-01-03,3,39.99,15
697,1777,ORD-000697,54,11,30,2024-03-26,2024-03-31,4,19.99,0
698,1778,ORD-000698,25,19,3,2024-05-05,2024-05-14,4,14.99,0
698,1779,ORD-000698,25,12,3,2024-05-05,2024-05-14,3,59.99,0
698,1780,ORD-000698,25,9,3,2024-05-05,2024-05-14,2,79.99,5
698,1781,ORD-000698,25,12,3,2024-05-05,2024-05-14,5,59.99,0
699,1782,ORD-000699,116,4,19,2023-03-12,2023-03-15,2,699.99,20
699,1783,ORD-000699,116,13,19,2023-03-12,2023-03-15,3,49.99,20
700,1784,ORD-000700,105,19,15,2022-08-12,2022-08-15,1,14.99,5
701,1785,ORD-000701,32,38,9,2022-05-12,2022-05-18,2,34.99,5
702,1786,ORD-000702,125,18,22,2022-07-26,2022-07-27,1,129.99,15
703,1787,ORD-000703,150,34,26,2022-03-27,2022-03-29,1,89.99,5
703,1788,ORD-000703,150,39,26,2022-03-27,2022-03-29,5,14.99,20
704,1789,ORD-000704,69,39,30,2024-09-22,2024-09-30,4,14.99,0
704,1790,ORD-000704,69,24,30,2024-09-22,2024-09-30,3,89.99,0
704,1791,ORD-000704,69,16,30,2024-09-22,2024-09-30,3,39.99,15
705,1792,ORD-000705,103,7,13,2022-04-28,2022-05-04,1,49.99,5
705,1793,ORD-000705,103,26,13,2022-04-28,2022-05-04,2,79.99,0
705,1794,ORD-000705,103,39,13,2022-04-28,2022-05-04,1,14.99,20
706,1795,ORD-000706,136,40,9,2023-05-25,2023-05-31,4,12.99,10
706,1796,ORD-000706,136,27,9,2023-05-25,2023-05-31,2,24.99,0
706,1797,ORD-000706,136,21,9,2023-05-25,2023-05-31,1,34.99,15
706,1798,ORD-000706,136,24,9,2023-05-25,2023-05-31,1,89.99,20
707,1799,ORD-000707,189,26,11,2024-06-28,2024-07-02,5,79.99,20
707,1800,ORD-000707,189,6,11,2024-06-28,2024-07-02,3,299.99,5
707,1801,ORD-000707,189,31,11,2024-06-28,2024-07-02,1,19.99,15
707,1802,ORD-000707,189,25,11,2024-06-28,2024-07-02,3,59.99,10
708,1803,ORD-000708,50,9,23,2022-10-21,2022-10-30,4,79.99,20
709,1804,ORD-000709,23,8,10,2024-08-14,2024-08-17,4,29.99,15
709,1805,ORD-000709,23,35,10,2024-08-14,2024-08-17,2,24.99,0
709,1806,ORD-000709,23,14,10,2024-08-14,2024-08-17,2,34.99,20
709,1807,ORD-000709,23,6,10,2024-08-14,2024-08-17,1,299.99,5
710,1808,ORD-000710,184,18,1,2022-11-25,2022-12-01,2,129.99,15
710,1809,ORD-000710,184,17,1,2022-11-25,2022-12-01,4,34.99,15
710,1810,ORD-000710,184,8,1,2022-11-25,2022-12-01,2,29.99,10
710,1811,ORD-000710,184,32,1,2022-11-25,2022-12-01,1,14.99,20
711,1812,ORD-000711,178,22,11,2023-04-04,2023-04-14,4,59.99,15
712,1813,ORD-000712,191,15,24,2024-02-21,2024-03-01,2,49.99,0
712,1814,ORD-000712,191,8,24,2024-02-21,2024-03-01,3,29.99,0
712,1815,ORD-000712,191,8,24,2024-02-21,2024-03-01,1,29.99,0
712,1816,ORD-000712,191,38,24,2024-02-21,2024-03-01,2,34.99,15
713,1817,ORD-000713,30,25,19,2024-01-24,2024-01-27,5,59.99,15
713,1818,ORD-000713,30,1,19,2024-01-24,2024-01-27,3,899.99,0
713,1819,ORD-000713,30,38,19,2024-01-24,2024-01-27,5,34.99,0
714,1820,ORD-000714,100,34,14,2023-10-17,2023-10-23,5,89.99,10
714,1821,ORD-000714,100,15,14,2023-10-17,2023-10-23,1,49.99,5
715,1822,ORD-000715,3,19,18,2024-08-01,2024-08-07,2,14.99,5
715,1823,ORD-000715,3,30,18,2024-08-01,2024-08-07,2,29.99,10
716,1824,ORD-000716,73,20,5,2022-03-12,2022-03-22,5,29.99,15
716,1825,ORD-000716,73,8,5,2022-03-12,2022-03-22,3,29.99,20
716,1826,ORD-000716,73,37,5,2022-03-12,2022-03-22,4,24.99,15
717,1827,ORD-000717,56,22,16,2023-08-20,2023-08-27,2,59.99,20
718,1828,ORD-000718,184,32,7,2023-04-06,2023-04-07,4,14.99,0
718,1829,ORD-000718,184,11,7,2023-04-06,2023-04-07,1,19.99,10
719,1830,ORD-000719,101,26,11,2024-05-15,2024-05-23,4,79.99,0
719,1831,ORD-000719,101,34,11,2024-05-15,2024-05-23,3,89.99,0
719,1832,ORD-000719,101,13,11,2024-05-15,2024-05-23,5,49.99,5
720,1833,ORD-000720,25,20,5,2023-10-25,2023-11-04,4,29.99,15
721,1834,ORD-000721,42,19,19,2022-10-09,2022-10-17,2,14.99,0
721,1835,ORD-000721,42,14,19,2022-10-09,2022-10-17,2,34.99,15
721,1836,ORD-000721,42,1,19,2022-10-09,2022-10-17,3,899.99,15
721,1837,ORD-000721,42,37,19,2022-10-09,2022-10-17,1,24.99,15
722,1838,ORD-000722,38,7,13,2024-05-24,2024-05-27,3,49.99,5
723,1839,ORD-000723,46,38,2,2022-08-29,2022-09-07,4,34.99,0
723,1840,ORD-000723,46,26,2,2022-08-29,2022-09-07,2,79.99,0
723,1841,ORD-000723,46,8,2,2022-08-29,2022-09-07,2,29.99,5
724,1842,ORD-000724,126,30,10,2022-12-20,2022-12-27,4,29.99,0
725,1843,ORD-000725,162,8,21,2024-06-30,2024-07-06,1,29.99,0
726,1844,ORD-000726,32,38,16,2024-11-09,2024-11-13,5,34.99,10
727,1845,ORD-000727,123,25,9,2022-07-13,2022-07-23,4,59.99,15
727,1846,ORD-000727,123,28,9,2022-07-13,2022-07-23,3,39.99,10
728,1847,ORD-000728,33,26,4,2023-10-29,2023-10-31,1,79.99,5
728,1848,ORD-000728,33,36,4,2023-10-29,2023-10-31,5,149.99,20
729,1849,ORD-000729,136,14,16,2022-05-11,2022-05-20,1,34.99,0
730,1850,ORD-000730,154,21,23,2023-01-04,2023-01-05,1,34.99,0
730,1851,ORD-000730,154,9,23,2023-01-04,2023-01-05,5,79.99,0
730,1852,ORD-000730,154,11,23,2023-01-04,2023-01-05,1,19.99,10
730,1853,ORD-000730,154,17,23,2023-01-04,2023-01-05,1,34.99,0
731,1854,ORD-000731,32,28,17,2023-09-04,2023-09-10,1,39.99,0
731,1855,ORD-000731,32,20,17,2023-09-04,2023-09-10,1,29.99,10
732,1856,ORD-000732,76,37,22,2024-12-29,2025-01-06,4,24.99,15
732,1857,ORD-000732,76,21,22,2024-12-29,2025-01-06,5,34.99,0
733,1858,ORD-000733,156,3,18,2024-11-11,2024-11-15,2,1599.99,0
734,1859,ORD-000734,49,39,5,2023-09-06,2023-09-10,5,14.99,0
734,1860,ORD-000734,49,38,5,2023-09-06,2023-09-10,3,34.99,0
735,1861,ORD-000735,33,17,24,2024-05-14,2024-05-16,4,34.99,15
735,1862,ORD-000735,33,11,24,2024-05-14,2024-05-16,4,19.99,5
735,1863,ORD-000735,33,6,24,2024-05-14,2024-05-16,3,299.99,15
736,1864,ORD-000736,109,5,23,2022-10-21,2022-10-30,3,549.99,15
736,1865,ORD-000736,109,13,23,2022-10-21,2022-10-30,3,49.99,10
737,1866,ORD-000737,169,27,21,2024-11-13,2024-11-23,2,24.99,0
737,1867,ORD-000737,169,28,21,2024-11-13,2024-11-23,4,39.99,0
738,1868,ORD-000738,155,35,8,2022-06-08,2022-06-13,1,24.99,15
739,1869,ORD-000739,141,24,14,2022-05-16,2022-05-22,3,89.99,20
740,1870,ORD-000740,70,7,5,2023-04-08,2023-04-13,4,49.99,0
741,1871,ORD-000741,97,38,4,2022-09-10,2022-09-13,4,34.99,0
741,1872,ORD-000741,97,34,4,2022-09-10,2022-09-13,3,89.99,15
741,1873,ORD-000741,97,37,4,2022-09-10,2022-09-13,3,24.99,10
742,1874,ORD-000742,70,21,20,2022-07-22,2022-07-23,4,34.99,0
742,1875,ORD-000742,70,23,20,2022-07-22,2022-07-23,5,49.99,10
743,1876,ORD-000743,153,17,29,2024-04-04,2024-04-12,1,34.99,15
743,1877,ORD-000743,153,33,29,2024-04-04,2024-04-12,2,24.99,15
744,1878,ORD-000744,33,4,5,2024-02-15,2024-02-25,3,699.99,15
744,1879,ORD-000744,33,16,5,2024-02-15,2024-02-25,5,39.99,5
744,1880,ORD-000744,33,30,5,2024-02-15,2024-02-25,2,29.99,5
745,1881,ORD-000745,91,18,26,2024-08-17,2024-08-26,4,129.99,10
745,1882,ORD-000745,91,15,26,2024-08-17,2024-08-26,3,49.99,15
745,1883,ORD-000745,91,6,26,2024-08-17,2024-08-26,3,299.99,5
746,1884,ORD-000746,198,16,11,2022-07-04,2022-07-06,1,39.99,0
747,1885,ORD-000747,148,1,2,2022-06-23,2022-06-28,4,899.99,15
747,1886,ORD-000747,148,33,2,2022-06-23,2022-06-28,2,24.99,5
747,1887,ORD-000747,148,32,2,2022-06-23,2022-06-28,5,14.99,15
747,1888,ORD-000747,148,35,2,2022-06-23,2022-06-28,1,24.99,5
748,1889,ORD-000748,4,35,20,2023-01-25,2023-01-26,3,24.99,0
748,1890,ORD-000748,4,34,20,2023-01-25,2023-01-26,5,89.99,0
748,1891,ORD-000748,4,39,20,2023-01-25,2023-01-26,4,14.99,0
748,1892,ORD-000748,4,34,20,2023-01-25,2023-01-26,2,89.99,0
749,1893,ORD-000749,20,4,12,2022-10-01,2022-10-10,4,699.99,5
749,1894,ORD-000749,20,25,12,2022-10-01,2022-10-10,2,59.99,0
749,1895,ORD-000749,20,8,12,2022-10-01,2022-10-10,3,29.99,15
750,1896,ORD-000750,64,31,27,2022-08-30,2022-09-04,3,19.99,0
750,1897,ORD-000750,64,14,27,2022-08-30,2022-09-04,1,34.99,15
750,1898,ORD-000750,64,37,27,2022-08-30,2022-09-04,4,24.99,0
751,1899,ORD-000751,79,40,30,2024-11-21,2024-11-22,4,12.99,0
751,1900,ORD-000751,79,23,30,2024-11-21,2024-11-22,1,49.99,10
751,1901,ORD-000751,79,30,30,2024-11-21,2024-11-22,3,29.99,0
751,1902,ORD-000751,79,23,30,2024-11-21,2024-11-22,1,49.99,0
752,1903,ORD-000752,90,1,29,2023-01-17,2023-01-24,1,899.99,5
752,1904,ORD-000752,90,32,29,2023-01-17,2023-01-24,2,14.99,0
752,1905,ORD-000752,90,34,29,2023-01-17,2023-01-24,5,89.99,0
753,1906,ORD-000753,106,17,4,2024-09-25,2024-09-26,2,34.99,5
753,1907,ORD-000753,106,26,4,2024-09-25,2024-09-26,3,79.99,0
754,1908,ORD-000754,94,7,14,2023-01-09,2023-01-18,4,49.99,15
754,1909,ORD-000754,94,29,14,2023-01-09,2023-01-18,2,44.99,0
754,1910,ORD-000754,94,23,14,2023-01-09,2023-01-18,4,49.99,0
755,1911,ORD-000755,92,19,29,2023-02-11,2023-02-13,1,14.99,0
755,1912,ORD-000755,92,26,29,2023-02-11,2023-02-13,4,79.99,15
756,1913,ORD-000756,85,31,29,2022-03-06,2022-03-09,3,19.99,0
756,1914,ORD-000756,85,27,29,2022-03-06,2022-03-09,4,24.99,10
757,1915,ORD-000757,127,33,26,2022-09-18,2022-09-24,4,24.99,0
757,1916,ORD-000757,127,8,26,2022-09-18,2022-09-24,1,29.99,20
757,1917,ORD-000757,127,2,26,2022-09-18,2022-09-24,2,1199.99,0
757,1918,ORD-000757,127,23,26,2022-09-18,2022-09-24,5,49.99,0
758,1919,ORD-000758,197,28,22,2023-04-30,2023-05-01,5,39.99,15
758,1920,ORD-000758,197,1,22,2023-04-30,2023-05-01,4,899.99,5
758,1921,ORD-000758,197,19,22,2023-04-30,2023-05-01,3,14.99,5
759,1922,ORD-000759,22,33,25,2024-05-28,2024-06-01,2,24.99,0
759,1923,ORD-000759,22,18,25,2024-05-28,2024-06-01,1,129.99,20
760,1924,ORD-000760,68,31,23,2023-05-22,2023-05-29,1,19.99,15
760,1925,ORD-000760,68,33,23,2023-05-22,2023-05-29,5,24.99,0
761,1926,ORD-000761,49,9,28,2022-11-01,2022-11-05,4,79.99,0
762,1927,ORD-000762,71,40,7,2022-10-27,2022-11-03,2,12.99,0
763,1928,ORD-000763,14,15,13,2024-04-14,2024-04-23,2,49.99,0
763,1929,ORD-000763,14,28,13,2024-04-14,2024-04-23,4,39.99,0
763,1930,ORD-000763,14,33,13,2024-04-14,2024-04-23,4,24.99,15
764,1931,ORD-000764,14,18,10,2022-08-14,2022-08-19,3,129.99,15
764,1932,ORD-000764,14,27,10,2022-08-14,2022-08-19,2,24.99,0
764,1933,ORD-000764,14,4,10,2022-08-14,2022-08-19,2,699.99,0
765,1934,ORD-000765,1,31,2,2023-10-21,2023-10-25,3,19.99,10
765,1935,ORD-000765,1,7,2,2023-10-21,2023-10-25,4,49.99,0
765,1936,ORD-000765,1,17,2,2023-10-21,2023-10-25,4,34.99,0
766,1937,ORD-000766,86,36,10,2022-08-17,2022-08-19,2,149.99,0
767,1938,ORD-000767,93,16,24,2024-01-11,2024-01-21,3,39.99,0
767,1939,ORD-000767,93,38,24,2024-01-11,2024-01-21,4,34.99,0
767,1940,ORD-000767,93,7,24,2024-01-11,2024-01-21,2,49.99,15
768,1941,ORD-000768,191,13,20,2022-09-04,2022-09-05,4,49.99,0
768,1942,ORD-000768,191,5,20,2022-09-04,2022-09-05,5,549.99,10
769,1943,ORD-000769,88,3,10,2024-08-29,2024-09-02,2,1599.99,0
769,1944,ORD-000769,88,27,10,2024-08-29,2024-09-02,5,24.99,15
770,1945,ORD-000770,65,8,29,2023-12-13,2023-12-19,4,29.99,0
770,1946,ORD-000770,65,31,29,2023-12-13,2023-12-19,4,19.99,10
770,1947,ORD-000770,65,33,29,2023-12-13,2023-12-19,1,24.99,0
770,1948,ORD-000770,65,39,29,2023-12-13,2023-12-19,3,14.99,15
771,1949,ORD-000771,34,13,10,2022-04-04,2022-04-14,4,49.99,5
772,1950,ORD-000772,176,29,18,2024-11-17,2024-11-19,5,44.99,5
772,1951,ORD-000772,176,36,18,2024-11-17,2024-11-19,4,149.99,5
773,1952,ORD-000773,156,11,9,2023-02-28,2023-03-03,5,19.99,0
774,1953,ORD-000774,152,33,23,2022-01-19,2022-01-28,5,24.99,0
774,1954,ORD-000774,152,20,23,2022-01-19,2022-01-28,2,29.99,0
774,1955,ORD-000774,152,18,23,2022-01-19,2022-01-28,5,129.99,0
774,1956,ORD-000774,152,11,23,2022-01-19,2022-01-28,2,19.99,0
775,1957,ORD-000775,137,18,8,2023-08-21,2023-08-22,2,129.99,0
775,1958,ORD-000775,137,4,8,2023-08-21,2023-08-22,2,699.99,20
776,1959,ORD-000776,54,39,18,2022-08-26,2022-08-27,3,14.99,0
776,1960,ORD-000776,54,6,18,2022-08-26,2022-08-27,5,299.99,0
776,1961,ORD-000776,54,9,18,2022-08-26,2022-08-27,4,79.99,10
777,1962,ORD-000777,76,15,11,2022-04-28,2022-04-29,3,49.99,0
777,1963,ORD-000777,76,17,11,2022-04-28,2022-04-29,1,34.99,10
777,1964,ORD-000777,76,38,11,2022-04-28,2022-04-29,1,34.99,15
778,1965,ORD-000778,191,29,23,2024-02-22,2024-02-27,2,44.99,0
778,1966,ORD-000778,191,18,23,2024-02-22,2024-02-27,2,129.99,10
779,1967,ORD-000779,162,15,26,2024-03-20,2024-03-23,4,49.99,0
779,1968,ORD-000779,162,10,26,2024-03-20,2024-03-23,4,39.99,0
779,1969,ORD-000779,162,32,26,2024-03-20,2024-03-23,2,14.99,5
779,1970,ORD-000779,162,12,26,2024-03-20,2024-03-23,2,59.99,0
780,1971,ORD-000780,146,20,16,2023-01-05,2023-01-10,2,29.99,0
781,1972,ORD-000781,101,5,22,2023-01-20,2023-01-22,4,549.99,0
781,1973,ORD-000781,101,30,22,2023-01-20,2023-01-22,4,29.99,0
782,1974,ORD-000782,186,25,17,2022-10-09,2022-10-10,4,59.99,0
783,1975,ORD-000783,29,16,27,2022-01-28,2022-01-29,1,39.99,0
783,1976,ORD-000783,29,10,27,2022-01-28,2022-01-29,5,39.99,0
784,1977,ORD-000784,3,6,26,2022-08-06,2022-08-15,2,299.99,0
784,1978,ORD-000784,3,31,26,2022-08-06,2022-08-15,5,19.99,5
784,1979,ORD-000784,3,11,26,2022-08-06,2022-08-15,3,19.99,0
785,1980,ORD-000785,123,35,5,2023-05-15,2023-05-16,1,24.99,0
785,1981,ORD-000785,123,3,5,2023-05-15,2023-05-16,1,1599.99,10
785,1982,ORD-000785,123,19,5,2023-05-15,2023-05-16,1,14.99,10
786,1983,ORD-000786,107,15,5,2022-01-03,2022-01-07,4,49.99,5
787,1984,ORD-000787,38,8,12,2023-08-11,2023-08-15,4,29.99,0
787,1985,ORD-000787,38,8,12,2023-08-11,2023-08-15,2,29.99,0
787,1986,ORD-000787,38,19,12,2023-08-11,2023-08-15,3,14.99,0
787,1987,ORD-000787,38,40,12,2023-08-11,2023-08-15,3,12.99,0
788,1988,ORD-000788,93,12,30,2022-06-23,2022-06-24,4,59.99,10
788,1989,ORD-000788,93,22,30,2022-06-23,2022-06-24,5,59.99,0
789,1990,ORD-000789,174,23,14,2022-11-04,2022-11-09,1,49.99,0
789,1991,ORD-000789,174,32,14,2022-11-04,2022-11-09,3,14.99,0
789,1992,ORD-000789,174,5,14,2022-11-04,2022-11-09,1,549.99,20
790,1993,ORD-000790,39,25,25,2022-10-28,2022-11-03,4,59.99,15
790,1994,ORD-000790,39,31,25,2022-10-28,2022-11-03,1,19.99,0
791,1995,ORD-000791,148,21,14,2023-07-25,2023-07-28,2,34.99,0
792,1996,ORD-000792,197,28,13,2023-12-24,2023-12-30,4,39.99,15
792,1997,ORD-000792,197,27,13,2023-12-24,2023-12-30,5,24.99,20
792,1998,ORD-000792,197,22,13,2023-12-24,2023-12-30,2,59.99,20
792,1999,ORD-000792,197,16,13,2023-12-24,2023-12-30,4,39.99,5
793,2000,ORD-000793,141,25,16,2024-12-29,2025-01-06,1,59.99,10
793,2001,ORD-000793,141,27,16,2024-12-29,2025-01-06,5,24.99,10
794,2002,ORD-000794,199,24,23,2023-03-26,2023-03-28,1,89.99,0
794,2003,ORD-000794,199,2,23,2023-03-26,2023-03-28,3,1199.99,10
795,2004,ORD-000795,122,24,5,2022-08-14,2022-08-15,2,89.99,0
795,2005,ORD-000795,122,30,5,2022-08-14,2022-08-15,2,29.99,20
795,2006,ORD-000795,122,36,5,2022-08-14,2022-08-15,4,149.99,0
796,2007,ORD-000796,54,8,27,2023-04-05,2023-04-06,2,29.99,5
796,2008,ORD-000796,54,2,27,2023-04-05,2023-04-06,4,1199.99,0
797,2009,ORD-000797,14,31,23,2022-08-06,2022-08-16,5,19.99,20
798,2010,ORD-000798,41,6,1,2022-10-28,2022-11-03,2,299.99,0
798,2011,ORD-000798,41,1,1,2022-10-28,2022-11-03,5,899.99,20
799,2012,ORD-000799,107,34,5,2023-01-09,2023-01-17,3,89.99,5
799,2013,ORD-000799,107,27,5,2023-01-09,2023-01-17,3,24.99,5
800,2014,ORD-000800,166,10,23,2022-01-28,2022-02-02,1,39.99,15
801,2015,ORD-000801,9,1,20,2022-12-22,2022-12-31,4,899.99,20
801,2016,ORD-000801,9,28,20,2022-12-22,2022-12-31,4,39.99,10
802,2017,ORD-000802,183,15,27,2023-06-13,2023-06-23,4,49.99,0
802,2018,ORD-000802,183,18,27,2023-06-13,2023-06-23,1,129.99,10
802,2019,ORD-000802,183,25,27,2023-06-13,2023-06-23,2,59.99,15
803,2020,ORD-000803,55,12,13,2022-04-25,2022-04-29,5,59.99,10
803,2021,ORD-000803,55,5,13,2022-04-25,2022-04-29,4,549.99,5
803,2022,ORD-000803,55,21,13,2022-04-25,2022-04-29,4,34.99,20
803,2023,ORD-000803,55,25,13,2022-04-25,2022-04-29,2,59.99,0
804,2024,ORD-000804,96,7,21,2024-05-18,2024-05-22,1,49.99,0
804,2025,ORD-000804,96,24,21,2024-05-18,2024-05-22,5,89.99,20
804,2026,ORD-000804,96,22,21,2024-05-18,2024-05-22,1,59.99,0
805,2027,ORD-000805,73,39,6,2022-08-07,2022-08-09,1,14.99,20
805,2028,ORD-000805,73,20,6,2022-08-07,2022-08-09,2,29.99,10
806,2029,ORD-000806,52,6,21,2022-03-08,2022-03-12,5,299.99,10
806,2030,ORD-000806,52,3,21,2022-03-08,2022-03-12,5,1599.99,20
806,2031,ORD-000806,52,31,21,2022-03-08,2022-03-12,1,19.99,0
807,2032,ORD-000807,81,19,3,2023-09-25,2023-09-26,4,14.99,10
807,2033,ORD-000807,81,13,3,2023-09-25,2023-09-26,3,49.99,20
807,2034,ORD-000807,81,26,3,2023-09-25,2023-09-26,3,79.99,0
808,2035,ORD-000808,180,33,22,2022-07-19,2022-07-25,1,24.99,10
808,2036,ORD-000808,180,10,22,2022-07-19,2022-07-25,1,39.99,10
808,2037,ORD-000808,180,25,22,2022-07-19,2022-07-25,4,59.99,10
808,2038,ORD-000808,180,3,22,2022-07-19,2022-07-25,3,1599.99,0
809,2039,ORD-000809,39,15,22,2024-08-06,2024-08-08,2,49.99,20
810,2040,ORD-000810,175,29,21,2022-10-16,2022-10-19,2,44.99,0
810,2041,ORD-000810,175,19,21,2022-10-16,2022-10-19,3,14.99,10
810,2042,ORD-000810,175,28,21,2022-10-16,2022-10-19,1,39.99,15
811,2043,ORD-000811,199,40,22,2024-03-04,2024-03-08,5,12.99,0
811,2044,ORD-000811,199,10,22,2024-03-04,2024-03-08,5,39.99,15
812,2045,ORD-000812,128,36,4,2022-01-31,2022-02-03,1,149.99,5
812,2046,ORD-000812,128,7,4,2022-01-31,2022-02-03,4,49.99,0
812,2047,ORD-000812,128,11,4,2022-01-31,2022-02-03,3,19.99,0
813,2048,ORD-000813,18,5,9,2024-01-15,2024-01-21,2,549.99,15
814,2049,ORD-000814,198,29,15,2023-06-13,2023-06-21,2,44.99,0
814,2050,ORD-000814,198,37,15,2023-06-13,2023-06-21,4,24.99,0
814,2051,ORD-000814,198,24,15,2023-06-13,2023-06-21,3,89.99,5
815,2052,ORD-000815,105,33,28,2022-09-22,2022-09-30,5,24.99,0
815,2053,ORD-000815,105,24,28,2022-09-22,2022-09-30,1,89.99,15
815,2054,ORD-000815,105,27,28,2022-09-22,2022-09-30,5,24.99,5
816,2055,ORD-000816,68,16,29,2022-03-29,2022-04-08,5,39.99,0
817,2056,ORD-000817,40,11,28,2022-08-04,2022-08-09,5,19.99,5
817,2057,ORD-000817,40,5,28,2022-08-04,2022-08-09,2,549.99,5
817,2058,ORD-000817,40,30,28,2022-08-04,2022-08-09,1,29.99,0
817,2059,ORD-000817,40,30,28,2022-08-04,2022-08-09,4,29.99,15
818,2060,ORD-000818,137,12,29,2024-08-10,2024-08-12,1,59.99,5
819,2061,ORD-000819,197,5,14,2023-02-13,2023-02-20,3,549.99,0
819,2062,ORD-000819,197,39,14,2023-02-13,2023-02-20,4,14.99,0
819,2063,ORD-000819,197,31,14,2023-02-13,2023-02-20,1,19.99,0
820,2064,ORD-000820,117,14,2,2022-11-15,2022-11-23,3,34.99,10
820,2065,ORD-000820,117,3,2,2022-11-15,2022-11-23,5,1599.99,20
821,2066,ORD-000821,98,14,2,2024-01-11,2024-01-18,1,34.99,0
821,2067,ORD-000821,98,2,2,2024-01-11,2024-01-18,4,1199.99,0
821,2068,ORD-000821,98,17,2,2024-01-11,2024-01-18,2,34.99,0
821,2069,ORD-000821,98,10,2,2024-01-11,2024-01-18,1,39.99,0
822,2070,ORD-000822,104,34,3,2023-09-03,2023-09-11,2,89.99,15
822,2071,ORD-000822,104,17,3,2023-09-03,2023-09-11,2,34.99,20
822,2072,ORD-000822,104,4,3,2023-09-03,2023-09-11,1,699.99,5
822,2073,ORD-000822,104,22,3,2023-09-03,2023-09-11,3,59.99,0
823,2074,ORD-000823,51,35,12,2024-05-08,2024-05-16,2,24.99,15
823,2075,ORD-000823,51,28,12,2024-05-08,2024-05-16,3,39.99,15
823,2076,ORD-000823,51,37,12,2024-05-08,2024-05-16,4,24.99,20
823,2077,ORD-000823,51,1,12,2024-05-08,2024-05-16,5,899.99,20
824,2078,ORD-000824,153,21,7,2022-06-09,2022-06-19,3,34.99,0
824,2079,ORD-000824,153,10,7,2022-06-09,2022-06-19,4,39.99,0
825,2080,ORD-000825,128,17,28,2023-10-11,2023-10-13,5,34.99,15
825,2081,ORD-000825,128,1,28,2023-10-11,2023-10-13,4,899.99,20
825,2082,ORD-000825,128,9,28,2023-10-11,2023-10-13,4,79.99,15
825,2083,ORD-000825,128,38,28,2023-10-11,2023-10-13,1,34.99,0
826,2084,ORD-000826,56,39,24,2023-01-20,2023-01-27,4,14.99,0
826,2085,ORD-000826,56,23,24,2023-01-20,2023-01-27,2,49.99,0
827,2086,ORD-000827,174,2,19,2022-01-30,2022-02-05,3,1199.99,0
827,2087,ORD-000827,174,33,19,2022-01-30,2022-02-05,1,24.99,15
827,2088,ORD-000827,174,32,19,2022-01-30,2022-02-05,4,14.99,5
828,2089,ORD-000828,106,34,12,2023-12-23,2024-01-01,3,89.99,0
828,2090,ORD-000828,106,12,12,2023-12-23,2024-01-01,4,59.99,5
828,2091,ORD-000828,106,24,12,2023-12-23,2024-01-01,2,89.99,10
828,2092,ORD-000828,106,39,12,2023-12-23,2024-01-01,2,14.99,10
829,2093,ORD-000829,112,40,13,2023-08-07,2023-08-14,1,12.99,0
829,2094,ORD-000829,112,7,13,2023-08-07,2023-08-14,1,49.99,15
829,2095,ORD-000829,112,2,13,2023-08-07,2023-08-14,5,1199.99,5
830,2096,ORD-000830,27,19,16,2022-07-24,2022-08-01,4,14.99,0
831,2097,ORD-000831,58,8,25,2024-07-20,2024-07-29,2,29.99,20
831,2098,ORD-000831,58,31,25,2024-07-20,2024-07-29,1,19.99,0
831,2099,ORD-000831,58,30,25,2024-07-20,2024-07-29,4,29.99,20
831,2100,ORD-000831,58,26,25,2024-07-20,2024-07-29,1,79.99,0
832,2101,ORD-000832,58,20,17,2023-08-04,2023-08-09,4,29.99,15
832,2102,ORD-000832,58,16,17,2023-08-04,2023-08-09,1,39.99,5
832,2103,ORD-000832,58,3,17,2023-08-04,2023-08-09,1,1599.99,0
833,2104,ORD-000833,40,22,26,2024-02-06,2024-02-15,2,59.99,10
833,2105,ORD-000833,40,28,26,2024-02-06,2024-02-15,2,39.99,10
833,2106,ORD-000833,40,26,26,2024-02-06,2024-02-15,2,79.99,10
834,2107,ORD-000834,165,9,13,2022-04-16,2022-04-26,4,79.99,15
834,2108,ORD-000834,165,12,13,2022-04-16,2022-04-26,4,59.99,0
834,2109,ORD-000834,165,34,13,2022-04-16,2022-04-26,2,89.99,5
834,2110,ORD-000834,165,15,13,2022-04-16,2022-04-26,1,49.99,15
835,2111,ORD-000835,33,17,17,2022-08-31,2022-09-10,5,34.99,0
835,2112,ORD-000835,33,21,17,2022-08-31,2022-09-10,2,34.99,0
835,2113,ORD-000835,33,6,17,2022-08-31,2022-09-10,1,299.99,5
835,2114,ORD-000835,33,1,17,2022-08-31,2022-09-10,5,899.99,0
836,2115,ORD-000836,8,2,20,2022-06-11,2022-06-21,2,1199.99,5
836,2116,ORD-000836,8,23,20,2022-06-11,2022-06-21,2,49.99,0
836,2117,ORD-000836,8,15,20,2022-06-11,2022-06-21,3,49.99,0
836,2118,ORD-000836,8,35,20,2022-06-11,2022-06-21,2,24.99,15
837,2119,ORD-000837,200,18,26,2024-02-14,2024-02-19,1,129.99,0
838,2120,ORD-000838,161,39,1,2022-07-31,2022-08-02,1,14.99,0
838,2121,ORD-000838,161,10,1,2022-07-31,2022-08-02,3,39.99,0
838,2122,ORD-000838,161,12,1,2022-07-31,2022-08-02,1,59.99,0
838,2123,ORD-000838,161,32,1,2022-07-31,2022-08-02,3,14.99,20
839,2124,ORD-000839,54,27,13,2022-07-26,2022-08-03,1,24.99,5
840,2125,ORD-000840,161,21,3,2023-03-07,2023-03-14,4,34.99,20
840,2126,ORD-000840,161,11,3,2023-03-07,2023-03-14,2,19.99,0
840,2127,ORD-000840,161,1,3,2023-03-07,2023-03-14,2,899.99,15
840,2128,ORD-000840,161,37,3,2023-03-07,2023-03-14,5,24.99,20
841,2129,ORD-000841,9,40,4,2023-12-04,2023-12-10,5,12.99,10
841,2130,ORD-000841,9,1,4,2023-12-04,2023-12-10,2,899.99,10
841,2131,ORD-000841,9,17,4,2023-12-04,2023-12-10,1,34.99,0
841,2132,ORD-000841,9,39,4,2023-12-04,2023-12-10,1,14.99,10
842,2133,ORD-000842,6,24,17,2024-11-14,2024-11-17,1,89.99,0
842,2134,ORD-000842,6,2,17,2024-11-14,2024-11-17,3,1199.99,0
843,2135,ORD-000843,57,31,3,2022-09-17,2022-09-22,2,19.99,0
843,2136,ORD-000843,57,23,3,2022-09-17,2022-09-22,5,49.99,15
843,2137,ORD-000843,57,19,3,2022-09-17,2022-09-22,4,14.99,15
844,2138,ORD-000844,127,17,14,2024-11-15,2024-11-22,2,34.99,0
844,2139,ORD-000844,127,18,14,2024-11-15,2024-11-22,4,129.99,0
845,2140,ORD-000845,150,32,26,2023-10-01,2023-10-04,4,14.99,5
845,2141,ORD-000845,150,28,26,2023-10-01,2023-10-04,5,39.99,15
846,2142,ORD-000846,70,39,27,2023-10-15,2023-10-25,4,14.99,5
847,2143,ORD-000847,52,29,19,2023-12-24,2023-12-30,2,44.99,0
848,2144,ORD-000848,131,26,9,2024-04-19,2024-04-24,1,79.99,0
848,2145,ORD-000848,131,12,9,2024-04-19,2024-04-24,3,59.99,5
848,2146,ORD-000848,131,12,9,2024-04-19,2024-04-24,3,59.99,0
849,2147,ORD-000849,19,21,7,2024-02-01,2024-02-07,1,34.99,0
849,2148,ORD-000849,19,21,7,2024-02-01,2024-02-07,1,34.99,15
850,2149,ORD-000850,85,15,7,2024-08-11,2024-08-21,5,49.99,0
850,2150,ORD-000850,85,25,7,2024-08-11,2024-08-21,3,59.99,10
850,2151,ORD-000850,85,14,7,2024-08-11,2024-08-21,5,34.99,0
851,2152,ORD-000851,27,37,18,2023-07-24,2023-08-03,4,24.99,15
852,2153,ORD-000852,194,13,14,2023-10-13,2023-10-19,1,49.99,20
852,2154,ORD-000852,194,32,14,2023-10-13,2023-10-19,4,14.99,0
853,2155,ORD-000853,71,11,14,2022-09-02,2022-09-04,5,19.99,0
853,2156,ORD-000853,71,38,14,2022-09-02,2022-09-04,4,34.99,0
853,2157,ORD-000853,71,37,14,2022-09-02,2022-09-04,1,24.99,0
853,2158,ORD-000853,71,2,14,2022-09-02,2022-09-04,5,1199.99,0
854,2159,ORD-000854,119,35,10,2022-09-26,2022-10-03,5,24.99,0
855,2160,ORD-000855,87,7,21,2022-02-03,2022-02-05,4,49.99,15
855,2161,ORD-000855,87,20,21,2022-02-03,2022-02-05,3,29.99,0
855,2162,ORD-000855,87,23,21,2022-02-03,2022-02-05,4,49.99,0
855,2163,ORD-000855,87,36,21,2022-02-03,2022-02-05,3,149.99,5
856,2164,ORD-000856,157,32,2,2024-03-16,2024-03-21,1,14.99,20
856,2165,ORD-000856,157,24,2,2024-03-16,2024-03-21,5,89.99,0
856,2166,ORD-000856,157,2,2,2024-03-16,2024-03-21,2,1199.99,0
856,2167,ORD-000856,157,1,2,2024-03-16,2024-03-21,2,899.99,0
857,2168,ORD-000857,83,6,28,2024-06-11,2024-06-15,2,299.99,15
857,2169,ORD-000857,83,24,28,2024-06-11,2024-06-15,5,89.99,0
858,2170,ORD-000858,177,8,28,2022-04-18,2022-04-23,1,29.99,0
859,2171,ORD-000859,20,18,9,2023-11-06,2023-11-16,2,129.99,0
859,2172,ORD-000859,20,38,9,2023-11-06,2023-11-16,4,34.99,0
859,2173,ORD-000859,20,9,9,2023-11-06,2023-11-16,3,79.99,20
859,2174,ORD-000859,20,10,9,2023-11-06,2023-11-16,5,39.99,20
860,2175,ORD-000860,106,37,21,2024-07-04,2024-07-06,4,24.99,15
860,2176,ORD-000860,106,32,21,2024-07-04,2024-07-06,3,14.99,0
861,2177,ORD-000861,198,17,24,2024-09-15,2024-09-19,3,34.99,15
862,2178,ORD-000862,22,5,12,2023-05-12,2023-05-16,4,549.99,0
863,2179,ORD-000863,55,13,1,2023-03-19,2023-03-27,4,49.99,0
863,2180,ORD-000863,55,22,1,2023-03-19,2023-03-27,2,59.99,20
863,2181,ORD-000863,55,38,1,2023-03-19,2023-03-27,5,34.99,10
863,2182,ORD-000863,55,21,1,2023-03-19,2023-03-27,3,34.99,15
864,2183,ORD-000864,117,9,21,2022-11-12,2022-11-21,2,79.99,0
865,2184,ORD-000865,99,13,15,2024-11-17,2024-11-21,1,49.99,0
865,2185,ORD-000865,99,28,15,2024-11-17,2024-11-21,2,39.99,15
865,2186,ORD-000865,99,20,15,2024-11-17,2024-11-21,5,29.99,15
865,2187,ORD-000865,99,7,15,2024-11-17,2024-11-21,2,49.99,5
866,2188,ORD-000866,28,30,24,2022-08-14,2022-08-18,2,29.99,0
867,2189,ORD-000867,8,17,16,2024-12-23,2024-12-31,1,34.99,10
867,2190,ORD-000867,8,6,16,2024-12-23,2024-12-31,3,299.99,5
867,2191,ORD-000867,8,14,16,2024-12-23,2024-12-31,2,34.99,5
868,2192,ORD-000868,129,29,14,2024-11-06,2024-11-12,3,44.99,0
869,2193,ORD-000869,26,19,2,2024-02-23,2024-03-01,2,14.99,5
869,2194,ORD-000869,26,12,2,2024-02-23,2024-03-01,5,59.99,0
870,2195,ORD-000870,136,7,20,2024-10-07,2024-10-16,1,49.99,15
870,2196,ORD-000870,136,16,20,2024-10-07,2024-10-16,1,39.99,0
870,2197,ORD-000870,136,8,20,2024-10-07,2024-10-16,1,29.99,0
870,2198,ORD-000870,136,37,20,2024-10-07,2024-10-16,3,24.99,0
871,2199,ORD-000871,17,40,18,2022-07-26,2022-07-31,4,12.99,5
871,2200,ORD-000871,17,26,18,2022-07-26,2022-07-31,1,79.99,0
872,2201,ORD-000872,188,11,27,2023-07-04,2023-07-12,2,19.99,0
872,2202,ORD-000872,188,19,27,2023-07-04,2023-07-12,5,14.99,0
873,2203,ORD-000873,188,20,1,2022-07-13,2022-07-16,2,29.99,0
873,2204,ORD-000873,188,21,1,2022-07-13,2022-07-16,1,34.99,0
873,2205,ORD-000873,188,12,1,2022-07-13,2022-07-16,3,59.99,5
873,2206,ORD-000873,188,10,1,2022-07-13,2022-07-16,1,39.99,15
874,2207,ORD-000874,122,17,14,2023-11-16,2023-11-17,1,34.99,0
874,2208,ORD-000874,122,1,14,2023-11-16,2023-11-17,5,899.99,0
875,2209,ORD-000875,122,31,19,2022-01-03,2022-01-11,1,19.99,0
875,2210,ORD-000875,122,2,19,2022-01-03,2022-01-11,5,1199.99,15
876,2211,ORD-000876,75,10,27,2023-04-13,2023-04-22,1,39.99,0
876,2212,ORD-000876,75,20,27,2023-04-13,2023-04-22,3,29.99,5
877,2213,ORD-000877,126,32,24,2023-12-20,2023-12-29,3,14.99,0
877,2214,ORD-000877,126,30,24,2023-12-20,2023-12-29,1,29.99,20
877,2215,ORD-000877,126,23,24,2023-12-20,2023-12-29,3,49.99,15
878,2216,ORD-000878,86,8,29,2024-11-26,2024-12-06,3,29.99,15
878,2217,ORD-000878,86,34,29,2024-11-26,2024-12-06,1,89.99,0
878,2218,ORD-000878,86,27,29,2024-11-26,2024-12-06,2,24.99,15
878,2219,ORD-000878,86,10,29,2024-11-26,2024-12-06,3,39.99,5
879,2220,ORD-000879,8,6,8,2024-06-01,2024-06-07,2,299.99,5
879,2221,ORD-000879,8,7,8,2024-06-01,2024-06-07,3,49.99,15
880,2222,ORD-000880,174,17,18,2024-07-09,2024-07-18,3,34.99,0
880,2223,ORD-000880,174,26,18,2024-07-09,2024-07-18,5,79.99,5
881,2224,ORD-000881,71,40,10,2023-01-26,2023-01-27,1,12.99,5
881,2225,ORD-000881,71,30,10,2023-01-26,2023-01-27,5,29.99,20
881,2226,ORD-000881,71,23,10,2023-01-26,2023-01-27,3,49.99,0
882,2227,ORD-000882,3,34,16,2022-10-29,2022-11-06,3,89.99,10
882,2228,ORD-000882,3,36,16,2022-10-29,2022-11-06,2,149.99,0
883,2229,ORD-000883,125,30,10,2022-05-13,2022-05-18,1,29.99,0
884,2230,ORD-000884,73,20,27,2022-09-10,2022-09-11,1,29.99,5
884,2231,ORD-000884,73,23,27,2022-09-10,2022-09-11,1,49.99,0
884,2232,ORD-000884,73,17,27,2022-09-10,2022-09-11,2,34.99,0
884,2233,ORD-000884,73,19,27,2022-09-10,2022-09-11,5,14.99,15
885,2234,ORD-000885,197,10,18,2022-11-14,2022-11-16,2,39.99,5
885,2235,ORD-000885,197,38,18,2022-11-14,2022-11-16,1,34.99,0
885,2236,ORD-000885,197,15,18,2022-11-14,2022-11-16,1,49.99,5
886,2237,ORD-000886,91,7,8,2024-03-02,2024-03-09,3,49.99,0
886,2238,ORD-000886,91,39,8,2024-03-02,2024-03-09,3,14.99,0
886,2239,ORD-000886,91,37,8,2024-03-02,2024-03-09,4,24.99,15
886,2240,ORD-000886,91,21,8,2024-03-02,2024-03-09,5,34.99,0
887,2241,ORD-000887,175,27,25,2023-02-13,2023-02-18,5,24.99,0
887,2242,ORD-000887,175,20,25,2023-02-13,2023-02-18,3,29.99,0
888,2243,ORD-000888,77,25,19,2024-08-02,2024-08-11,4,59.99,0
888,2244,ORD-000888,77,9,19,2024-08-02,2024-08-11,5,79.99,5
889,2245,ORD-000889,178,23,11,2024-10-28,2024-11-03,4,49.99,5
889,2246,ORD-000889,178,27,11,2024-10-28,2024-11-03,4,24.99,5
889,2247,ORD-000889,178,2,11,2024-10-28,2024-11-03,5,1199.99,0
889,2248,ORD-000889,178,27,11,2024-10-28,2024-11-03,1,24.99,20
890,2249,ORD-000890,36,9,20,2023-09-12,2023-09-16,5,79.99,10
890,2250,ORD-000890,36,37,20,2023-09-12,2023-09-16,3,24.99,0
890,2251,ORD-000890,36,26,20,2023-09-12,2023-09-16,2,79.99,5
891,2252,ORD-000891,172,4,1,2024-08-05,2024-08-14,1,699.99,0
891,2253,ORD-000891,172,18,1,2024-08-05,2024-08-14,1,129.99,0
891,2254,ORD-000891,172,39,1,2024-08-05,2024-08-14,1,14.99,20
891,2255,ORD-000891,172,19,1,2024-08-05,2024-08-14,5,14.99,5
892,2256,ORD-000892,177,14,11,2022-05-05,2022-05-07,5,34.99,0
893,2257,ORD-000893,144,10,24,2024-10-11,2024-10-14,3,39.99,15
893,2258,ORD-000893,144,20,24,2024-10-11,2024-10-14,1,29.99,20
894,2259,ORD-000894,125,1,20,2023-02-16,2023-02-18,2,899.99,10
895,2260,ORD-000895,31,7,17,2022-07-18,2022-07-22,4,49.99,0
895,2261,ORD-000895,31,33,17,2022-07-18,2022-07-22,4,24.99,5
896,2262,ORD-000896,15,31,30,2022-09-07,2022-09-12,2,19.99,20
896,2263,ORD-000896,15,16,30,2022-09-07,2022-09-12,5,39.99,0
896,2264,ORD-000896,15,40,30,2022-09-07,2022-09-12,4,12.99,20
896,2265,ORD-000896,15,40,30,2022-09-07,2022-09-12,1,12.99,5
897,2266,ORD-000897,38,16,21,2022-02-14,2022-02-17,2,39.99,10
897,2267,ORD-000897,38,35,21,2022-02-14,2022-02-17,2,24.99,5
898,2268,ORD-000898,123,24,10,2023-08-16,2023-08-18,3,89.99,5
898,2269,ORD-000898,123,25,10,2023-08-16,2023-08-18,1,59.99,5
898,2270,ORD-000898,123,27,10,2023-08-16,2023-08-18,4,24.99,0
898,2271,ORD-000898,123,2,10,2023-08-16,2023-08-18,3,1199.99,5
899,2272,ORD-000899,31,3,19,2024-03-08,2024-03-09,5,1599.99,5
899,2273,ORD-000899,31,3,19,2024-03-08,2024-03-09,3,1599.99,0
899,2274,ORD-000899,31,30,19,2024-03-08,2024-03-09,4,29.99,0
900,2275,ORD-000900,3,23,6,2024-01-03,2024-01-12,5,49.99,5
900,2276,ORD-000900,3,33,6,2024-01-03,2024-01-12,1,24.99,0
901,2277,ORD-000901,168,30,5,2023-12-22,2024-01-01,2,29.99,0
901,2278,ORD-000901,168,20,5,2023-12-22,2024-01-01,4,29.99,0
901,2279,ORD-000901,168,31,5,2023-12-22,2024-01-01,4,19.99,5
902,2280,ORD-000902,156,9,22,2023-01-05,2023-01-15,3,79.99,10
902,2281,ORD-000902,156,38,22,2023-01-05,2023-01-15,3,34.99,10
902,2282,ORD-000902,156,40,22,2023-01-05,2023-01-15,4,12.99,0
903,2283,ORD-000903,12,7,1,2022-11-22,2022-11-26,4,49.99,15
904,2284,ORD-000904,122,12,11,2023-04-20,2023-04-24,4,59.99,20
905,2285,ORD-000905,108,8,30,2022-05-12,2022-05-13,1,29.99,20
905,2286,ORD-000905,108,5,30,2022-05-12,2022-05-13,4,549.99,20
905,2287,ORD-000905,108,24,30,2022-05-12,2022-05-13,5,89.99,15
906,2288,ORD-000906,8,29,30,2022-12-23,2022-12-29,4,44.99,0
907,2289,ORD-000907,164,32,19,2023-02-14,2023-02-18,4,14.99,15
907,2290,ORD-000907,164,19,19,2023-02-14,2023-02-18,2,14.99,0
907,2291,ORD-000907,164,11,19,2023-02-14,2023-02-18,4,19.99,20
908,2292,ORD-000908,136,7,26,2023-01-29,2023-01-31,2,49.99,0
909,2293,ORD-000909,36,37,29,2022-01-11,2022-01-17,5,24.99,20
909,2294,ORD-000909,36,5,29,2022-01-11,2022-01-17,3,549.99,0
909,2295,ORD-000909,36,34,29,2022-01-11,2022-01-17,4,89.99,0
909,2296,ORD-000909,36,14,29,2022-01-11,2022-01-17,5,34.99,20
910,2297,ORD-000910,122,5,17,2023-12-23,2023-12-29,4,549.99,5
910,2298,ORD-000910,122,25,17,2023-12-23,2023-12-29,1,59.99,10
911,2299,ORD-000911,21,8,5,2024-11-25,2024-11-30,4,29.99,0
912,2300,ORD-000912,14,19,20,2023-11-09,2023-11-10,3,14.99,5
912,2301,ORD-000912,14,23,20,2023-11-09,2023-11-10,1,49.99,20
913,2302,ORD-000913,41,34,10,2022-06-03,2022-06-12,5,89.99,10
913,2303,ORD-000913,41,20,10,2022-06-03,2022-06-12,4,29.99,10
914,2304,ORD-000914,15,17,18,2022-08-16,2022-08-26,1,34.99,0
914,2305,ORD-000914,15,22,18,2022-08-16,2022-08-26,4,59.99,0
914,2306,ORD-000914,15,13,18,2022-08-16,2022-08-26,3,49.99,20
914,2307,ORD-000914,15,4,18,2022-08-16,2022-08-26,2,699.99,0
915,2308,ORD-000915,141,32,27,2023-11-07,2023-11-08,1,14.99,20
915,2309,ORD-000915,141,37,27,2023-11-07,2023-11-08,5,24.99,15
916,2310,ORD-000916,196,27,26,2022-03-14,2022-03-20,5,24.99,15
917,2311,ORD-000917,157,9,30,2022-06-15,2022-06-24,3,79.99,15
917,2312,ORD-000917,157,3,30,2022-06-15,2022-06-24,1,1599.99,0
917,2313,ORD-000917,157,32,30,2022-06-15,2022-06-24,5,14.99,0
917,2314,ORD-000917,157,23,30,2022-06-15,2022-06-24,4,49.99,5
918,2315,ORD-000918,78,2,26,2023-04-12,2023-04-13,2,1199.99,10
919,2316,ORD-000919,156,4,28,2024-02-16,2024-02-17,4,699.99,20
919,2317,ORD-000919,156,25,28,2024-02-16,2024-02-17,2,59.99,5
919,2318,ORD-000919,156,28,28,2024-02-16,2024-02-17,5,39.99,0
919,2319,ORD-000919,156,8,28,2024-02-16,2024-02-17,4,29.99,0
920,2320,ORD-000920,158,22,29,2024-01-24,2024-01-30,4,59.99,0
920,2321,ORD-000920,158,16,29,2024-01-24,2024-01-30,2,39.99,0
921,2322,ORD-000921,151,1,1,2023-04-11,2023-04-18,2,899.99,20
922,2323,ORD-000922,15,12,3,2022-04-27,2022-04-30,3,59.99,0
922,2324,ORD-000922,15,21,3,2022-04-27,2022-04-30,3,34.99,10
922,2325,ORD-000922,15,16,3,2022-04-27,2022-04-30,3,39.99,0
922,2326,ORD-000922,15,39,3,2022-04-27,2022-04-30,4,14.99,5
923,2327,ORD-000923,169,35,4,2022-06-07,2022-06-09,2,24.99,5
923,2328,ORD-000923,169,23,4,2022-06-07,2022-06-09,2,49.99,5
923,2329,ORD-000923,169,20,4,2022-06-07,2022-06-09,3,29.99,20
924,2330,ORD-000924,142,21,10,2023-05-16,2023-05-25,5,34.99,10
924,2331,ORD-000924,142,7,10,2023-05-16,2023-05-25,1,49.99,0
924,2332,ORD-000924,142,27,10,2023-05-16,2023-05-25,5,24.99,5
925,2333,ORD-000925,72,20,3,2023-02-21,2023-02-24,5,29.99,0
925,2334,ORD-000925,72,8,3,2023-02-21,2023-02-24,3,29.99,15
926,2335,ORD-000926,37,8,2,2023-04-27,2023-05-05,1,29.99,5
926,2336,ORD-000926,37,3,2,2023-04-27,2023-05-05,3,1599.99,0
926,2337,ORD-000926,37,38,2,2023-04-27,2023-05-05,4,34.99,0
926,2338,ORD-000926,37,6,2,2023-04-27,2023-05-05,1,299.99,0
927,2339,ORD-000927,157,25,13,2024-10-11,2024-10-12,4,59.99,0
927,2340,ORD-000927,157,15,13,2024-10-11,2024-10-12,2,49.99,5
927,2341,ORD-000927,157,12,13,2024-10-11,2024-10-12,4,59.99,10
927,2342,ORD-000927,157,4,13,2024-10-11,2024-10-12,3,699.99,0
928,2343,ORD-000928,139,17,25,2023-12-14,2023-12-15,5,34.99,0
928,2344,ORD-000928,139,2,25,2023-12-14,2023-12-15,3,1199.99,15
928,2345,ORD-000928,139,40,25,2023-12-14,2023-12-15,4,12.99,20
929,2346,ORD-000929,110,19,26,2022-04-27,2022-04-29,5,14.99,5
929,2347,ORD-000929,110,28,26,2022-04-27,2022-04-29,5,39.99,15
929,2348,ORD-000929,110,37,26,2022-04-27,2022-04-29,5,24.99,0
929,2349,ORD-000929,110,11,26,2022-04-27,2022-04-29,4,19.99,5
930,2350,ORD-000930,191,18,30,2023-05-03,2023-05-06,3,129.99,0
931,2351,ORD-000931,64,3,25,2023-08-29,2023-09-04,5,1599.99,0
931,2352,ORD-000931,64,24,25,2023-08-29,2023-09-04,3,89.99,15
931,2353,ORD-000931,64,17,25,2023-08-29,2023-09-04,5,34.99,0
931,2354,ORD-000931,64,8,25,2023-08-29,2023-09-04,3,29.99,10
932,2355,ORD-000932,170,30,11,2023-06-26,2023-06-29,1,29.99,5
932,2356,ORD-000932,170,1,11,2023-06-26,2023-06-29,4,899.99,0
932,2357,ORD-000932,170,23,11,2023-06-26,2023-06-29,4,49.99,15
932,2358,ORD-000932,170,36,11,2023-06-26,2023-06-29,2,149.99,5
933,2359,ORD-000933,15,5,19,2022-06-12,2022-06-17,4,549.99,0
933,2360,ORD-000933,15,17,19,2022-06-12,2022-06-17,3,34.99,0
933,2361,ORD-000933,15,32,19,2022-06-12,2022-06-17,2,14.99,0
934,2362,ORD-000934,162,15,6,2022-10-28,2022-11-07,1,49.99,15
935,2363,ORD-000935,10,3,6,2024-11-03,2024-11-11,5,1599.99,15
935,2364,ORD-000935,10,15,6,2024-11-03,2024-11-11,1,49.99,15
935,2365,ORD-000935,10,17,6,2024-11-03,2024-11-11,3,34.99,0
936,2366,ORD-000936,174,39,28,2023-12-25,2024-01-03,2,14.99,0
937,2367,ORD-000937,28,33,3,2024-11-04,2024-11-12,1,24.99,0
938,2368,ORD-000938,53,28,11,2024-01-31,2024-02-07,3,39.99,0
939,2369,ORD-000939,7,24,11,2024-01-08,2024-01-14,4,89.99,0
939,2370,ORD-000939,7,40,11,2024-01-08,2024-01-14,1,12.99,0
939,2371,ORD-000939,7,24,11,2024-01-08,2024-01-14,1,89.99,0
939,2372,ORD-000939,7,10,11,2024-01-08,2024-01-14,5,39.99,0
940,2373,ORD-000940,28,14,20,2023-03-10,2023-03-16,4,34.99,20
940,2374,ORD-000940,28,38,20,2023-03-10,2023-03-16,1,34.99,15
940,2375,ORD-000940,28,10,20,2023-03-10,2023-03-16,4,39.99,20
941,2376,ORD-000941,167,35,3,2022-06-08,2022-06-12,1,24.99,20
941,2377,ORD-000941,167,34,3,2022-06-08,2022-06-12,1,89.99,10
941,2378,ORD-000941,167,31,3,2022-06-08,2022-06-12,5,19.99,10
941,2379,ORD-000941,167,29,3,2022-06-08,2022-06-12,3,44.99,0
942,2380,ORD-000942,50,16,27,2023-08-24,2023-08-28,3,39.99,0
942,2381,ORD-000942,50,30,27,2023-08-24,2023-08-28,3,29.99,15
942,2382,ORD-000942,50,8,27,2023-08-24,2023-08-28,2,29.99,5
943,2383,ORD-000943,188,23,29,2024-04-19,2024-04-25,5,49.99,10
944,2384,ORD-000944,20,29,30,2024-01-12,2024-01-20,4,44.99,0
944,2385,ORD-000944,20,37,30,2024-01-12,2024-01-20,2,24.99,10
945,2386,ORD-000945,63,39,25,2024-04-14,2024-04-24,3,14.99,20
945,2387,ORD-000945,63,19,25,2024-04-14,2024-04-24,3,14.99,0
946,2388,ORD-000946,31,37,3,2024-04-16,2024-04-23,4,24.99,15
946,2389,ORD-000946,31,13,3,2024-04-16,2024-04-23,2,49.99,5
947,2390,ORD-000947,4,36,6,2022-09-05,2022-09-12,4,149.99,15
947,2391,ORD-000947,4,7,6,2022-09-05,2022-09-12,2,49.99,20
947,2392,ORD-000947,4,3,6,2022-09-05,2022-09-12,4,1599.99,0
948,2393,ORD-000948,177,28,6,2022-05-30,2022-06-02,3,39.99,0
948,2394,ORD-000948,177,26,6,2022-05-30,2022-06-02,5,79.99,0
948,2395,ORD-000948,177,19,6,2022-05-30,2022-06-02,1,14.99,0
948,2396,ORD-000948,177,22,6,2022-05-30,2022-06-02,5,59.99,10
949,2397,ORD-000949,158,29,4,2022-04-03,2022-04-05,4,44.99,15
949,2398,ORD-000949,158,29,4,2022-04-03,2022-04-05,4,44.99,0
949,2399,ORD-000949,158,31,4,2022-04-03,2022-04-05,2,19.99,15
950,2400,ORD-000950,47,1,24,2024-11-09,2024-11-11,5,899.99,10
950,2401,ORD-000950,47,24,24,2024-11-09,2024-11-11,4,89.99,5
951,2402,ORD-000951,83,7,15,2022-12-28,2023-01-06,2,49.99,0
951,2403,ORD-000951,83,32,15,2022-12-28,2023-01-06,3,14.99,0
951,2404,ORD-000951,83,37,15,2022-12-28,2023-01-06,5,24.99,10
952,2405,ORD-000952,149,25,17,2024-05-23,2024-05-28,3,59.99,20
952,2406,ORD-000952,149,12,17,2024-05-23,2024-05-28,2,59.99,0
952,2407,ORD-000952,149,14,17,2024-05-23,2024-05-28,4,34.99,10
953,2408,ORD-000953,72,19,19,2023-10-06,2023-10-08,2,14.99,0
953,2409,ORD-000953,72,19,19,2023-10-06,2023-10-08,3,14.99,5
953,2410,ORD-000953,72,29,19,2023-10-06,2023-10-08,2,44.99,0
954,2411,ORD-000954,74,15,30,2023-06-16,2023-06-26,3,49.99,0
955,2412,ORD-000955,25,39,7,2024-11-07,2024-11-10,1,14.99,10
956,2413,ORD-000956,138,2,26,2023-02-04,2023-02-05,3,1199.99,0
956,2414,ORD-000956,138,19,26,2023-02-04,2023-02-05,5,14.99,5
956,2415,ORD-000956,138,29,26,2023-02-04,2023-02-05,5,44.99,0
956,2416,ORD-000956,138,30,26,2023-02-04,2023-02-05,3,29.99,0
957,2417,ORD-000957,184,32,23,2022-09-03,2022-09-11,3,14.99,0
957,2418,ORD-000957,184,9,23,2022-09-03,2022-09-11,3,79.99,15
957,2419,ORD-000957,184,8,23,2022-09-03,2022-09-11,3,29.99,20
957,2420,ORD-000957,184,6,23,2022-09-03,2022-09-11,2,299.99,15
958,2421,ORD-000958,20,18,11,2022-11-17,2022-11-26,4,129.99,15
958,2422,ORD-000958,20,33,11,2022-11-17,2022-11-26,1,24.99,15
958,2423,ORD-000958,20,21,11,2022-11-17,2022-11-26,1,34.99,5
959,2424,ORD-000959,26,36,30,2024-12-03,2024-12-09,1,149.99,15
959,2425,ORD-000959,26,1,30,2024-12-03,2024-12-09,2,899.99,0
960,2426,ORD-000960,151,31,13,2023-03-27,2023-03-31,2,19.99,5
960,2427,ORD-000960,151,12,13,2023-03-27,2023-03-31,4,59.99,0
960,2428,ORD-000960,151,9,13,2023-03-27,2023-03-31,2,79.99,15
961,2429,ORD-000961,23,5,17,2023-03-15,2023-03-16,4,549.99,10
961,2430,ORD-000961,23,40,17,2023-03-15,2023-03-16,2,12.99,15
961,2431,ORD-000961,23,12,17,2023-03-15,2023-03-16,1,59.99,5
961,2432,ORD-000961,23,17,17,2023-03-15,2023-03-16,5,34.99,5
962,2433,ORD-000962,162,34,19,2023-04-26,2023-05-02,2,89.99,0
962,2434,ORD-000962,162,15,19,2023-04-26,2023-05-02,3,49.99,15
962,2435,ORD-000962,162,32,19,2023-04-26,2023-05-02,4,14.99,20
962,2436,ORD-000962,162,26,19,2023-04-26,2023-05-02,5,79.99,0
963,2437,ORD-000963,140,8,16,2023-08-29,2023-08-31,3,29.99,5
963,2438,ORD-000963,140,29,16,2023-08-29,2023-08-31,3,44.99,0
964,2439,ORD-000964,170,21,14,2022-08-26,2022-08-29,1,34.99,0
964,2440,ORD-000964,170,26,14,2022-08-26,2022-08-29,2,79.99,20
964,2441,ORD-000964,170,31,14,2022-08-26,2022-08-29,4,19.99,10
964,2442,ORD-000964,170,27,14,2022-08-26,2022-08-29,2,24.99,0
965,2443,ORD-000965,75,4,9,2024-11-05,2024-11-09,5,699.99,20
965,2444,ORD-000965,75,21,9,2024-11-05,2024-11-09,3,34.99,15
965,2445,ORD-000965,75,21,9,2024-11-05,2024-11-09,4,34.99,5
965,2446,ORD-000965,75,29,9,2024-11-05,2024-11-09,4,44.99,5
966,2447,ORD-000966,67,15,30,2022-04-22,2022-04-27,3,49.99,15
966,2448,ORD-000966,67,3,30,2022-04-22,2022-04-27,3,1599.99,5
966,2449,ORD-000966,67,27,30,2022-04-22,2022-04-27,2,24.99,10
966,2450,ORD-000966,67,11,30,2022-04-22,2022-04-27,5,19.99,0
967,2451,ORD-000967,200,9,21,2022-08-14,2022-08-24,5,79.99,10
967,2452,ORD-000967,200,2,21,2022-08-14,2022-08-24,1,1199.99,20
967,2453,ORD-000967,200,25,21,2022-08-14,2022-08-24,1,59.99,20
968,2454,ORD-000968,181,4,11,2023-12-24,2024-01-02,5,699.99,0
969,2455,ORD-000969,93,15,18,2023-02-11,2023-02-14,3,49.99,20
969,2456,ORD-000969,93,11,18,2023-02-11,2023-02-14,3,19.99,0
969,2457,ORD-000969,93,27,18,2023-02-11,2023-02-14,2,24.99,10
969,2458,ORD-000969,93,16,18,2023-02-11,2023-02-14,1,39.99,0
970,2459,ORD-000970,6,32,25,2024-12-14,2024-12-16,1,14.99,0
970,2460,ORD-000970,6,19,25,2024-12-14,2024-12-16,3,14.99,0
970,2461,ORD-000970,6,15,25,2024-12-14,2024-12-16,2,49.99,0
970,2462,ORD-000970,6,18,25,2024-12-14,2024-12-16,1,129.99,20
971,2463,ORD-000971,97,6,21,2024-03-31,2024-04-03,1,299.99,0
971,2464,ORD-000971,97,33,21,2024-03-31,2024-04-03,4,24.99,0
971,2465,ORD-000971,97,1,21,2024-03-31,2024-04-03,5,899.99,10
972,2466,ORD-000972,39,21,4,2024-03-12,2024-03-16,4,34.99,10
972,2467,ORD-000972,39,2,4,2024-03-12,2024-03-16,3,1199.99,0
972,2468,ORD-000972,39,30,4,2024-03-12,2024-03-16,2,29.99,0
973,2469,ORD-000973,68,28,21,2024-08-23,2024-08-30,1,39.99,0
973,2470,ORD-000973,68,27,21,2024-08-23,2024-08-30,5,24.99,0
973,2471,ORD-000973,68,31,21,2024-08-23,2024-08-30,3,19.99,15
974,2472,ORD-000974,137,32,17,2023-05-16,2023-05-23,4,14.99,0
975,2473,ORD-000975,196,37,18,2022-08-10,2022-08-18,1,24.99,5
975,2474,ORD-000975,196,15,18,2022-08-10,2022-08-18,4,49.99,0
976,2475,ORD-000976,123,10,19,2022-08-12,2022-08-17,1,39.99,0
976,2476,ORD-000976,123,36,19,2022-08-12,2022-08-17,2,149.99,0
976,2477,ORD-000976,123,32,19,2022-08-12,2022-08-17,5,14.99,0
977,2478,ORD-000977,22,34,5,2024-04-05,2024-04-15,5,89.99,20
977,2479,ORD-000977,22,15,5,2024-04-05,2024-04-15,1,49.99,20
977,2480,ORD-000977,22,32,5,2024-04-05,2024-04-15,3,14.99,5
977,2481,ORD-000977,22,20,5,2024-04-05,2024-04-15,3,29.99,20
978,2482,ORD-000978,39,1,2,2023-10-21,2023-10-31,3,899.99,15
978,2483,ORD-000978,39,14,2,2023-10-21,2023-10-31,5,34.99,20
978,2484,ORD-000978,39,32,2,2023-10-21,2023-10-31,5,14.99,5
978,2485,ORD-000978,39,21,2,2023-10-21,2023-10-31,2,34.99,0
979,2486,ORD-000979,119,7,23,2024-09-16,2024-09-25,4,49.99,15
980,2487,ORD-000980,20,34,13,2022-09-18,2022-09-19,1,89.99,0
980,2488,ORD-000980,20,13,13,2022-09-18,2022-09-19,4,49.99,20
981,2489,ORD-000981,30,34,2,2024-05-18,2024-05-26,4,89.99,0
981,2490,ORD-000981,30,36,2,2024-05-18,2024-05-26,4,149.99,5
982,2491,ORD-000982,3,18,10,2022-08-29,2022-09-05,5,129.99,0
982,2492,ORD-000982,3,40,10,2022-08-29,2022-09-05,3,12.99,10
982,2493,ORD-000982,3,11,10,2022-08-29,2022-09-05,2,19.99,0
983,2494,ORD-000983,134,34,22,2023-02-23,2023-03-05,5,89.99,0
983,2495,ORD-000983,134,31,22,2023-02-23,2023-03-05,4,19.99,0
983,2496,ORD-000983,134,22,22,2023-02-23,2023-03-05,2,59.99,0
984,2497,ORD-000984,135,27,23,2024-08-28,2024-08-29,2,24.99,0
984,2498,ORD-000984,135,31,23,2024-08-28,2024-08-29,1,19.99,0
984,2499,ORD-000984,135,20,23,2024-08-28,2024-08-29,2,29.99,0
985,2500,ORD-000985,178,4,4,2024-07-28,2024-08-03,5,699.99,5
986,2501,ORD-000986,153,23,6,2022-05-17,2022-05-23,1,49.99,0
986,2502,ORD-000986,153,18,6,2022-05-17,2022-05-23,3,129.99,20
987,2503,ORD-000987,110,17,19,2023-09-19,2023-09-25,5,34.99,10
987,2504,ORD-000987,110,13,19,2023-09-19,2023-09-25,1,49.99,10
987,2505,ORD-000987,110,10,19,2023-09-19,2023-09-25,1,39.99,15
987,2506,ORD-000987,110,14,19,2023-09-19,2023-09-25,3,34.99,0
988,2507,ORD-000988,68,22,19,2022-07-29,2022-08-01,5,59.99,20
988,2508,ORD-000988,68,38,19,2022-07-29,2022-08-01,5,34.99,0
988,2509,ORD-000988,68,40,19,2022-07-29,2022-08-01,4,12.99,0
988,2510,ORD-000988,68,11,19,2022-07-29,2022-08-01,1,19.99,20
989,2511,ORD-000989,60,10,7,2022-07-07,2022-07-17,2,39.99,5
989,2512,ORD-000989,60,1,7,2022-07-07,2022-07-17,3,899.99,0
990,2513,ORD-000990,14,31,5,2024-11-13,2024-11-21,3,19.99,0
990,2514,ORD-000990,14,33,5,2024-11-13,2024-11-21,1,24.99,0
990,2515,ORD-000990,14,36,5,2024-11-13,2024-11-21,4,149.99,5
990,2516,ORD-000990,14,25,5,2024-11-13,2024-11-21,4,59.99,0
991,2517,ORD-000991,80,39,27,2024-12-05,2024-12-11,2,14.99,0
992,2518,ORD-000992,163,36,27,2023-07-23,2023-07-26,4,149.99,5
992,2519,ORD-000992,163,17,27,2023-07-23,2023-07-26,1,34.99,10
992,2520,ORD-000992,163,28,27,2023-07-23,2023-07-26,3,39.99,0
992,2521,ORD-000992,163,2,27,2023-07-23,2023-07-26,3,1199.99,20
993,2522,ORD-000993,120,40,25,2023-12-10,2023-12-17,5,12.99,0
993,2523,ORD-000993,120,25,25,2023-12-10,2023-12-17,3,59.99,0
994,2524,ORD-000994,192,34,1,2023-02-06,2023-02-14,2,89.99,0
994,2525,ORD-000994,192,38,1,2023-02-06,2023-02-14,3,34.99,0
994,2526,ORD-000994,192,7,1,2023-02-06,2023-02-14,3,49.99,0
995,2527,ORD-000995,129,3,30,2022-01-27,2022-02-06,3,1599.99,15
995,2528,ORD-000995,129,31,30,2022-01-27,2022-02-06,4,19.99,0
995,2529,ORD-000995,129,17,30,2022-01-27,2022-02-06,3,34.99,15
996,2530,ORD-000996,15,32,19,2022-03-04,2022-03-12,2,14.99,5
996,2531,ORD-000996,15,35,19,2022-03-04,2022-03-12,1,24.99,0
996,2532,ORD-000996,15,24,19,2022-03-04,2022-03-12,1,89.99,10
996,2533,ORD-000996,15,10,19,2022-03-04,2022-03-12,2,39.99,20
997,2534,ORD-000997,34,29,3,2024-05-09,2024-05-11,1,44.99,0
998,2535,ORD-000998,25,22,28,2023-07-23,2023-07-27,3,59.99,15
999,2536,ORD-000999,44,26,29,2024-01-21,2024-01-30,4,79.99,20
1000,2537,ORD-001000,171,33,22,2022-05-06,2022-05-08,2,24.99,15
1000,2538,ORD-001000,171,18,22,2022-05-06,2022-05-08,1,129.99,0
1001,2539,ORD-001001,114,33,2,2023-07-19,2023-07-29,4,24.99,0
1001,2540,ORD-001001,114,1,2,2023-07-19,2023-07-29,3,899.99,0
1002,2541,ORD-001002,144,37,12,2022-08-30,2022-09-05,1,24.99,10
1002,2542,ORD-001002,144,30,12,2022-08-30,2022-09-05,1,29.99,0
1002,2543,ORD-001002,144,6,12,2022-08-30,2022-09-05,2,299.99,15
1002,2544,ORD-001002,144,6,12,2022-08-30,2022-09-05,2,299.99,0
1003,2545,ORD-001003,152,14,21,2022-02-11,2022-02-14,3,34.99,5
1004,2546,ORD-001004,21,9,29,2023-05-21,2023-05-26,3,79.99,0
1004,2547,ORD-001004,21,25,29,2023-05-21,2023-05-26,3,59.99,0
1005,2548,ORD-001005,72,13,5,2023-10-09,2023-10-16,3,49.99,0
1005,2549,ORD-001005,72,12,5,2023-10-09,2023-10-16,3,59.99,0
1006,2550,ORD-001006,179,23,15,2023-06-26,2023-06-28,5,49.99,0
1006,2551,ORD-001006,179,23,15,2023-06-26,2023-06-28,5,49.99,5
1006,2552,ORD-001006,179,11,15,2023-06-26,2023-06-28,1,19.99,20
1006,2553,ORD-001006,179,38,15,2023-06-26,2023-06-28,4,34.99,0
1007,2554,ORD-001007,138,19,19,2023-03-08,2023-03-15,2,14.99,0
1007,2555,ORD-001007,138,33,19,2023-03-08,2023-03-15,5,24.99,20
1007,2556,ORD-001007,138,18,19,2023-03-08,2023-03-15,1,129.99,10
1008,2557,ORD-001008,198,17,7,2023-06-13,2023-06-17,1,34.99,0
1008,2558,ORD-001008,198,34,7,2023-06-13,2023-06-17,2,89.99,5
1008,2559,ORD-001008,198,9,7,2023-06-13,2023-06-17,4,79.99,10
1008,2560,ORD-001008,198,21,7,2023-06-13,2023-06-17,3,34.99,10
1009,2561,ORD-001009,97,23,22,2022-03-11,2022-03-17,1,49.99,0
1010,2562,ORD-001010,108,12,16,2023-11-17,2023-11-23,3,59.99,0
1011,2563,ORD-001011,42,40,15,2023-01-17,2023-01-18,4,12.99,10
1011,2564,ORD-001011,42,37,15,2023-01-17,2023-01-18,4,24.99,15
1011,2565,ORD-001011,42,26,15,2023-01-17,2023-01-18,4,79.99,20
1011,2566,ORD-001011,42,16,15,2023-01-17,2023-01-18,3,39.99,15
1012,2567,ORD-001012,96,20,20,2023-11-23,2023-12-01,1,29.99,0
1012,2568,ORD-001012,96,33,20,2023-11-23,2023-12-01,1,24.99,5
1012,2569,ORD-001012,96,28,20,2023-11-23,2023-12-01,3,39.99,10
1012,2570,ORD-001012,96,26,20,2023-11-23,2023-12-01,5,79.99,0
1013,2571,ORD-001013,42,37,17,2022-12-07,2022-12-12,2,24.99,0
1013,2572,ORD-001013,42,22,17,2022-12-07,2022-12-12,1,59.99,0
1014,2573,ORD-001014,80,26,26,2022-10-17,2022-10-23,2,79.99,5
1014,2574,ORD-001014,80,1,26,2022-10-17,2022-10-23,2,899.99,0
1014,2575,ORD-001014,80,12,26,2022-10-17,2022-10-23,3,59.99,0
1014,2576,ORD-001014,80,6,26,2022-10-17,2022-10-23,2,299.99,0
1015,2577,ORD-001015,53,36,14,2022-07-04,2022-07-08,3,149.99,0
1015,2578,ORD-001015,53,31,14,2022-07-04,2022-07-08,2,19.99,0
1016,2579,ORD-001016,26,25,16,2024-03-18,2024-03-22,4,59.99,15
1016,2580,ORD-001016,26,16,16,2024-03-18,2024-03-22,1,39.99,5
1016,2581,ORD-001016,26,9,16,2024-03-18,2024-03-22,3,79.99,20
1016,2582,ORD-001016,26,9,16,2024-03-18,2024-03-22,4,79.99,20
1017,2583,ORD-001017,84,35,29,2023-08-03,2023-08-10,1,24.99,0
1017,2584,ORD-001017,84,32,29,2023-08-03,2023-08-10,5,14.99,0
1017,2585,ORD-001017,84,15,29,2023-08-03,2023-08-10,5,49.99,0
1017,2586,ORD-001017,84,16,29,2023-08-03,2023-08-10,3,39.99,0
1018,2587,ORD-001018,88,5,17,2022-01-04,2022-01-14,2,549.99,0
1018,2588,ORD-001018,88,32,17,2022-01-04,2022-01-14,2,14.99,0
1018,2589,ORD-001018,88,14,17,2022-01-04,2022-01-14,3,34.99,5
1018,2590,ORD-001018,88,6,17,2022-01-04,2022-01-14,3,299.99,5
1019,2591,ORD-001019,168,20,6,2024-05-21,2024-05-24,4,29.99,15
1019,2592,ORD-001019,168,31,6,2024-05-21,2024-05-24,1,19.99,0
1019,2593,ORD-001019,168,27,6,2024-05-21,2024-05-24,2,24.99,0
1020,2594,ORD-001020,102,6,22,2024-11-25,2024-11-27,3,299.99,15
1020,2595,ORD-001020,102,7,22,2024-11-25,2024-11-27,4,49.99,20
1020,2596,ORD-001020,102,1,22,2024-11-25,2024-11-27,2,899.99,0
1020,2597,ORD-001020,102,9,22,2024-11-25,2024-11-27,5,79.99,10
1021,2598,ORD-001021,99,26,22,2024-07-20,2024-07-21,4,79.99,20
1021,2599,ORD-001021,99,4,22,2024-07-20,2024-07-21,3,699.99,5
1021,2600,ORD-001021,99,17,22,2024-07-20,2024-07-21,1,34.99,10
1021,2601,ORD-001021,99,29,22,2024-07-20,2024-07-21,5,44.99,0
1022,2602,ORD-001022,200,8,16,2023-11-18,2023-11-27,2,29.99,5
1022,2603,ORD-001022,200,35,16,2023-11-18,2023-11-27,4,24.99,20
1022,2604,ORD-001022,200,6,16,2023-11-18,2023-11-27,2,299.99,0
1023,2605,ORD-001023,87,28,30,2023-06-13,2023-06-17,1,39.99,5
1023,2606,ORD-001023,87,19,30,2023-06-13,2023-06-17,1,14.99,0
1023,2607,ORD-001023,87,32,30,2023-06-13,2023-06-17,4,14.99,0
1023,2608,ORD-001023,87,4,30,2023-06-13,2023-06-17,5,699.99,15
1024,2609,ORD-001024,95,2,9,2024-05-21,2024-05-27,5,1199.99,0
1024,2610,ORD-001024,95,12,9,2024-05-21,2024-05-27,3,59.99,0
1024,2611,ORD-001024,95,27,9,2024-05-21,2024-05-27,1,24.99,5
1025,2612,ORD-001025,84,23,10,2022-03-14,2022-03-24,1,49.99,10
1026,2613,ORD-001026,190,35,13,2023-05-25,2023-05-28,1,24.99,0
1027,2614,ORD-001027,187,23,5,2024-10-07,2024-10-14,4,49.99,15
1027,2615,ORD-001027,187,40,5,2024-10-07,2024-10-14,2,12.99,20
1027,2616,ORD-001027,187,34,5,2024-10-07,2024-10-14,5,89.99,5
1028,2617,ORD-001028,11,10,3,2023-10-31,2023-11-06,5,39.99,15
1029,2618,ORD-001029,164,22,26,2022-07-27,2022-08-03,3,59.99,5
1030,2619,ORD-001030,103,28,1,2023-01-12,2023-01-17,1,39.99,20
1031,2620,ORD-001031,50,4,19,2023-06-19,2023-06-24,3,699.99,10
1031,2621,ORD-001031,50,31,19,2023-06-19,2023-06-24,2,19.99,20
1032,2622,ORD-001032,112,39,9,2023-01-16,2023-01-21,4,14.99,0
1033,2623,ORD-001033,174,14,10,2023-07-13,2023-07-14,1,34.99,20
1033,2624,ORD-001033,174,27,10,2023-07-13,2023-07-14,2,24.99,0
1033,2625,ORD-001033,174,18,10,2023-07-13,2023-07-14,4,129.99,10
1033,2626,ORD-001033,174,21,10,2023-07-13,2023-07-14,1,34.99,0
1034,2627,ORD-001034,58,40,1,2023-10-27,2023-10-31,3,12.99,15
1035,2628,ORD-001035,183,39,20,2024-08-01,2024-08-11,3,14.99,10
1035,2629,ORD-001035,183,25,20,2024-08-01,2024-08-11,4,59.99,10
1035,2630,ORD-001035,183,1,20,2024-08-01,2024-08-11,3,899.99,0
1035,2631,ORD-001035,183,21,20,2024-08-01,2024-08-11,3,34.99,20
1036,2632,ORD-001036,114,35,5,2024-08-04,2024-08-12,2,24.99,15
1036,2633,ORD-001036,114,25,5,2024-08-04,2024-08-12,3,59.99,5
1037,2634,ORD-001037,9,6,22,2022-06-10,2022-06-18,2,299.99,15
1037,2635,ORD-001037,9,34,22,2022-06-10,2022-06-18,3,89.99,0
1037,2636,ORD-001037,9,19,22,2022-06-10,2022-06-18,3,14.99,5
1038,2637,ORD-001038,173,40,15,2022-03-02,2022-03-05,3,12.99,10
1038,2638,ORD-001038,173,28,15,2022-03-02,2022-03-05,4,39.99,20
1039,2639,ORD-001039,6,16,25,2023-08-05,2023-08-14,4,39.99,10
1039,2640,ORD-001039,6,9,25,2023-08-05,2023-08-14,4,79.99,10
1039,2641,ORD-001039,6,8,25,2023-08-05,2023-08-14,1,29.99,5
1039,2642,ORD-001039,6,14,25,2023-08-05,2023-08-14,2,34.99,0
1040,2643,ORD-001040,147,36,10,2023-01-01,2023-01-04,4,149.99,0
1040,2644,ORD-001040,147,14,10,2023-01-01,2023-01-04,4,34.99,10
1040,2645,ORD-001040,147,18,10,2023-01-01,2023-01-04,3,129.99,20
1040,2646,ORD-001040,147,24,10,2023-01-01,2023-01-04,1,89.99,15
1041,2647,ORD-001041,176,15,21,2023-10-13,2023-10-22,4,49.99,5
1041,2648,ORD-001041,176,30,21,2023-10-13,2023-10-22,3,29.99,20
1041,2649,ORD-001041,176,29,21,2023-10-13,2023-10-22,2,44.99,20
1041,2650,ORD-001041,176,12,21,2023-10-13,2023-10-22,4,59.99,0
1042,2651,ORD-001042,1,7,18,2023-11-16,2023-11-24,4,49.99,10
1042,2652,ORD-001042,1,27,18,2023-11-16,2023-11-24,4,24.99,5
1043,2653,ORD-001043,49,9,21,2022-03-01,2022-03-11,5,79.99,10
1043,2654,ORD-001043,49,33,21,2022-03-01,2022-03-11,1,24.99,10
1044,2655,ORD-001044,147,40,24,2024-04-17,2024-04-18,2,12.99,0
1044,2656,ORD-001044,147,37,24,2024-04-17,2024-04-18,4,24.99,15
1044,2657,ORD-001044,147,6,24,2024-04-17,2024-04-18,3,299.99,0
1045,2658,ORD-001045,191,11,20,2024-03-08,2024-03-17,4,19.99,0
1045,2659,ORD-001045,191,16,20,2024-03-08,2024-03-17,2,39.99,5
1046,2660,ORD-001046,183,19,30,2023-02-14,2023-02-20,1,14.99,0
1046,2661,ORD-001046,183,14,30,2023-02-14,2023-02-20,5,34.99,5
1047,2662,ORD-001047,118,30,8,2024-06-27,2024-07-01,5,29.99,15
1047,2663,ORD-001047,118,8,8,2024-06-27,2024-07-01,5,29.99,20
1048,2664,ORD-001048,85,5,28,2022-11-23,2022-11-27,1,549.99,15
1048,2665,ORD-001048,85,3,28,2022-11-23,2022-11-27,4,1599.99,20
1048,2666,ORD-001048,85,34,28,2022-11-23,2022-11-27,4,89.99,20
1048,2667,ORD-001048,85,25,28,2022-11-23,2022-11-27,1,59.99,20
1049,2668,ORD-001049,107,29,9,2022-09-05,2022-09-15,4,44.99,20
1050,2669,ORD-001050,186,24,2,2023-08-23,2023-08-30,4,89.99,15
1051,2670,ORD-001051,131,7,21,2024-06-20,2024-06-27,2,49.99,20
1052,2671,ORD-001052,68,27,25,2022-08-17,2022-08-20,3,24.99,0
1052,2672,ORD-001052,68,16,25,2022-08-17,2022-08-20,4,39.99,0
1052,2673,ORD-001052,68,17,25,2022-08-17,2022-08-20,1,34.99,0
1053,2674,ORD-001053,165,16,23,2022-06-01,2022-06-09,3,39.99,0
1053,2675,ORD-001053,165,19,23,2022-06-01,2022-06-09,4,14.99,0
1053,2676,ORD-001053,165,29,23,2022-06-01,2022-06-09,3,44.99,10
1053,2677,ORD-001053,165,18,23,2022-06-01,2022-06-09,5,129.99,0
1054,2678,ORD-001054,195,2,5,2022-10-31,2022-11-09,2,1199.99,0
1054,2679,ORD-001054,195,37,5,2022-10-31,2022-11-09,3,24.99,15
1054,2680,ORD-001054,195,19,5,2022-10-31,2022-11-09,3,14.99,15
1055,2681,ORD-001055,41,19,19,2023-09-17,2023-09-25,2,14.99,15
1055,2682,ORD-001055,41,9,19,2023-09-17,2023-09-25,2,79.99,10
1055,2683,ORD-001055,41,19,19,2023-09-17,2023-09-25,4,14.99,0
1055,2684,ORD-001055,41,15,19,2023-09-17,2023-09-25,1,49.99,20
1056,2685,ORD-001056,55,17,19,2023-09-13,2023-09-16,3,34.99,15
1057,2686,ORD-001057,131,40,24,2024-11-24,2024-12-01,2,12.99,0
1057,2687,ORD-001057,131,10,24,2024-11-24,2024-12-01,5,39.99,20
1057,2688,ORD-001057,131,33,24,2024-11-24,2024-12-01,3,24.99,10
1057,2689,ORD-001057,131,24,24,2024-11-24,2024-12-01,4,89.99,20
1058,2690,ORD-001058,125,12,21,2022-12-13,2022-12-22,4,59.99,5
1058,2691,ORD-001058,125,1,21,2022-12-13,2022-12-22,1,899.99,0
1058,2692,ORD-001058,125,15,21,2022-12-13,2022-12-22,3,49.99,0
1058,2693,ORD-001058,125,15,21,2022-12-13,2022-12-22,2,49.99,0
1059,2694,ORD-001059,156,32,25,2022-09-02,2022-09-06,4,14.99,10
1059,2695,ORD-001059,156,1,25,2022-09-02,2022-09-06,5,899.99,0
1059,2696,ORD-001059,156,13,25,2022-09-02,2022-09-06,3,49.99,15
1060,2697,ORD-001060,9,18,13,2022-07-22,2022-07-28,5,129.99,10
1061,2698,ORD-001061,190,37,18,2022-06-12,2022-06-13,5,24.99,0
1061,2699,ORD-001061,190,16,18,2022-06-12,2022-06-13,3,39.99,20
1061,2700,ORD-001061,190,12,18,2022-06-12,2022-06-13,2,59.99,0
1061,2701,ORD-001061,190,30,18,2022-06-12,2022-06-13,2,29.99,0
1062,2702,ORD-001062,156,5,9,2023-07-23,2023-07-25,2,549.99,10
1062,2703,ORD-001062,156,20,9,2023-07-23,2023-07-25,1,29.99,0
1063,2704,ORD-001063,59,35,8,2024-09-04,2024-09-12,1,24.99,0
1064,2705,ORD-001064,163,29,3,2023-02-07,2023-02-15,1,44.99,5
1065,2706,ORD-001065,51,20,4,2023-03-17,2023-03-27,5,29.99,0
1065,2707,ORD-001065,51,38,4,2023-03-17,2023-03-27,4,34.99,20
1065,2708,ORD-001065,51,8,4,2023-03-17,2023-03-27,4,29.99,20
1065,2709,ORD-001065,51,13,4,2023-03-17,2023-03-27,5,49.99,20
1066,2710,ORD-001066,163,27,20,2024-07-23,2024-07-24,5,24.99,0
1066,2711,ORD-001066,163,32,20,2024-07-23,2024-07-24,2,14.99,0
1066,2712,ORD-001066,163,33,20,2024-07-23,2024-07-24,4,24.99,10
1067,2713,ORD-001067,73,22,21,2023-09-06,2023-09-11,3,59.99,15
1067,2714,ORD-001067,73,36,21,2023-09-06,2023-09-11,5,149.99,0
1068,2715,ORD-001068,161,1,15,2022-08-17,2022-08-20,3,899.99,10
1068,2716,ORD-001068,161,31,15,2022-08-17,2022-08-20,4,19.99,0
1068,2717,ORD-001068,161,12,15,2022-08-17,2022-08-20,1,59.99,20
1068,2718,ORD-001068,161,28,15,2022-08-17,2022-08-20,3,39.99,0
1069,2719,ORD-001069,114,15,11,2023-01-10,2023-01-14,2,49.99,0
1070,2720,ORD-001070,129,7,10,2023-10-18,2023-10-27,3,49.99,10
1070,2721,ORD-001070,129,14,10,2023-10-18,2023-10-27,5,34.99,15
1070,2722,ORD-001070,129,10,10,2023-10-18,2023-10-27,3,39.99,0
1070,2723,ORD-001070,129,13,10,2023-10-18,2023-10-27,4,49.99,20
1071,2724,ORD-001071,44,21,28,2022-11-20,2022-11-30,5,34.99,5
1071,2725,ORD-001071,44,39,28,2022-11-20,2022-11-30,4,14.99,20
1072,2726,ORD-001072,186,20,9,2023-04-14,2023-04-19,3,29.99,0
1072,2727,ORD-001072,186,20,9,2023-04-14,2023-04-19,3,29.99,15
1072,2728,ORD-001072,186,23,9,2023-04-14,2023-04-19,3,49.99,5
1072,2729,ORD-001072,186,20,9,2023-04-14,2023-04-19,4,29.99,10
1073,2730,ORD-001073,101,4,25,2024-05-04,2024-05-05,4,699.99,0
1073,2731,ORD-001073,101,9,25,2024-05-04,2024-05-05,4,79.99,20
1073,2732,ORD-001073,101,18,25,2024-05-04,2024-05-05,1,129.99,20
1073,2733,ORD-001073,101,13,25,2024-05-04,2024-05-05,2,49.99,15
1074,2734,ORD-001074,184,21,9,2023-08-27,2023-09-02,4,34.99,20
1075,2735,ORD-001075,98,18,11,2023-02-13,2023-02-17,1,129.99,0
1075,2736,ORD-001075,98,16,11,2023-02-13,2023-02-17,2,39.99,0
1075,2737,ORD-001075,98,31,11,2023-02-13,2023-02-17,5,19.99,5
1075,2738,ORD-001075,98,3,11,2023-02-13,2023-02-17,4,1599.99,15
1076,2739,ORD-001076,181,4,16,2023-05-27,2023-06-01,1,699.99,0
1076,2740,ORD-001076,181,22,16,2023-05-27,2023-06-01,3,59.99,10
1076,2741,ORD-001076,181,24,16,2023-05-27,2023-06-01,4,89.99,0
1076,2742,ORD-001076,181,8,16,2023-05-27,2023-06-01,4,29.99,0
1077,2743,ORD-001077,192,10,3,2023-10-27,2023-11-03,5,39.99,0
1077,2744,ORD-001077,192,37,3,2023-10-27,2023-11-03,2,24.99,10
1078,2745,ORD-001078,23,36,15,2023-05-18,2023-05-24,5,149.99,20
1078,2746,ORD-001078,23,19,15,2023-05-18,2023-05-24,1,14.99,0
1078,2747,ORD-001078,23,5,15,2023-05-18,2023-05-24,3,549.99,20
1079,2748,ORD-001079,93,21,29,2024-07-02,2024-07-06,4,34.99,0
1079,2749,ORD-001079,93,30,29,2024-07-02,2024-07-06,3,29.99,0
1080,2750,ORD-001080,51,9,22,2023-06-15,2023-06-20,1,79.99,15
1081,2751,ORD-001081,106,34,14,2024-03-22,2024-03-30,1,89.99,10
1082,2752,ORD-001082,96,35,1,2024-06-14,2024-06-15,4,24.99,0
1082,2753,ORD-001082,96,37,1,2024-06-14,2024-06-15,3,24.99,15
1082,2754,ORD-001082,96,5,1,2024-06-14,2024-06-15,1,549.99,10
1083,2755,ORD-001083,24,33,18,2022-08-19,2022-08-28,1,24.99,10
1083,2756,ORD-001083,24,30,18,2022-08-19,2022-08-28,5,29.99,15
1084,2757,ORD-001084,49,30,25,2022-05-30,2022-06-06,4,29.99,15
1084,2758,ORD-001084,49,10,25,2022-05-30,2022-06-06,3,39.99,0
1084,2759,ORD-001084,49,12,25,2022-05-30,2022-06-06,5,59.99,0
1085,2760,ORD-001085,117,37,17,2024-06-04,2024-06-05,3,24.99,0
1085,2761,ORD-001085,117,40,17,2024-06-04,2024-06-05,4,12.99,0
1085,2762,ORD-001085,117,1,17,2024-06-04,2024-06-05,2,899.99,0
1085,2763,ORD-001085,117,28,17,2024-06-04,2024-06-05,2,39.99,0
1086,2764,ORD-001086,58,13,19,2023-10-31,2023-11-09,5,49.99,0
1086,2765,ORD-001086,58,37,19,2023-10-31,2023-11-09,2,24.99,0
1086,2766,ORD-001086,58,10,19,2023-10-31,2023-11-09,2,39.99,0
1086,2767,ORD-001086,58,12,19,2023-10-31,2023-11-09,1,59.99,0
1087,2768,ORD-001087,137,5,20,2022-03-22,2022-03-25,3,549.99,20
1087,2769,ORD-001087,137,21,20,2022-03-22,2022-03-25,2,34.99,15
1087,2770,ORD-001087,137,14,20,2022-03-22,2022-03-25,2,34.99,0
1088,2771,ORD-001088,42,23,14,2023-07-10,2023-07-14,1,49.99,0
1088,2772,ORD-001088,42,29,14,2023-07-10,2023-07-14,1,44.99,20
1089,2773,ORD-001089,97,4,1,2024-06-28,2024-07-02,4,699.99,5
1089,2774,ORD-001089,97,26,1,2024-06-28,2024-07-02,2,79.99,0
1089,2775,ORD-001089,97,25,1,2024-06-28,2024-07-02,5,59.99,20
1089,2776,ORD-001089,97,8,1,2024-06-28,2024-07-02,1,29.99,0
1090,2777,ORD-001090,130,14,30,2024-11-23,2024-11-25,1,34.99,5
1090,2778,ORD-001090,130,39,30,2024-11-23,2024-11-25,3,14.99,15
1091,2779,ORD-001091,82,33,14,2023-01-27,2023-01-31,3,24.99,5
1092,2780,ORD-001092,66,1,17,2022-08-18,2022-08-26,4,899.99,20
1093,2781,ORD-001093,108,20,13,2022-07-24,2022-07-30,1,29.99,5
1093,2782,ORD-001093,108,20,13,2022-07-24,2022-07-30,2,29.99,15
1093,2783,ORD-001093,108,6,13,2022-07-24,2022-07-30,4,299.99,5
1094,2784,ORD-001094,5,16,9,2023-10-25,2023-10-26,2,39.99,10
1094,2785,ORD-001094,5,1,9,2023-10-25,2023-10-26,2,899.99,10
1095,2786,ORD-001095,40,39,5,2024-08-20,2024-08-21,2,14.99,20
1096,2787,ORD-001096,190,11,22,2023-08-24,2023-08-30,4,19.99,0
1096,2788,ORD-001096,190,12,22,2023-08-24,2023-08-30,5,59.99,0
1096,2789,ORD-001096,190,12,22,2023-08-24,2023-08-30,3,59.99,0
1096,2790,ORD-001096,190,11,22,2023-08-24,2023-08-30,1,19.99,5
1097,2791,ORD-001097,53,40,10,2024-04-06,2024-04-12,3,12.99,0
1097,2792,ORD-001097,53,2,10,2024-04-06,2024-04-12,3,1199.99,0
1097,2793,ORD-001097,53,31,10,2024-04-06,2024-04-12,1,19.99,15
1098,2794,ORD-001098,37,39,30,2024-04-14,2024-04-15,5,14.99,0
1098,2795,ORD-001098,37,11,30,2024-04-14,2024-04-15,1,19.99,0
1098,2796,ORD-001098,37,23,30,2024-04-14,2024-04-15,2,49.99,0
1098,2797,ORD-001098,37,27,30,2024-04-14,2024-04-15,1,24.99,0
1099,2798,ORD-001099,122,9,15,2024-04-30,2024-05-09,5,79.99,20
1099,2799,ORD-001099,122,1,15,2024-04-30,2024-05-09,3,899.99,5
1099,2800,ORD-001099,122,31,15,2024-04-30,2024-05-09,3,19.99,0
1099,2801,ORD-001099,122,21,15,2024-04-30,2024-05-09,5,34.99,0
1100,2802,ORD-001100,158,37,22,2022-07-17,2022-07-25,2,24.99,0
1100,2803,ORD-001100,158,15,22,2022-07-17,2022-07-25,5,49.99,0
1100,2804,ORD-001100,158,10,22,2022-07-17,2022-07-25,2,39.99,15
1100,2805,ORD-001100,158,6,22,2022-07-17,2022-07-25,1,299.99,15
1101,2806,ORD-001101,104,17,10,2022-08-04,2022-08-08,2,34.99,15
1101,2807,ORD-001101,104,20,10,2022-08-04,2022-08-08,3,29.99,15
1102,2808,ORD-001102,119,9,22,2024-11-30,2024-12-09,3,79.99,5
1102,2809,ORD-001102,119,24,22,2024-11-30,2024-12-09,2,89.99,10
1102,2810,ORD-001102,119,3,22,2024-11-30,2024-12-09,4,1599.99,15
1103,2811,ORD-001103,13,10,26,2023-02-10,2023-02-13,1,39.99,20
1104,2812,ORD-001104,61,37,6,2024-03-23,2024-03-29,4,24.99,5
1105,2813,ORD-001105,89,30,7,2024-04-10,2024-04-18,5,29.99,0
1105,2814,ORD-001105,89,35,7,2024-04-10,2024-04-18,4,24.99,0
1106,2815,ORD-001106,191,12,9,2024-11-19,2024-11-25,3,59.99,0
1106,2816,ORD-001106,191,32,9,2024-11-19,2024-11-25,5,14.99,5
1106,2817,ORD-001106,191,7,9,2024-11-19,2024-11-25,3,49.99,20
1107,2818,ORD-001107,133,2,9,2022-05-10,2022-05-16,5,1199.99,0
1107,2819,ORD-001107,133,7,9,2022-05-10,2022-05-16,2,49.99,5
1107,2820,ORD-001107,133,8,9,2022-05-10,2022-05-16,1,29.99,10
1107,2821,ORD-001107,133,19,9,2022-05-10,2022-05-16,2,14.99,20
1108,2822,ORD-001108,89,33,10,2024-07-15,2024-07-22,2,24.99,5
1109,2823,ORD-001109,131,13,7,2022-10-18,2022-10-22,3,49.99,10
1110,2824,ORD-001110,154,35,25,2022-11-07,2022-11-17,3,24.99,10
1111,2825,ORD-001111,59,11,23,2024-12-23,2024-12-26,1,19.99,15
1111,2826,ORD-001111,59,11,23,2024-12-23,2024-12-26,5,19.99,0
1111,2827,ORD-001111,59,10,23,2024-12-23,2024-12-26,5,39.99,10
1112,2828,ORD-001112,109,26,28,2023-02-19,2023-02-24,3,79.99,5
1113,2829,ORD-001113,134,9,14,2024-09-02,2024-09-10,3,79.99,0
1113,2830,ORD-001113,134,5,14,2024-09-02,2024-09-10,3,549.99,15
1113,2831,ORD-001113,134,36,14,2024-09-02,2024-09-10,3,149.99,0
1114,2832,ORD-001114,188,9,20,2022-05-17,2022-05-18,2,79.99,5
1114,2833,ORD-001114,188,11,20,2022-05-17,2022-05-18,2,19.99,5
1114,2834,ORD-001114,188,11,20,2022-05-17,2022-05-18,4,19.99,5
1114,2835,ORD-001114,188,38,20,2022-05-17,2022-05-18,2,34.99,0
1115,2836,ORD-001115,90,26,3,2023-04-09,2023-04-14,1,79.99,15
1115,2837,ORD-001115,90,38,3,2023-04-09,2023-04-14,2,34.99,0
1116,2838,ORD-001116,114,8,5,2023-07-19,2023-07-25,5,29.99,0
1117,2839,ORD-001117,135,20,4,2024-08-22,2024-08-26,1,29.99,10
1117,2840,ORD-001117,135,40,4,2024-08-22,2024-08-26,4,12.99,0
1117,2841,ORD-001117,135,5,4,2024-08-22,2024-08-26,3,549.99,0
1117,2842,ORD-001117,135,3,4,2024-08-22,2024-08-26,4,1599.99,20
1118,2843,ORD-001118,66,32,4,2024-08-13,2024-08-20,3,14.99,0
1118,2844,ORD-001118,66,34,4,2024-08-13,2024-08-20,1,89.99,0
1119,2845,ORD-001119,188,28,20,2024-01-13,2024-01-17,4,39.99,0
1119,2846,ORD-001119,188,7,20,2024-01-13,2024-01-17,3,49.99,20
1119,2847,ORD-001119,188,18,20,2024-01-13,2024-01-17,3,129.99,15
1119,2848,ORD-001119,188,33,20,2024-01-13,2024-01-17,3,24.99,5
1120,2849,ORD-001120,171,1,27,2023-05-30,2023-06-05,1,899.99,15
1121,2850,ORD-001121,125,18,8,2024-10-10,2024-10-14,1,129.99,20
1121,2851,ORD-001121,125,32,8,2024-10-10,2024-10-14,5,14.99,10
1121,2852,ORD-001121,125,37,8,2024-10-10,2024-10-14,4,24.99,10
1121,2853,ORD-001121,125,34,8,2024-10-10,2024-10-14,4,89.99,0
1122,2854,ORD-001122,155,8,4,2022-07-21,2022-07-31,2,29.99,0
1123,2855,ORD-001123,149,23,22,2024-05-13,2024-05-20,4,49.99,20
1124,2856,ORD-001124,118,28,19,2024-12-06,2024-12-07,1,39.99,0
1124,2857,ORD-001124,118,37,19,2024-12-06,2024-12-07,2,24.99,0
1124,2858,ORD-001124,118,22,19,2024-12-06,2024-12-07,1,59.99,0
1124,2859,ORD-001124,118,27,19,2024-12-06,2024-12-07,1,24.99,15
1125,2860,ORD-001125,117,23,28,2023-06-04,2023-06-10,2,49.99,0
1125,2861,ORD-001125,117,29,28,2023-06-04,2023-06-10,1,44.99,0
1125,2862,ORD-001125,117,30,28,2023-06-04,2023-06-10,3,29.99,20
1126,2863,ORD-001126,42,12,7,2023-10-22,2023-10-29,4,59.99,20
1126,2864,ORD-001126,42,6,7,2023-10-22,2023-10-29,3,299.99,0
1126,2865,ORD-001126,42,40,7,2023-10-22,2023-10-29,5,12.99,15
1127,2866,ORD-001127,59,26,11,2023-09-19,2023-09-21,3,79.99,10
1128,2867,ORD-001128,128,17,21,2023-01-17,2023-01-24,4,34.99,0
1128,2868,ORD-001128,128,22,21,2023-01-17,2023-01-24,4,59.99,0
1129,2869,ORD-001129,194,8,6,2022-12-12,2022-12-18,2,29.99,10
1130,2870,ORD-001130,80,36,30,2024-11-02,2024-11-11,5,149.99,0
1130,2871,ORD-001130,80,26,30,2024-11-02,2024-11-11,5,79.99,15
1130,2872,ORD-001130,80,5,30,2024-11-02,2024-11-11,2,549.99,0
1131,2873,ORD-001131,24,22,23,2024-04-08,2024-04-13,5,59.99,0
1131,2874,ORD-001131,24,26,23,2024-04-08,2024-04-13,2,79.99,5
1132,2875,ORD-001132,27,21,28,2023-08-25,2023-09-04,2,34.99,5
1133,2876,ORD-001133,11,32,8,2022-11-14,2022-11-19,2,14.99,20
1134,2877,ORD-001134,178,14,8,2023-05-18,2023-05-22,2,34.99,0
1134,2878,ORD-001134,178,19,8,2023-05-18,2023-05-22,2,14.99,0
1134,2879,ORD-001134,178,40,8,2023-05-18,2023-05-22,4,12.99,20
1134,2880,ORD-001134,178,29,8,2023-05-18,2023-05-22,4,44.99,10
1135,2881,ORD-001135,142,34,19,2023-01-29,2023-02-05,5,89.99,5
1135,2882,ORD-001135,142,37,19,2023-01-29,2023-02-05,4,24.99,15
1136,2883,ORD-001136,67,24,23,2024-01-16,2024-01-21,3,89.99,0
1136,2884,ORD-001136,67,21,23,2024-01-16,2024-01-21,5,34.99,0
1136,2885,ORD-001136,67,5,23,2024-01-16,2024-01-21,2,549.99,0
1136,2886,ORD-001136,67,16,23,2024-01-16,2024-01-21,5,39.99,10
1137,2887,ORD-001137,33,7,4,2024-11-05,2024-11-13,5,49.99,0
1137,2888,ORD-001137,33,23,4,2024-11-05,2024-11-13,5,49.99,20
1137,2889,ORD-001137,33,15,4,2024-11-05,2024-11-13,4,49.99,0
1138,2890,ORD-001138,148,32,27,2022-04-19,2022-04-27,5,14.99,5
1138,2891,ORD-001138,148,5,27,2022-04-19,2022-04-27,2,549.99,0
1138,2892,ORD-001138,148,36,27,2022-04-19,2022-04-27,4,149.99,10
1138,2893,ORD-001138,148,4,27,2022-04-19,2022-04-27,3,699.99,5
1139,2894,ORD-001139,181,18,5,2022-05-11,2022-05-17,5,129.99,0
1140,2895,ORD-001140,187,26,1,2024-10-02,2024-10-09,2,79.99,15
1140,2896,ORD-001140,187,29,1,2024-10-02,2024-10-09,3,44.99,10
1141,2897,ORD-001141,179,37,22,2023-09-16,2023-09-22,5,24.99,5
1141,2898,ORD-001141,179,10,22,2023-09-16,2023-09-22,5,39.99,15
1142,2899,ORD-001142,151,23,11,2022-01-14,2022-01-24,5,49.99,0
1143,2900,ORD-001143,199,11,3,2022-05-11,2022-05-20,2,19.99,0
1143,2901,ORD-001143,199,39,3,2022-05-11,2022-05-20,2,14.99,20
1143,2902,ORD-001143,199,12,3,2022-05-11,2022-05-20,1,59.99,15
1143,2903,ORD-001143,199,32,3,2022-05-11,2022-05-20,1,14.99,0
1144,2904,ORD-001144,23,27,4,2024-04-06,2024-04-16,4,24.99,15
1144,2905,ORD-001144,23,31,4,2024-04-06,2024-04-16,2,19.99,20
1144,2906,ORD-001144,23,22,4,2024-04-06,2024-04-16,2,59.99,0
1144,2907,ORD-001144,23,20,4,2024-04-06,2024-04-16,3,29.99,0
1145,2908,ORD-001145,182,12,14,2023-06-01,2023-06-09,3,59.99,5
1146,2909,ORD-001146,52,29,8,2023-12-21,2023-12-23,1,44.99,10
1146,2910,ORD-001146,52,17,8,2023-12-21,2023-12-23,1,34.99,10
1146,2911,ORD-001146,52,4,8,2023-12-21,2023-12-23,5,699.99,0
1147,2912,ORD-001147,175,34,12,2022-07-15,2022-07-18,1,89.99,0
1148,2913,ORD-001148,84,5,13,2023-09-20,2023-09-21,2,549.99,0
1148,2914,ORD-001148,84,40,13,2023-09-20,2023-09-21,4,12.99,0
1148,2915,ORD-001148,84,35,13,2023-09-20,2023-09-21,2,24.99,0
1149,2916,ORD-001149,25,37,28,2022-11-13,2022-11-23,2,24.99,5
1149,2917,ORD-001149,25,12,28,2022-11-13,2022-11-23,5,59.99,0
1149,2918,ORD-001149,25,29,28,2022-11-13,2022-11-23,1,44.99,10
1150,2919,ORD-001150,10,7,30,2022-09-04,2022-09-09,3,49.99,15
1150,2920,ORD-001150,10,12,30,2022-09-04,2022-09-09,5,59.99,10
1150,2921,ORD-001150,10,11,30,2022-09-04,2022-09-09,1,19.99,5
1151,2922,ORD-001151,50,30,20,2022-11-14,2022-11-24,5,29.99,20
1151,2923,ORD-001151,50,25,20,2022-11-14,2022-11-24,4,59.99,0
1151,2924,ORD-001151,50,36,20,2022-11-14,2022-11-24,1,149.99,0
1152,2925,ORD-001152,64,13,12,2022-10-17,2022-10-21,4,49.99,0
1152,2926,ORD-001152,64,23,12,2022-10-17,2022-10-21,1,49.99,5
1152,2927,ORD-001152,64,38,12,2022-10-17,2022-10-21,1,34.99,20
1152,2928,ORD-001152,64,34,12,2022-10-17,2022-10-21,1,89.99,15
1153,2929,ORD-001153,168,35,11,2024-12-15,2024-12-25,2,24.99,0
1153,2930,ORD-001153,168,21,11,2024-12-15,2024-12-25,2,34.99,5
1153,2931,ORD-001153,168,13,11,2024-12-15,2024-12-25,3,49.99,15
1153,2932,ORD-001153,168,28,11,2024-12-15,2024-12-25,4,39.99,5
1154,2933,ORD-001154,97,7,3,2024-10-01,2024-10-02,3,49.99,10
1154,2934,ORD-001154,97,31,3,2024-10-01,2024-10-02,5,19.99,5
1154,2935,ORD-001154,97,20,3,2024-10-01,2024-10-02,4,29.99,20
1154,2936,ORD-001154,97,19,3,2024-10-01,2024-10-02,1,14.99,10
1155,2937,ORD-001155,11,21,7,2022-07-02,2022-07-07,1,34.99,10
1155,2938,ORD-001155,11,2,7,2022-07-02,2022-07-07,1,1199.99,0
1156,2939,ORD-001156,99,28,7,2023-12-22,2023-12-31,5,39.99,10
1157,2940,ORD-001157,46,7,17,2024-01-30,2024-01-31,4,49.99,0
1157,2941,ORD-001157,46,15,17,2024-01-30,2024-01-31,3,49.99,0
1158,2942,ORD-001158,183,3,7,2024-10-11,2024-10-15,4,1599.99,0
1159,2943,ORD-001159,177,22,4,2023-08-18,2023-08-19,2,59.99,5
1159,2944,ORD-001159,177,15,4,2023-08-18,2023-08-19,3,49.99,20
1160,2945,ORD-001160,103,40,2,2022-11-16,2022-11-19,3,12.99,5
1160,2946,ORD-001160,103,37,2,2022-11-16,2022-11-19,3,24.99,0
1161,2947,ORD-001161,168,27,24,2023-07-13,2023-07-20,4,24.99,5
1162,2948,ORD-001162,72,39,27,2023-01-24,2023-02-01,1,14.99,15
1162,2949,ORD-001162,72,26,27,2023-01-24,2023-02-01,1,79.99,15
1162,2950,ORD-001162,72,29,27,2023-01-24,2023-02-01,2,44.99,15
1163,2951,ORD-001163,177,11,8,2022-05-25,2022-05-27,4,19.99,0
1164,2952,ORD-001164,47,26,18,2023-11-02,2023-11-05,3,79.99,10
1164,2953,ORD-001164,47,19,18,2023-11-02,2023-11-05,3,14.99,20
1164,2954,ORD-001164,47,37,18,2023-11-02,2023-11-05,3,24.99,0
1165,2955,ORD-001165,195,36,4,2024-03-19,2024-03-23,4,149.99,0
1166,2956,ORD-001166,33,7,17,2022-03-15,2022-03-23,1,49.99,0
1166,2957,ORD-001166,33,3,17,2022-03-15,2022-03-23,4,1599.99,0
1166,2958,ORD-001166,33,6,17,2022-03-15,2022-03-23,1,299.99,0
1166,2959,ORD-001166,33,28,17,2022-03-15,2022-03-23,5,39.99,0
1167,2960,ORD-001167,113,33,24,2022-10-20,2022-10-28,2,24.99,20
1168,2961,ORD-001168,54,10,24,2023-10-14,2023-10-15,3,39.99,20
1169,2962,ORD-001169,65,13,30,2022-12-26,2023-01-01,1,49.99,5
1169,2963,ORD-001169,65,25,30,2022-12-26,2023-01-01,2,59.99,0
1169,2964,ORD-001169,65,33,30,2022-12-26,2023-01-01,1,24.99,0
1169,2965,ORD-001169,65,12,30,2022-12-26,2023-01-01,2,59.99,0
1170,2966,ORD-001170,169,5,24,2024-06-17,2024-06-18,2,549.99,10
1170,2967,ORD-001170,169,34,24,2024-06-17,2024-06-18,3,89.99,10
1170,2968,ORD-001170,169,11,24,2024-06-17,2024-06-18,2,19.99,10
1170,2969,ORD-001170,169,21,24,2024-06-17,2024-06-18,1,34.99,0
1171,2970,ORD-001171,176,40,3,2024-04-19,2024-04-28,2,12.99,15
1172,2971,ORD-001172,83,15,12,2022-03-20,2022-03-23,1,49.99,5
1173,2972,ORD-001173,1,15,19,2022-04-30,2022-05-07,1,49.99,10
1174,2973,ORD-001174,140,19,3,2022-02-10,2022-02-18,5,14.99,5
1174,2974,ORD-001174,140,29,3,2022-02-10,2022-02-18,2,44.99,15
1174,2975,ORD-001174,140,32,3,2022-02-10,2022-02-18,5,14.99,0
1174,2976,ORD-001174,140,23,3,2022-02-10,2022-02-18,4,49.99,5
1175,2977,ORD-001175,40,19,15,2024-01-08,2024-01-12,2,14.99,5
1175,2978,ORD-001175,40,17,15,2024-01-08,2024-01-12,2,34.99,0
1176,2979,ORD-001176,190,3,1,2024-06-03,2024-06-08,4,1599.99,5
1176,2980,ORD-001176,190,35,1,2024-06-03,2024-06-08,2,24.99,5
1177,2981,ORD-001177,33,27,27,2023-12-24,2023-12-28,4,24.99,5
1177,2982,ORD-001177,33,29,27,2023-12-24,2023-12-28,4,44.99,5
1177,2983,ORD-001177,33,30,27,2023-12-24,2023-12-28,3,29.99,0
1177,2984,ORD-001177,33,21,27,2023-12-24,2023-12-28,4,34.99,0
1178,2985,ORD-001178,186,13,17,2023-02-26,2023-03-02,5,49.99,0
1178,2986,ORD-001178,186,40,17,2023-02-26,2023-03-02,3,12.99,5
1179,2987,ORD-001179,141,14,28,2024-04-16,2024-04-22,4,34.99,0
1179,2988,ORD-001179,141,31,28,2024-04-16,2024-04-22,1,19.99,10
1179,2989,ORD-001179,141,29,28,2024-04-16,2024-04-22,3,44.99,20
1180,2990,ORD-001180,199,14,28,2024-04-24,2024-04-25,3,34.99,10
1180,2991,ORD-001180,199,11,28,2024-04-24,2024-04-25,4,19.99,10
1181,2992,ORD-001181,111,25,6,2024-06-26,2024-06-27,5,59.99,15
1181,2993,ORD-001181,111,12,6,2024-06-26,2024-06-27,3,59.99,15
1182,2994,ORD-001182,175,10,19,2022-11-16,2022-11-23,4,39.99,0
1182,2995,ORD-001182,175,30,19,2022-11-16,2022-11-23,2,29.99,20
1183,2996,ORD-001183,190,7,5,2024-09-23,2024-09-29,1,49.99,0
1184,2997,ORD-001184,6,21,1,2022-04-19,2022-04-25,3,34.99,0
1185,2998,ORD-001185,191,24,5,2023-03-13,2023-03-18,5,89.99,0
1186,2999,ORD-001186,150,12,29,2024-07-03,2024-07-11,3,59.99,0
1186,3000,ORD-001186,150,7,29,2024-07-03,2024-07-11,5,49.99,0
1186,3001,ORD-001186,150,10,29,2024-07-03,2024-07-11,2,39.99,5
1187,3002,ORD-001187,31,18,18,2024-04-19,2024-04-22,2,129.99,0
1187,3003,ORD-001187,31,10,18,2024-04-19,2024-04-22,4,39.99,0
1187,3004,ORD-001187,31,3,18,2024-04-19,2024-04-22,2,1599.99,5
1187,3005,ORD-001187,31,31,18,2024-04-19,2024-04-22,4,19.99,5
1188,3006,ORD-001188,44,29,25,2022-02-10,2022-02-20,5,44.99,10
1188,3007,ORD-001188,44,12,25,2022-02-10,2022-02-20,4,59.99,0
1188,3008,ORD-001188,44,32,25,2022-02-10,2022-02-20,5,14.99,0
1189,3009,ORD-001189,87,9,3,2024-01-28,2024-01-30,5,79.99,0
1189,3010,ORD-001189,87,26,3,2024-01-28,2024-01-30,2,79.99,0
1190,3011,ORD-001190,172,23,7,2023-10-19,2023-10-24,5,49.99,20
1191,3012,ORD-001191,127,17,1,2024-05-05,2024-05-08,2,34.99,10
1191,3013,ORD-001191,127,18,1,2024-05-05,2024-05-08,5,129.99,0
1191,3014,ORD-001191,127,32,1,2024-05-05,2024-05-08,3,14.99,0
1192,3015,ORD-001192,14,29,21,2023-05-05,2023-05-10,4,44.99,0
1192,3016,ORD-001192,14,3,21,2023-05-05,2023-05-10,3,1599.99,15
1192,3017,ORD-001192,14,30,21,2023-05-05,2023-05-10,1,29.99,0
1193,3018,ORD-001193,142,37,2,2022-09-25,2022-10-05,1,24.99,0
1194,3019,ORD-001194,98,3,7,2024-08-20,2024-08-27,3,1599.99,15
1194,3020,ORD-001194,98,25,7,2024-08-20,2024-08-27,3,59.99,0
1194,3021,ORD-001194,98,33,7,2024-08-20,2024-08-27,4,24.99,5
1194,3022,ORD-001194,98,22,7,2024-08-20,2024-08-27,2,59.99,0
1195,3023,ORD-001195,185,18,9,2023-01-31,2023-02-08,1,129.99,5
1195,3024,ORD-001195,185,6,9,2023-01-31,2023-02-08,3,299.99,20
1195,3025,ORD-001195,185,33,9,2023-01-31,2023-02-08,1,24.99,0
1196,3026,ORD-001196,33,12,26,2022-08-08,2022-08-12,3,59.99,0
1197,3027,ORD-001197,40,1,19,2023-05-01,2023-05-03,1,899.99,15
1198,3028,ORD-001198,88,22,28,2022-05-25,2022-05-28,1,59.99,10
1198,3029,ORD-001198,88,8,28,2022-05-25,2022-05-28,1,29.99,15
1198,3030,ORD-001198,88,9,28,2022-05-25,2022-05-28,2,79.99,15
1198,3031,ORD-001198,88,6,28,2022-05-25,2022-05-28,2,299.99,0
1199,3032,ORD-001199,184,14,3,2022-01-08,2022-01-15,1,34.99,15
1199,3033,ORD-001199,184,6,3,2022-01-08,2022-01-15,4,299.99,0
1200,3034,ORD-001200,161,32,17,2023-01-30,2023-02-07,5,14.99,15
1200,3035,ORD-001200,161,12,17,2023-01-30,2023-02-07,4,59.99,0
1201,3036,ORD-001201,188,33,22,2022-05-06,2022-05-14,1,24.99,0
1201,3037,ORD-001201,188,12,22,2022-05-06,2022-05-14,2,59.99,0
1202,3038,ORD-001202,37,13,29,2023-01-23,2023-01-25,2,49.99,20
1203,3039,ORD-001203,83,38,25,2023-04-12,2023-04-15,3,34.99,10
1203,3040,ORD-001203,83,27,25,2023-04-12,2023-04-15,5,24.99,15
1203,3041,ORD-001203,83,19,25,2023-04-12,2023-04-15,2,14.99,5
1203,3042,ORD-001203,83,17,25,2023-04-12,2023-04-15,3,34.99,15
1204,3043,ORD-001204,62,11,17,2022-01-15,2022-01-20,1,19.99,0
1204,3044,ORD-001204,62,5,17,2022-01-15,2022-01-20,4,549.99,0
1204,3045,ORD-001204,62,4,17,2022-01-15,2022-01-20,5,699.99,20
1205,3046,ORD-001205,111,21,3,2024-07-02,2024-07-03,5,34.99,20
1206,3047,ORD-001206,93,21,23,2022-05-15,2022-05-25,4,34.99,0
1206,3048,ORD-001206,93,31,23,2022-05-15,2022-05-25,3,19.99,5
1206,3049,ORD-001206,93,20,23,2022-05-15,2022-05-25,4,29.99,0
1207,3050,ORD-001207,140,3,24,2023-01-25,2023-01-29,3,1599.99,5
1207,3051,ORD-001207,140,30,24,2023-01-25,2023-01-29,4,29.99,0
1208,3052,ORD-001208,104,10,15,2024-08-09,2024-08-17,4,39.99,5
1208,3053,ORD-001208,104,2,15,2024-08-09,2024-08-17,2,1199.99,20
1209,3054,ORD-001209,82,1,13,2022-11-02,2022-11-09,4,899.99,20
1209,3055,ORD-001209,82,12,13,2022-11-02,2022-11-09,2,59.99,10
1209,3056,ORD-001209,82,12,13,2022-11-02,2022-11-09,2,59.99,0
1210,3057,ORD-001210,5,22,13,2024-08-25,2024-08-28,2,59.99,0
1210,3058,ORD-001210,5,32,13,2024-08-25,2024-08-28,4,14.99,0
1210,3059,ORD-001210,5,20,13,2024-08-25,2024-08-28,5,29.99,0
1211,3060,ORD-001211,59,28,7,2024-09-23,2024-10-03,4,39.99,20
1211,3061,ORD-001211,59,11,7,2024-09-23,2024-10-03,4,19.99,15
1211,3062,ORD-001211,59,4,7,2024-09-23,2024-10-03,3,699.99,0
1211,3063,ORD-001211,59,5,7,2024-09-23,2024-10-03,3,549.99,15
1212,3064,ORD-001212,123,34,20,2023-08-16,2023-08-19,4,89.99,20
1212,3065,ORD-001212,123,14,20,2023-08-16,2023-08-19,4,34.99,5
1213,3066,ORD-001213,4,40,10,2022-11-21,2022-11-27,4,12.99,10
1213,3067,ORD-001213,4,8,10,2022-11-21,2022-11-27,5,29.99,0
1213,3068,ORD-001213,4,34,10,2022-11-21,2022-11-27,3,89.99,0
1214,3069,ORD-001214,186,5,12,2022-09-20,2022-09-26,1,549.99,5
1214,3070,ORD-001214,186,24,12,2022-09-20,2022-09-26,4,89.99,0
1214,3071,ORD-001214,186,14,12,2022-09-20,2022-09-26,3,34.99,15
1214,3072,ORD-001214,186,15,12,2022-09-20,2022-09-26,3,49.99,15
1215,3073,ORD-001215,122,37,26,2023-07-29,2023-08-07,3,24.99,15
1215,3074,ORD-001215,122,13,26,2023-07-29,2023-08-07,2,49.99,0
1215,3075,ORD-001215,122,37,26,2023-07-29,2023-08-07,2,24.99,15
1216,3076,ORD-001216,152,37,20,2023-05-01,2023-05-05,4,24.99,0
1216,3077,ORD-001216,152,21,20,2023-05-01,2023-05-05,5,34.99,0
1216,3078,ORD-001216,152,25,20,2023-05-01,2023-05-05,2,59.99,10
1216,3079,ORD-001216,152,21,20,2023-05-01,2023-05-05,1,34.99,10
1217,3080,ORD-001217,126,25,15,2023-06-29,2023-07-01,2,59.99,20
1217,3081,ORD-001217,126,18,15,2023-06-29,2023-07-01,2,129.99,0
1217,3082,ORD-001217,126,4,15,2023-06-29,2023-07-01,4,699.99,0
1217,3083,ORD-001217,126,15,15,2023-06-29,2023-07-01,1,49.99,0
1218,3084,ORD-001218,92,18,27,2024-09-15,2024-09-24,3,129.99,5
1218,3085,ORD-001218,92,21,27,2024-09-15,2024-09-24,5,34.99,10
1219,3086,ORD-001219,52,19,27,2023-01-21,2023-01-31,1,14.99,15
1220,3087,ORD-001220,50,25,17,2024-10-29,2024-11-03,4,59.99,15
1220,3088,ORD-001220,50,1,17,2024-10-29,2024-11-03,3,899.99,0
1221,3089,ORD-001221,53,27,5,2023-08-30,2023-08-31,1,24.99,0
1222,3090,ORD-001222,120,36,25,2022-10-30,2022-11-07,2,149.99,10
1222,3091,ORD-001222,120,29,25,2022-10-30,2022-11-07,3,44.99,0
1222,3092,ORD-001222,120,18,25,2022-10-30,2022-11-07,4,129.99,0
1222,3093,ORD-001222,120,13,25,2022-10-30,2022-11-07,5,49.99,5
1223,3094,ORD-001223,73,8,6,2022-09-21,2022-09-27,1,29.99,20
1224,3095,ORD-001224,84,21,18,2024-09-04,2024-09-10,4,34.99,10
1224,3096,ORD-001224,84,2,18,2024-09-04,2024-09-10,4,1199.99,15
1225,3097,ORD-001225,83,19,13,2022-12-31,2023-01-06,3,14.99,10
1226,3098,ORD-001226,194,9,19,2022-03-22,2022-03-31,4,79.99,0
1227,3099,ORD-001227,18,16,5,2022-11-07,2022-11-09,1,39.99,20
1227,3100,ORD-001227,18,24,5,2022-11-07,2022-11-09,3,89.99,0
1228,3101,ORD-001228,21,26,14,2023-12-05,2023-12-07,5,79.99,0
1228,3102,ORD-001228,21,34,14,2023-12-05,2023-12-07,4,89.99,15
1228,3103,ORD-001228,21,26,14,2023-12-05,2023-12-07,2,79.99,10
1228,3104,ORD-001228,21,6,14,2023-12-05,2023-12-07,2,299.99,5
1229,3105,ORD-001229,41,4,4,2023-06-19,2023-06-23,5,699.99,0
1229,3106,ORD-001229,41,4,4,2023-06-19,2023-06-23,2,699.99,5
1230,3107,ORD-001230,11,9,2,2023-03-25,2023-03-29,5,79.99,0
1230,3108,ORD-001230,11,21,2,2023-03-25,2023-03-29,4,34.99,20
1231,3109,ORD-001231,163,32,22,2024-03-21,2024-03-22,1,14.99,15
1231,3110,ORD-001231,163,27,22,2024-03-21,2024-03-22,5,24.99,0
1231,3111,ORD-001231,163,3,22,2024-03-21,2024-03-22,2,1599.99,10
1232,3112,ORD-001232,10,1,7,2023-04-16,2023-04-26,3,899.99,15
1232,3113,ORD-001232,10,6,7,2023-04-16,2023-04-26,5,299.99,0
1232,3114,ORD-001232,10,33,7,2023-04-16,2023-04-26,2,24.99,5
1232,3115,ORD-001232,10,14,7,2023-04-16,2023-04-26,2,34.99,10
1233,3116,ORD-001233,2,33,30,2023-07-31,2023-08-05,4,24.99,0
1233,3117,ORD-001233,2,13,30,2023-07-31,2023-08-05,5,49.99,0
1233,3118,ORD-001233,2,22,30,2023-07-31,2023-08-05,2,59.99,0
1234,3119,ORD-001234,67,2,13,2022-09-02,2022-09-07,4,1199.99,10
1234,3120,ORD-001234,67,33,13,2022-09-02,2022-09-07,4,24.99,0
1234,3121,ORD-001234,67,12,13,2022-09-02,2022-09-07,1,59.99,0
1234,3122,ORD-001234,67,25,13,2022-09-02,2022-09-07,1,59.99,15
1235,3123,ORD-001235,53,24,7,2023-09-04,2023-09-08,4,89.99,0
1235,3124,ORD-001235,53,15,7,2023-09-04,2023-09-08,5,49.99,20
1235,3125,ORD-001235,53,17,7,2023-09-04,2023-09-08,2,34.99,10
1236,3126,ORD-001236,7,22,10,2022-01-26,2022-01-30,2,59.99,5
1236,3127,ORD-001236,7,25,10,2022-01-26,2022-01-30,3,59.99,5
1237,3128,ORD-001237,101,36,20,2022-12-05,2022-12-13,5,149.99,0
1237,3129,ORD-001237,101,16,20,2022-12-05,2022-12-13,1,39.99,10
1237,3130,ORD-001237,101,7,20,2022-12-05,2022-12-13,1,49.99,20
1237,3131,ORD-001237,101,2,20,2022-12-05,2022-12-13,5,1199.99,0
1238,3132,ORD-001238,3,25,9,2022-01-01,2022-01-06,5,59.99,0
1238,3133,ORD-001238,3,7,9,2022-01-01,2022-01-06,1,49.99,0
1238,3134,ORD-001238,3,14,9,2022-01-01,2022-01-06,2,34.99,5
1238,3135,ORD-001238,3,24,9,2022-01-01,2022-01-06,1,89.99,0
1239,3136,ORD-001239,107,8,21,2022-02-15,2022-02-20,3,29.99,0
1240,3137,ORD-001240,68,31,15,2023-02-24,2023-02-26,2,19.99,0
1241,3138,ORD-001241,29,18,3,2023-04-26,2023-05-04,1,129.99,15
1241,3139,ORD-001241,29,37,3,2023-04-26,2023-05-04,4,24.99,0
1241,3140,ORD-001241,29,10,3,2023-04-26,2023-05-04,2,39.99,0
1242,3141,ORD-001242,102,32,22,2024-02-12,2024-02-13,4,14.99,20
1243,3142,ORD-001243,120,5,14,2022-12-25,2022-12-26,3,549.99,15
1244,3143,ORD-001244,73,2,24,2024-09-08,2024-09-12,3,1199.99,20
1244,3144,ORD-001244,73,13,24,2024-09-08,2024-09-12,2,49.99,15
1244,3145,ORD-001244,73,29,24,2024-09-08,2024-09-12,1,44.99,15
1245,3146,ORD-001245,12,15,28,2024-06-10,2024-06-19,1,49.99,0
1245,3147,ORD-001245,12,24,28,2024-06-10,2024-06-19,1,89.99,10
1245,3148,ORD-001245,12,24,28,2024-06-10,2024-06-19,4,89.99,20
1245,3149,ORD-001245,12,31,28,2024-06-10,2024-06-19,5,19.99,0
1246,3150,ORD-001246,96,21,22,2024-01-31,2024-02-09,3,34.99,5
1246,3151,ORD-001246,96,12,22,2024-01-31,2024-02-09,5,59.99,5
1247,3152,ORD-001247,96,32,15,2023-12-13,2023-12-18,5,14.99,5
1247,3153,ORD-001247,96,24,15,2023-12-13,2023-12-18,4,89.99,0
1248,3154,ORD-001248,155,30,9,2022-10-09,2022-10-15,4,29.99,20
1248,3155,ORD-001248,155,35,9,2022-10-09,2022-10-15,2,24.99,0
1248,3156,ORD-001248,155,22,9,2022-10-09,2022-10-15,5,59.99,20
1249,3157,ORD-001249,161,37,5,2023-12-01,2023-12-10,2,24.99,20
1249,3158,ORD-001249,161,14,5,2023-12-01,2023-12-10,4,34.99,0
1250,3159,ORD-001250,108,34,29,2022-08-18,2022-08-27,1,89.99,10
1251,3160,ORD-001251,2,32,9,2022-12-04,2022-12-08,1,14.99,0
1251,3161,ORD-001251,2,24,9,2022-12-04,2022-12-08,5,89.99,5
1251,3162,ORD-001251,2,34,9,2022-12-04,2022-12-08,4,89.99,0
1252,3163,ORD-001252,148,30,12,2024-04-15,2024-04-17,2,29.99,20
1252,3164,ORD-001252,148,13,12,2024-04-15,2024-04-17,1,49.99,20
1253,3165,ORD-001253,130,5,26,2022-08-09,2022-08-17,3,549.99,0
1253,3166,ORD-001253,130,26,26,2022-08-09,2022-08-17,3,79.99,20
1254,3167,ORD-001254,54,2,18,2022-07-17,2022-07-21,1,1199.99,0
1255,3168,ORD-001255,31,17,7,2023-01-16,2023-01-18,4,34.99,0
1256,3169,ORD-001256,109,22,12,2024-04-05,2024-04-06,4,59.99,0
1256,3170,ORD-001256,109,14,12,2024-04-05,2024-04-06,3,34.99,5
1256,3171,ORD-001256,109,40,12,2024-04-05,2024-04-06,5,12.99,5
1257,3172,ORD-001257,163,32,20,2022-03-27,2022-04-04,3,14.99,0
1258,3173,ORD-001258,8,28,9,2024-08-27,2024-09-03,5,39.99,10
1259,3174,ORD-001259,90,3,22,2024-10-01,2024-10-02,4,1599.99,20
1259,3175,ORD-001259,90,6,22,2024-10-01,2024-10-02,4,299.99,0
1259,3176,ORD-001259,90,35,22,2024-10-01,2024-10-02,1,24.99,0
1259,3177,ORD-001259,90,16,22,2024-10-01,2024-10-02,1,39.99,5
1260,3178,ORD-001260,98,3,24,2023-11-22,2023-11-26,3,1599.99,0
1260,3179,ORD-001260,98,36,24,2023-11-22,2023-11-26,4,149.99,0
1260,3180,ORD-001260,98,40,24,2023-11-22,2023-11-26,4,12.99,0
1260,3181,ORD-001260,98,1,24,2023-11-22,2023-11-26,2,899.99,10
1261,3182,ORD-001261,173,5,25,2022-02-27,2022-03-08,5,549.99,0
1261,3183,ORD-001261,173,30,25,2022-02-27,2022-03-08,3,29.99,15
1261,3184,ORD-001261,173,37,25,2022-02-27,2022-03-08,4,24.99,20
1261,3185,ORD-001261,173,35,25,2022-02-27,2022-03-08,1,24.99,0
1262,3186,ORD-001262,150,29,4,2024-11-24,2024-12-02,3,44.99,20
1262,3187,ORD-001262,150,11,4,2024-11-24,2024-12-02,1,19.99,0
1263,3188,ORD-001263,154,5,11,2024-05-23,2024-05-25,2,549.99,5
1263,3189,ORD-001263,154,32,11,2024-05-23,2024-05-25,2,14.99,0
1264,3190,ORD-001264,100,20,25,2022-12-28,2023-01-04,2,29.99,0
1265,3191,ORD-001265,88,8,28,2024-10-07,2024-10-11,1,29.99,0
1265,3192,ORD-001265,88,9,28,2024-10-07,2024-10-11,2,79.99,15
1265,3193,ORD-001265,88,39,28,2024-10-07,2024-10-11,5,14.99,0
1265,3194,ORD-001265,88,29,28,2024-10-07,2024-10-11,4,44.99,0
1266,3195,ORD-001266,179,35,14,2022-02-12,2022-02-21,1,24.99,5
1266,3196,ORD-001266,179,31,14,2022-02-12,2022-02-21,1,19.99,0
1266,3197,ORD-001266,179,28,14,2022-02-12,2022-02-21,5,39.99,15
1267,3198,ORD-001267,109,23,3,2022-05-14,2022-05-16,4,49.99,5
1267,3199,ORD-001267,109,33,3,2022-05-14,2022-05-16,2,24.99,0
1267,3200,ORD-001267,109,8,3,2022-05-14,2022-05-16,1,29.99,0
1268,3201,ORD-001268,23,35,19,2023-01-18,2023-01-22,3,24.99,10
1268,3202,ORD-001268,23,17,19,2023-01-18,2023-01-22,4,34.99,0
1268,3203,ORD-001268,23,12,19,2023-01-18,2023-01-22,5,59.99,5
1268,3204,ORD-001268,23,8,19,2023-01-18,2023-01-22,5,29.99,0
1269,3205,ORD-001269,60,26,7,2022-10-29,2022-11-03,1,79.99,0
1269,3206,ORD-001269,60,4,7,2022-10-29,2022-11-03,5,699.99,20
1270,3207,ORD-001270,4,20,4,2024-12-10,2024-12-15,2,29.99,0
1271,3208,ORD-001271,63,31,28,2024-09-10,2024-09-14,4,19.99,5
1271,3209,ORD-001271,63,14,28,2024-09-10,2024-09-14,1,34.99,0
1272,3210,ORD-001272,100,33,18,2022-05-26,2022-05-29,2,24.99,20
1272,3211,ORD-001272,100,5,18,2022-05-26,2022-05-29,4,549.99,10
1273,3212,ORD-001273,19,24,19,2022-12-04,2022-12-08,2,89.99,20
1273,3213,ORD-001273,19,17,19,2022-12-04,2022-12-08,4,34.99,0
1273,3214,ORD-001273,19,28,19,2022-12-04,2022-12-08,1,39.99,20
1273,3215,ORD-001273,19,21,19,2022-12-04,2022-12-08,4,34.99,0
1274,3216,ORD-001274,50,39,22,2024-02-05,2024-02-12,2,14.99,15
1274,3217,ORD-001274,50,9,22,2024-02-05,2024-02-12,4,79.99,10
1274,3218,ORD-001274,50,33,22,2024-02-05,2024-02-12,4,24.99,15
1274,3219,ORD-001274,50,11,22,2024-02-05,2024-02-12,2,19.99,10
1275,3220,ORD-001275,134,39,10,2024-10-15,2024-10-17,1,14.99,5
1275,3221,ORD-001275,134,5,10,2024-10-15,2024-10-17,5,549.99,0
1275,3222,ORD-001275,134,10,10,2024-10-15,2024-10-17,1,39.99,0
1275,3223,ORD-001275,134,18,10,2024-10-15,2024-10-17,4,129.99,0
1276,3224,ORD-001276,119,20,21,2023-12-01,2023-12-06,4,29.99,10
1276,3225,ORD-001276,119,32,21,2023-12-01,2023-12-06,4,14.99,20
1276,3226,ORD-001276,119,38,21,2023-12-01,2023-12-06,5,34.99,15
1277,3227,ORD-001277,155,6,20,2022-10-09,2022-10-17,4,299.99,0
1277,3228,ORD-001277,155,35,20,2022-10-09,2022-10-17,5,24.99,10
1277,3229,ORD-001277,155,5,20,2022-10-09,2022-10-17,3,549.99,15
1278,3230,ORD-001278,69,21,30,2023-07-10,2023-07-15,3,34.99,0
1278,3231,ORD-001278,69,37,30,2023-07-10,2023-07-15,2,24.99,0
1279,3232,ORD-001279,79,18,7,2023-11-18,2023-11-27,3,129.99,10
1279,3233,ORD-001279,79,28,7,2023-11-18,2023-11-27,2,39.99,20
1279,3234,ORD-001279,79,40,7,2023-11-18,2023-11-27,2,12.99,20
1279,3235,ORD-001279,79,19,7,2023-11-18,2023-11-27,2,14.99,15
1280,3236,ORD-001280,176,38,12,2023-10-20,2023-10-24,5,34.99,0
1280,3237,ORD-001280,176,8,12,2023-10-20,2023-10-24,3,29.99,15
1280,3238,ORD-001280,176,16,12,2023-10-20,2023-10-24,2,39.99,10
1280,3239,ORD-001280,176,22,12,2023-10-20,2023-10-24,2,59.99,15
1281,3240,ORD-001281,128,18,12,2023-05-19,2023-05-26,5,129.99,5
1281,3241,ORD-001281,128,35,12,2023-05-19,2023-05-26,3,24.99,0
1281,3242,ORD-001281,128,17,12,2023-05-19,2023-05-26,5,34.99,0
1281,3243,ORD-001281,128,17,12,2023-05-19,2023-05-26,1,34.99,5
1282,3244,ORD-001282,141,17,13,2022-01-07,2022-01-09,4,34.99,5
1282,3245,ORD-001282,141,36,13,2022-01-07,2022-01-09,5,149.99,20
1283,3246,ORD-001283,71,4,17,2024-05-11,2024-05-15,4,699.99,15
1283,3247,ORD-001283,71,32,17,2024-05-11,2024-05-15,5,14.99,0
1283,3248,ORD-001283,71,31,17,2024-05-11,2024-05-15,4,19.99,5
1284,3249,ORD-001284,81,24,4,2022-10-14,2022-10-17,1,89.99,0
1285,3250,ORD-001285,18,9,9,2022-08-09,2022-08-18,1,79.99,15
1285,3251,ORD-001285,18,28,9,2022-08-09,2022-08-18,2,39.99,0
1285,3252,ORD-001285,18,37,9,2022-08-09,2022-08-18,1,24.99,0
1286,3253,ORD-001286,29,16,11,2023-07-22,2023-07-27,2,39.99,0
1286,3254,ORD-001286,29,40,11,2023-07-22,2023-07-27,5,12.99,10
1286,3255,ORD-001286,29,18,11,2023-07-22,2023-07-27,5,129.99,0
1286,3256,ORD-001286,29,16,11,2023-07-22,2023-07-27,2,39.99,0
1287,3257,ORD-001287,142,25,19,2023-10-11,2023-10-15,2,59.99,10
1287,3258,ORD-001287,142,40,19,2023-10-11,2023-10-15,1,12.99,0
1288,3259,ORD-001288,24,7,19,2023-07-07,2023-07-15,2,49.99,20
1289,3260,ORD-001289,105,12,8,2023-05-11,2023-05-19,2,59.99,0
1289,3261,ORD-001289,105,7,8,2023-05-11,2023-05-19,1,49.99,0
1290,3262,ORD-001290,172,29,10,2024-06-10,2024-06-20,2,44.99,0
1290,3263,ORD-001290,172,7,10,2024-06-10,2024-06-20,1,49.99,5
1290,3264,ORD-001290,172,29,10,2024-06-10,2024-06-20,4,44.99,0
1290,3265,ORD-001290,172,25,10,2024-06-10,2024-06-20,5,59.99,20
1291,3266,ORD-001291,98,28,1,2023-07-11,2023-07-15,5,39.99,0
1291,3267,ORD-001291,98,21,1,2023-07-11,2023-07-15,1,34.99,5
1291,3268,ORD-001291,98,33,1,2023-07-11,2023-07-15,5,24.99,5
1291,3269,ORD-001291,98,29,1,2023-07-11,2023-07-15,5,44.99,0
1292,3270,ORD-001292,96,11,5,2022-06-08,2022-06-18,4,19.99,0
1292,3271,ORD-001292,96,14,5,2022-06-08,2022-06-18,3,34.99,0
1292,3272,ORD-001292,96,26,5,2022-06-08,2022-06-18,3,79.99,0
1292,3273,ORD-001292,96,19,5,2022-06-08,2022-06-18,2,14.99,5
1293,3274,ORD-001293,154,5,29,2024-08-19,2024-08-20,4,549.99,15
1293,3275,ORD-001293,154,2,29,2024-08-19,2024-08-20,4,1199.99,10
1294,3276,ORD-001294,89,28,12,2024-02-20,2024-02-21,4,39.99,5
1294,3277,ORD-001294,89,6,12,2024-02-20,2024-02-21,4,299.99,0
1294,3278,ORD-001294,89,23,12,2024-02-20,2024-02-21,2,49.99,0
1294,3279,ORD-001294,89,24,12,2024-02-20,2024-02-21,3,89.99,5
1295,3280,ORD-001295,41,3,6,2023-03-25,2023-04-04,4,1599.99,0
1295,3281,ORD-001295,41,4,6,2023-03-25,2023-04-04,2,699.99,0
1296,3282,ORD-001296,182,17,30,2022-11-22,2022-11-24,1,34.99,10
1297,3283,ORD-001297,66,28,15,2022-11-02,2022-11-07,3,39.99,20
1297,3284,ORD-001297,66,12,15,2022-11-02,2022-11-07,2,59.99,5
1298,3285,ORD-001298,80,6,6,2024-12-02,2024-12-04,5,299.99,0
1298,3286,ORD-001298,80,37,6,2024-12-02,2024-12-04,2,24.99,0
1299,3287,ORD-001299,141,2,16,2024-05-16,2024-05-19,2,1199.99,10
1299,3288,ORD-001299,141,5,16,2024-05-16,2024-05-19,1,549.99,20
1300,3289,ORD-001300,26,30,9,2023-01-02,2023-01-11,5,29.99,20
1301,3290,ORD-001301,95,16,24,2023-01-02,2023-01-05,1,39.99,0
1301,3291,ORD-001301,95,11,24,2023-01-02,2023-01-05,3,19.99,10
1302,3292,ORD-001302,6,9,17,2024-10-30,2024-10-31,2,79.99,0
1302,3293,ORD-001302,6,31,17,2024-10-30,2024-10-31,2,19.99,20
1302,3294,ORD-001302,6,9,17,2024-10-30,2024-10-31,2,79.99,20
1302,3295,ORD-001302,6,39,17,2024-10-30,2024-10-31,3,14.99,10
1303,3296,ORD-001303,72,8,15,2023-05-19,2023-05-27,2,29.99,0
1303,3297,ORD-001303,72,39,15,2023-05-19,2023-05-27,1,14.99,0
1304,3298,ORD-001304,97,34,5,2022-01-02,2022-01-07,4,89.99,15
1304,3299,ORD-001304,97,26,5,2022-01-02,2022-01-07,5,79.99,10
1304,3300,ORD-001304,97,26,5,2022-01-02,2022-01-07,5,79.99,5
1304,3301,ORD-001304,97,34,5,2022-01-02,2022-01-07,3,89.99,20
1305,3302,ORD-001305,156,11,19,2024-04-09,2024-04-14,5,19.99,20
1305,3303,ORD-001305,156,32,19,2024-04-09,2024-04-14,2,14.99,20
1305,3304,ORD-001305,156,3,19,2024-04-09,2024-04-14,2,1599.99,0
1305,3305,ORD-001305,156,39,19,2024-04-09,2024-04-14,3,14.99,20
1306,3306,ORD-001306,77,20,4,2024-04-24,2024-05-01,3,29.99,0
1306,3307,ORD-001306,77,21,4,2024-04-24,2024-05-01,4,34.99,0
1306,3308,ORD-001306,77,2,4,2024-04-24,2024-05-01,2,1199.99,5
1306,3309,ORD-001306,77,10,4,2024-04-24,2024-05-01,4,39.99,20
1307,3310,ORD-001307,152,16,26,2022-10-14,2022-10-19,2,39.99,0
1307,3311,ORD-001307,152,15,26,2022-10-14,2022-10-19,4,49.99,0
1307,3312,ORD-001307,152,32,26,2022-10-14,2022-10-19,4,14.99,5
1307,3313,ORD-001307,152,30,26,2022-10-14,2022-10-19,3,29.99,0
1308,3314,ORD-001308,119,10,5,2024-05-01,2024-05-02,1,39.99,0
1308,3315,ORD-001308,119,24,5,2024-05-01,2024-05-02,1,89.99,0
1309,3316,ORD-001309,120,39,30,2024-03-02,2024-03-09,3,14.99,0
1310,3317,ORD-001310,132,5,18,2024-09-04,2024-09-05,3,549.99,0
1310,3318,ORD-001310,132,13,18,2024-09-04,2024-09-05,3,49.99,10
1310,3319,ORD-001310,132,11,18,2024-09-04,2024-09-05,1,19.99,0
1310,3320,ORD-001310,132,10,18,2024-09-04,2024-09-05,5,39.99,0
1311,3321,ORD-001311,16,2,1,2024-11-09,2024-11-13,4,1199.99,5
1311,3322,ORD-001311,16,22,1,2024-11-09,2024-11-13,5,59.99,5
1311,3323,ORD-001311,16,23,1,2024-11-09,2024-11-13,5,49.99,0
1312,3324,ORD-001312,73,29,12,2022-04-15,2022-04-24,4,44.99,5
1313,3325,ORD-001313,196,10,17,2022-03-16,2022-03-25,4,39.99,0
1314,3326,ORD-001314,170,10,23,2024-06-19,2024-06-24,2,39.99,0
1314,3327,ORD-001314,170,40,23,2024-06-19,2024-06-24,4,12.99,0
1315,3328,ORD-001315,101,1,8,2022-03-27,2022-03-28,2,899.99,0
1315,3329,ORD-001315,101,27,8,2022-03-27,2022-03-28,5,24.99,0
1315,3330,ORD-001315,101,27,8,2022-03-27,2022-03-28,2,24.99,5
1316,3331,ORD-001316,141,5,19,2023-06-07,2023-06-11,2,549.99,20
1317,3332,ORD-001317,10,30,9,2024-09-15,2024-09-17,2,29.99,15
1317,3333,ORD-001317,10,32,9,2024-09-15,2024-09-17,1,14.99,0
1318,3334,ORD-001318,172,31,15,2023-12-03,2023-12-13,3,19.99,10
1318,3335,ORD-001318,172,36,15,2023-12-03,2023-12-13,5,149.99,20
1318,3336,ORD-001318,172,22,15,2023-12-03,2023-12-13,3,59.99,10
1319,3337,ORD-001319,40,15,22,2024-12-01,2024-12-06,1,49.99,5
1319,3338,ORD-001319,40,31,22,2024-12-01,2024-12-06,3,19.99,0
1320,3339,ORD-001320,131,38,10,2024-10-18,2024-10-25,3,34.99,20
1321,3340,ORD-001321,66,15,4,2022-10-31,2022-11-09,2,49.99,5
1321,3341,ORD-001321,66,10,4,2022-10-31,2022-11-09,1,39.99,15
1322,3342,ORD-001322,139,27,17,2024-01-14,2024-01-21,5,24.99,0
1322,3343,ORD-001322,139,20,17,2024-01-14,2024-01-21,1,29.99,0
1322,3344,ORD-001322,139,11,17,2024-01-14,2024-01-21,5,19.99,5
1322,3345,ORD-001322,139,5,17,2024-01-14,2024-01-21,3,549.99,0
1323,3346,ORD-001323,112,31,13,2024-06-04,2024-06-07,1,19.99,0
1323,3347,ORD-001323,112,24,13,2024-06-04,2024-06-07,1,89.99,0
1323,3348,ORD-001323,112,16,13,2024-06-04,2024-06-07,4,39.99,5
1323,3349,ORD-001323,112,26,13,2024-06-04,2024-06-07,5,79.99,0
1324,3350,ORD-001324,104,40,14,2023-04-27,2023-05-02,2,12.99,0
1324,3351,ORD-001324,104,11,14,2023-04-27,2023-05-02,5,19.99,0
1325,3352,ORD-001325,152,6,13,2022-06-19,2022-06-21,1,299.99,0
1326,3353,ORD-001326,139,4,14,2024-10-05,2024-10-07,1,699.99,5
1326,3354,ORD-001326,139,12,14,2024-10-05,2024-10-07,1,59.99,0
1327,3355,ORD-001327,75,3,27,2024-01-22,2024-01-28,2,1599.99,0
1328,3356,ORD-001328,85,3,4,2022-03-21,2022-03-31,5,1599.99,0
1329,3357,ORD-001329,50,7,26,2022-12-15,2022-12-22,3,49.99,10
1329,3358,ORD-001329,50,19,26,2022-12-15,2022-12-22,5,14.99,20
1329,3359,ORD-001329,50,34,26,2022-12-15,2022-12-22,1,89.99,20
1329,3360,ORD-001329,50,40,26,2022-12-15,2022-12-22,3,12.99,0
1330,3361,ORD-001330,17,32,15,2023-06-17,2023-06-20,5,14.99,0
1331,3362,ORD-001331,177,11,10,2022-03-07,2022-03-14,4,19.99,20
1331,3363,ORD-001331,177,29,10,2022-03-07,2022-03-14,3,44.99,10
1331,3364,ORD-001331,177,20,10,2022-03-07,2022-03-14,3,29.99,15
1332,3365,ORD-001332,181,20,27,2024-04-01,2024-04-08,3,29.99,0
1332,3366,ORD-001332,181,16,27,2024-04-01,2024-04-08,4,39.99,0
1333,3367,ORD-001333,181,38,5,2022-03-17,2022-03-19,1,34.99,0
1334,3368,ORD-001334,28,19,15,2022-09-16,2022-09-19,3,14.99,15
1335,3369,ORD-001335,82,27,19,2023-05-05,2023-05-13,1,24.99,15
1335,3370,ORD-001335,82,36,19,2023-05-05,2023-05-13,5,149.99,0
1335,3371,ORD-001335,82,14,19,2023-05-05,2023-05-13,4,34.99,15
1335,3372,ORD-001335,82,3,19,2023-05-05,2023-05-13,3,1599.99,0
1336,3373,ORD-001336,101,3,7,2023-12-08,2023-12-10,3,1599.99,5
1337,3374,ORD-001337,48,21,27,2024-10-16,2024-10-24,4,34.99,0
1337,3375,ORD-001337,48,21,27,2024-10-16,2024-10-24,4,34.99,15
1337,3376,ORD-001337,48,21,27,2024-10-16,2024-10-24,5,34.99,20
1337,3377,ORD-001337,48,12,27,2024-10-16,2024-10-24,1,59.99,20
1338,3378,ORD-001338,43,22,9,2024-05-01,2024-05-03,2,59.99,0
1338,3379,ORD-001338,43,9,9,2024-05-01,2024-05-03,2,79.99,10
1338,3380,ORD-001338,43,39,9,2024-05-01,2024-05-03,4,14.99,0
1338,3381,ORD-001338,43,13,9,2024-05-01,2024-05-03,2,49.99,5
1339,3382,ORD-001339,10,40,25,2022-01-19,2022-01-25,3,12.99,0
1339,3383,ORD-001339,10,1,25,2022-01-19,2022-01-25,1,899.99,5
1339,3384,ORD-001339,10,33,25,2022-01-19,2022-01-25,2,24.99,0
1340,3385,ORD-001340,38,34,11,2024-10-31,2024-11-05,5,89.99,10
1340,3386,ORD-001340,38,40,11,2024-10-31,2024-11-05,2,12.99,5
1340,3387,ORD-001340,38,3,11,2024-10-31,2024-11-05,4,1599.99,15
1340,3388,ORD-001340,38,38,11,2024-10-31,2024-11-05,5,34.99,0
1341,3389,ORD-001341,138,22,25,2024-07-23,2024-07-24,1,59.99,5
1341,3390,ORD-001341,138,38,25,2024-07-23,2024-07-24,1,34.99,5
1341,3391,ORD-001341,138,27,25,2024-07-23,2024-07-24,4,24.99,10
1342,3392,ORD-001342,147,29,8,2023-10-08,2023-10-18,3,44.99,0
1342,3393,ORD-001342,147,3,8,2023-10-08,2023-10-18,2,1599.99,15
1343,3394,ORD-001343,149,34,9,2024-03-19,2024-03-24,2,89.99,0
1344,3395,ORD-001344,57,1,27,2024-07-09,2024-07-13,4,899.99,0
1344,3396,ORD-001344,57,5,27,2024-07-09,2024-07-13,3,549.99,10
1344,3397,ORD-001344,57,35,27,2024-07-09,2024-07-13,4,24.99,0
1344,3398,ORD-001344,57,33,27,2024-07-09,2024-07-13,3,24.99,20
1345,3399,ORD-001345,154,35,22,2022-04-15,2022-04-23,5,24.99,0
1345,3400,ORD-001345,154,8,22,2022-04-15,2022-04-23,2,29.99,5
1346,3401,ORD-001346,144,1,24,2023-11-04,2023-11-07,4,899.99,0
1346,3402,ORD-001346,144,22,24,2023-11-04,2023-11-07,2,59.99,5
1347,3403,ORD-001347,6,19,4,2022-09-23,2022-09-28,3,14.99,5
1347,3404,ORD-001347,6,11,4,2022-09-23,2022-09-28,4,19.99,0
1348,3405,ORD-001348,187,20,6,2024-01-11,2024-01-13,5,29.99,15
1348,3406,ORD-001348,187,36,6,2024-01-11,2024-01-13,1,149.99,0
1348,3407,ORD-001348,187,10,6,2024-01-11,2024-01-13,1,39.99,20
1349,3408,ORD-001349,1,8,8,2022-05-16,2022-05-21,4,29.99,0
1349,3409,ORD-001349,1,8,8,2022-05-16,2022-05-21,5,29.99,20
1350,3410,ORD-001350,200,31,18,2024-08-10,2024-08-19,5,19.99,0
1351,3411,ORD-001351,22,25,12,2022-07-08,2022-07-14,2,59.99,10
1351,3412,ORD-001351,22,17,12,2022-07-08,2022-07-14,1,34.99,10
1352,3413,ORD-001352,197,22,3,2022-05-10,2022-05-13,2,59.99,10
1352,3414,ORD-001352,197,35,3,2022-05-10,2022-05-13,2,24.99,5
1353,3415,ORD-001353,194,25,21,2023-12-21,2023-12-22,4,59.99,0
1353,3416,ORD-001353,194,33,21,2023-12-21,2023-12-22,4,24.99,0
1353,3417,ORD-001353,194,11,21,2023-12-21,2023-12-22,2,19.99,10
1354,3418,ORD-001354,164,36,16,2022-05-18,2022-05-22,4,149.99,5
1354,3419,ORD-001354,164,21,16,2022-05-18,2022-05-22,3,34.99,0
1354,3420,ORD-001354,164,3,16,2022-05-18,2022-05-22,1,1599.99,5
1354,3421,ORD-001354,164,13,16,2022-05-18,2022-05-22,1,49.99,10
1355,3422,ORD-001355,91,1,1,2024-02-02,2024-02-08,3,899.99,20
1355,3423,ORD-001355,91,30,1,2024-02-02,2024-02-08,1,29.99,0
1355,3424,ORD-001355,91,7,1,2024-02-02,2024-02-08,5,49.99,10
1355,3425,ORD-001355,91,36,1,2024-02-02,2024-02-08,1,149.99,10
1356,3426,ORD-001356,35,8,16,2024-10-09,2024-10-18,5,29.99,20
1356,3427,ORD-001356,35,3,16,2024-10-09,2024-10-18,3,1599.99,0
1356,3428,ORD-001356,35,20,16,2024-10-09,2024-10-18,5,29.99,20
1357,3429,ORD-001357,109,20,10,2022-03-21,2022-03-23,2,29.99,15
1358,3430,ORD-001358,67,22,27,2024-02-17,2024-02-20,4,59.99,0
1358,3431,ORD-001358,67,34,27,2024-02-17,2024-02-20,3,89.99,0
1358,3432,ORD-001358,67,32,27,2024-02-17,2024-02-20,3,14.99,15
1359,3433,ORD-001359,77,21,14,2022-02-16,2022-02-17,2,34.99,15
1359,3434,ORD-001359,77,6,14,2022-02-16,2022-02-17,2,299.99,10
1359,3435,ORD-001359,77,39,14,2022-02-16,2022-02-17,5,14.99,20
1360,3436,ORD-001360,26,22,12,2022-08-21,2022-08-23,3,59.99,0
1360,3437,ORD-001360,26,12,12,2022-08-21,2022-08-23,5,59.99,0
1360,3438,ORD-001360,26,38,12,2022-08-21,2022-08-23,1,34.99,0
1361,3439,ORD-001361,13,36,9,2023-09-30,2023-10-09,5,149.99,20
1362,3440,ORD-001362,177,7,18,2023-09-01,2023-09-10,4,49.99,20
1362,3441,ORD-001362,177,3,18,2023-09-01,2023-09-10,3,1599.99,5
1362,3442,ORD-001362,177,6,18,2023-09-01,2023-09-10,3,299.99,0
1363,3443,ORD-001363,190,38,2,2022-10-08,2022-10-10,1,34.99,0
1364,3444,ORD-001364,123,35,2,2024-08-18,2024-08-24,1,24.99,0
1364,3445,ORD-001364,123,11,2,2024-08-18,2024-08-24,5,19.99,10
1364,3446,ORD-001364,123,16,2,2024-08-18,2024-08-24,1,39.99,0
1364,3447,ORD-001364,123,11,2,2024-08-18,2024-08-24,2,19.99,15
1365,3448,ORD-001365,146,14,23,2022-08-01,2022-08-02,2,34.99,0
1365,3449,ORD-001365,146,33,23,2022-08-01,2022-08-02,2,24.99,5
1365,3450,ORD-001365,146,1,23,2022-08-01,2022-08-02,5,899.99,0
1365,3451,ORD-001365,146,37,23,2022-08-01,2022-08-02,2,24.99,5
1366,3452,ORD-001366,141,40,8,2022-05-02,2022-05-09,4,12.99,0
1366,3453,ORD-001366,141,34,8,2022-05-02,2022-05-09,3,89.99,0
1367,3454,ORD-001367,35,18,13,2024-04-22,2024-05-02,2,129.99,10
1367,3455,ORD-001367,35,8,13,2024-04-22,2024-05-02,4,29.99,0
1367,3456,ORD-001367,35,39,13,2024-04-22,2024-05-02,4,14.99,0
1368,3457,ORD-001368,30,37,13,2023-01-27,2023-02-01,2,24.99,20
1368,3458,ORD-001368,30,38,13,2023-01-27,2023-02-01,1,34.99,15
1369,3459,ORD-001369,64,3,5,2022-03-24,2022-03-28,1,1599.99,15
1369,3460,ORD-001369,64,26,5,2022-03-24,2022-03-28,2,79.99,0
1370,3461,ORD-001370,71,1,4,2022-01-06,2022-01-10,4,899.99,0
1371,3462,ORD-001371,88,8,7,2024-07-04,2024-07-07,3,29.99,0
1371,3463,ORD-001371,88,27,7,2024-07-04,2024-07-07,4,24.99,15
1372,3464,ORD-001372,133,10,22,2023-07-18,2023-07-26,2,39.99,5
1372,3465,ORD-001372,133,23,22,2023-07-18,2023-07-26,2,49.99,20
1373,3466,ORD-001373,171,18,28,2023-05-13,2023-05-21,4,129.99,0
1373,3467,ORD-001373,171,17,28,2023-05-13,2023-05-21,1,34.99,5
1373,3468,ORD-001373,171,30,28,2023-05-13,2023-05-21,2,29.99,0
1373,3469,ORD-001373,171,4,28,2023-05-13,2023-05-21,4,699.99,10
1374,3470,ORD-001374,75,10,7,2024-04-26,2024-04-28,3,39.99,0
1374,3471,ORD-001374,75,12,7,2024-04-26,2024-04-28,4,59.99,20
1374,3472,ORD-001374,75,1,7,2024-04-26,2024-04-28,4,899.99,20
1375,3473,ORD-001375,196,23,17,2022-05-14,2022-05-24,3,49.99,15
1375,3474,ORD-001375,196,15,17,2022-05-14,2022-05-24,4,49.99,0
1375,3475,ORD-001375,196,18,17,2022-05-14,2022-05-24,4,129.99,5
1375,3476,ORD-001375,196,18,17,2022-05-14,2022-05-24,2,129.99,5
1376,3477,ORD-001376,57,32,15,2022-10-01,2022-10-02,4,14.99,0
1376,3478,ORD-001376,57,36,15,2022-10-01,2022-10-02,5,149.99,15
1377,3479,ORD-001377,38,7,4,2023-07-03,2023-07-09,3,49.99,20
1377,3480,ORD-001377,38,34,4,2023-07-03,2023-07-09,3,89.99,15
1377,3481,ORD-001377,38,26,4,2023-07-03,2023-07-09,1,79.99,0
1378,3482,ORD-001378,146,17,29,2022-08-08,2022-08-12,2,34.99,20
1378,3483,ORD-001378,146,36,29,2022-08-08,2022-08-12,5,149.99,10
1378,3484,ORD-001378,146,34,29,2022-08-08,2022-08-12,2,89.99,15
1379,3485,ORD-001379,128,21,17,2022-01-07,2022-01-10,5,34.99,5
1380,3486,ORD-001380,146,12,11,2022-01-03,2022-01-11,1,59.99,15
1380,3487,ORD-001380,146,20,11,2022-01-03,2022-01-11,4,29.99,0
1381,3488,ORD-001381,179,26,26,2023-07-11,2023-07-21,5,79.99,10
1381,3489,ORD-001381,179,37,26,2023-07-11,2023-07-21,3,24.99,0
1382,3490,ORD-001382,98,3,16,2023-02-06,2023-02-10,3,1599.99,0
1382,3491,ORD-001382,98,31,16,2023-02-06,2023-02-10,2,19.99,10
1382,3492,ORD-001382,98,22,16,2023-02-06,2023-02-10,4,59.99,0
1383,3493,ORD-001383,111,37,18,2022-02-03,2022-02-05,2,24.99,0
1384,3494,ORD-001384,106,27,28,2022-03-31,2022-04-04,5,24.99,15
1384,3495,ORD-001384,106,5,28,2022-03-31,2022-04-04,1,549.99,15
1384,3496,ORD-001384,106,36,28,2022-03-31,2022-04-04,4,149.99,15
1384,3497,ORD-001384,106,9,28,2022-03-31,2022-04-04,2,79.99,15
1385,3498,ORD-001385,55,17,7,2024-01-30,2024-02-01,1,34.99,10
1386,3499,ORD-001386,105,14,4,2023-07-29,2023-08-08,1,34.99,0
1386,3500,ORD-001386,105,16,4,2023-07-29,2023-08-08,5,39.99,0
1386,3501,ORD-001386,105,6,4,2023-07-29,2023-08-08,3,299.99,20
1386,3502,ORD-001386,105,39,4,2023-07-29,2023-08-08,5,14.99,15
1387,3503,ORD-001387,162,18,25,2023-05-09,2023-05-10,5,129.99,0
1387,3504,ORD-001387,162,1,25,2023-05-09,2023-05-10,4,899.99,20
1387,3505,ORD-001387,162,14,25,2023-05-09,2023-05-10,4,34.99,0
1387,3506,ORD-001387,162,7,25,2023-05-09,2023-05-10,1,49.99,10
1388,3507,ORD-001388,150,23,8,2023-07-23,2023-07-24,3,49.99,20
1388,3508,ORD-001388,150,29,8,2023-07-23,2023-07-24,5,44.99,15
1388,3509,ORD-001388,150,11,8,2023-07-23,2023-07-24,1,19.99,15
1388,3510,ORD-001388,150,7,8,2023-07-23,2023-07-24,5,49.99,0
1389,3511,ORD-001389,171,15,9,2023-01-30,2023-02-02,1,49.99,15
1389,3512,ORD-001389,171,12,9,2023-01-30,2023-02-02,2,59.99,20
1390,3513,ORD-001390,54,4,7,2022-09-29,2022-10-04,4,699.99,0
1390,3514,ORD-001390,54,40,7,2022-09-29,2022-10-04,2,12.99,0
1390,3515,ORD-001390,54,8,7,2022-09-29,2022-10-04,2,29.99,0
1390,3516,ORD-001390,54,20,7,2022-09-29,2022-10-04,4,29.99,0
1391,3517,ORD-001391,177,1,3,2022-11-22,2022-11-30,2,899.99,0
1391,3518,ORD-001391,177,3,3,2022-11-22,2022-11-30,5,1599.99,0
1391,3519,ORD-001391,177,27,3,2022-11-22,2022-11-30,1,24.99,0
1391,3520,ORD-001391,177,11,3,2022-11-22,2022-11-30,2,19.99,0
1392,3521,ORD-001392,40,11,14,2022-08-11,2022-08-18,3,19.99,15
1392,3522,ORD-001392,40,34,14,2022-08-11,2022-08-18,5,89.99,15
1393,3523,ORD-001393,136,39,29,2023-11-07,2023-11-15,5,14.99,15
1393,3524,ORD-001393,136,37,29,2023-11-07,2023-11-15,2,24.99,5
1394,3525,ORD-001394,109,17,6,2024-06-30,2024-07-05,5,34.99,0
1394,3526,ORD-001394,109,2,6,2024-06-30,2024-07-05,2,1199.99,5
1394,3527,ORD-001394,109,19,6,2024-06-30,2024-07-05,4,14.99,20
1395,3528,ORD-001395,138,9,15,2022-07-06,2022-07-16,1,79.99,0
1396,3529,ORD-001396,189,26,23,2024-12-28,2024-12-30,5,79.99,15
1396,3530,ORD-001396,189,9,23,2024-12-28,2024-12-30,1,79.99,10
1396,3531,ORD-001396,189,12,23,2024-12-28,2024-12-30,5,59.99,0
1396,3532,ORD-001396,189,9,23,2024-12-28,2024-12-30,2,79.99,0
1397,3533,ORD-001397,131,22,28,2022-06-01,2022-06-05,5,59.99,10
1398,3534,ORD-001398,24,12,9,2023-06-19,2023-06-25,1,59.99,5
1398,3535,ORD-001398,24,32,9,2023-06-19,2023-06-25,2,14.99,0
1399,3536,ORD-001399,57,40,23,2022-07-03,2022-07-12,4,12.99,0
1399,3537,ORD-001399,57,28,23,2022-07-03,2022-07-12,5,39.99,0
1400,3538,ORD-001400,189,18,25,2023-10-22,2023-10-30,3,129.99,0
1400,3539,ORD-001400,189,3,25,2023-10-22,2023-10-30,1,1599.99,20
1401,3540,ORD-001401,7,21,25,2022-02-19,2022-02-20,2,34.99,20
1402,3541,ORD-001402,191,31,26,2022-06-16,2022-06-18,1,19.99,5
1402,3542,ORD-001402,191,35,26,2022-06-16,2022-06-18,3,24.99,0
1403,3543,ORD-001403,162,21,24,2022-02-22,2022-02-25,4,34.99,15
1403,3544,ORD-001403,162,8,24,2022-02-22,2022-02-25,5,29.99,15
1403,3545,ORD-001403,162,19,24,2022-02-22,2022-02-25,3,14.99,0
1404,3546,ORD-001404,41,19,3,2022-10-30,2022-11-09,4,14.99,10
1404,3547,ORD-001404,41,5,3,2022-10-30,2022-11-09,2,549.99,0
1404,3548,ORD-001404,41,19,3,2022-10-30,2022-11-09,5,14.99,10
1404,3549,ORD-001404,41,3,3,2022-10-30,2022-11-09,3,1599.99,5
1405,3550,ORD-001405,121,2,2,2024-11-04,2024-11-11,1,1199.99,10
1405,3551,ORD-001405,121,4,2,2024-11-04,2024-11-11,1,699.99,15
1405,3552,ORD-001405,121,17,2,2024-11-04,2024-11-11,2,34.99,5
1405,3553,ORD-001405,121,23,2,2024-11-04,2024-11-11,3,49.99,0
1406,3554,ORD-001406,93,26,24,2024-11-22,2024-11-27,4,79.99,10
1406,3555,ORD-001406,93,8,24,2024-11-22,2024-11-27,2,29.99,5
1407,3556,ORD-001407,39,21,26,2023-07-06,2023-07-15,3,34.99,15
1407,3557,ORD-001407,39,4,26,2023-07-06,2023-07-15,3,699.99,0
1408,3558,ORD-001408,44,31,26,2024-02-08,2024-02-09,1,19.99,5
1409,3559,ORD-001409,54,40,8,2024-04-20,2024-04-30,3,12.99,20
1409,3560,ORD-001409,54,2,8,2024-04-20,2024-04-30,5,1199.99,20
1409,3561,ORD-001409,54,34,8,2024-04-20,2024-04-30,2,89.99,0
1409,3562,ORD-001409,54,5,8,2024-04-20,2024-04-30,1,549.99,0
1410,3563,ORD-001410,13,34,30,2022-09-08,2022-09-15,1,89.99,10
1410,3564,ORD-001410,13,34,30,2022-09-08,2022-09-15,1,89.99,0
1410,3565,ORD-001410,13,17,30,2022-09-08,2022-09-15,2,34.99,10
1411,3566,ORD-001411,122,25,16,2023-05-25,2023-06-03,2,59.99,10
1411,3567,ORD-001411,122,5,16,2023-05-25,2023-06-03,4,549.99,0
1412,3568,ORD-001412,63,40,5,2022-05-15,2022-05-18,3,12.99,15
1412,3569,ORD-001412,63,11,5,2022-05-15,2022-05-18,5,19.99,10
1412,3570,ORD-001412,63,20,5,2022-05-15,2022-05-18,4,29.99,0
1412,3571,ORD-001412,63,11,5,2022-05-15,2022-05-18,1,19.99,0
1413,3572,ORD-001413,108,14,25,2022-09-25,2022-10-01,1,34.99,0
1413,3573,ORD-001413,108,17,25,2022-09-25,2022-10-01,1,34.99,5
1413,3574,ORD-001413,108,3,25,2022-09-25,2022-10-01,4,1599.99,0
1413,3575,ORD-001413,108,25,25,2022-09-25,2022-10-01,2,59.99,0
1414,3576,ORD-001414,193,26,12,2023-08-19,2023-08-20,2,79.99,15
1414,3577,ORD-001414,193,24,12,2023-08-19,2023-08-20,3,89.99,10
1415,3578,ORD-001415,175,6,6,2023-08-25,2023-08-29,4,299.99,5
1416,3579,ORD-001416,79,15,14,2023-07-28,2023-08-02,1,49.99,0
1417,3580,ORD-001417,62,18,18,2024-10-22,2024-10-31,3,129.99,15
1417,3581,ORD-001417,62,9,18,2024-10-22,2024-10-31,4,79.99,10
1418,3582,ORD-001418,179,4,2,2023-11-28,2023-11-29,3,699.99,0
1418,3583,ORD-001418,179,14,2,2023-11-28,2023-11-29,2,34.99,0
1418,3584,ORD-001418,179,23,2,2023-11-28,2023-11-29,2,49.99,20
1419,3585,ORD-001419,135,15,9,2023-10-08,2023-10-10,2,49.99,20
1419,3586,ORD-001419,135,7,9,2023-10-08,2023-10-10,1,49.99,0
1419,3587,ORD-001419,135,39,9,2023-10-08,2023-10-10,4,14.99,10
1419,3588,ORD-001419,135,30,9,2023-10-08,2023-10-10,1,29.99,10
1420,3589,ORD-001420,13,13,20,2023-02-11,2023-02-15,4,49.99,0
1421,3590,ORD-001421,35,27,13,2023-10-24,2023-10-28,1,24.99,15
1422,3591,ORD-001422,20,25,3,2024-10-31,2024-11-08,1,59.99,5
1422,3592,ORD-001422,20,33,3,2024-10-31,2024-11-08,4,24.99,20
1422,3593,ORD-001422,20,36,3,2024-10-31,2024-11-08,5,149.99,0
1423,3594,ORD-001423,3,2,30,2023-01-14,2023-01-18,5,1199.99,0
1424,3595,ORD-001424,86,39,25,2024-04-29,2024-05-01,5,14.99,0
1424,3596,ORD-001424,86,16,25,2024-04-29,2024-05-01,4,39.99,0
1425,3597,ORD-001425,121,39,21,2024-10-15,2024-10-20,1,14.99,15
1425,3598,ORD-001425,121,27,21,2024-10-15,2024-10-20,1,24.99,10
1425,3599,ORD-001425,121,14,21,2024-10-15,2024-10-20,4,34.99,0
1426,3600,ORD-001426,157,5,26,2023-12-10,2023-12-13,3,549.99,10
1427,3601,ORD-001427,19,7,26,2022-09-10,2022-09-19,5,49.99,0
1427,3602,ORD-001427,19,15,26,2022-09-10,2022-09-19,2,49.99,5
1427,3603,ORD-001427,19,34,26,2022-09-10,2022-09-19,4,89.99,0
1428,3604,ORD-001428,7,11,19,2022-10-13,2022-10-20,2,19.99,0
1428,3605,ORD-001428,7,39,19,2022-10-13,2022-10-20,5,14.99,10
1429,3606,ORD-001429,38,22,3,2023-05-07,2023-05-15,3,59.99,5
1429,3607,ORD-001429,38,5,3,2023-05-07,2023-05-15,1,549.99,0
1429,3608,ORD-001429,38,3,3,2023-05-07,2023-05-15,3,1599.99,0
1430,3609,ORD-001430,134,2,18,2024-04-14,2024-04-15,3,1199.99,0
1430,3610,ORD-001430,134,32,18,2024-04-14,2024-04-15,4,14.99,5
1430,3611,ORD-001430,134,28,18,2024-04-14,2024-04-15,1,39.99,10
1431,3612,ORD-001431,178,2,4,2022-08-27,2022-08-30,1,1199.99,0
1431,3613,ORD-001431,178,4,4,2022-08-27,2022-08-30,5,699.99,0
1431,3614,ORD-001431,178,24,4,2022-08-27,2022-08-30,4,89.99,5
1431,3615,ORD-001431,178,39,4,2022-08-27,2022-08-30,1,14.99,20
1432,3616,ORD-001432,196,5,1,2024-03-02,2024-03-05,3,549.99,15
1432,3617,ORD-001432,196,14,1,2024-03-02,2024-03-05,1,34.99,0
1432,3618,ORD-001432,196,14,1,2024-03-02,2024-03-05,3,34.99,0
1432,3619,ORD-001432,196,23,1,2024-03-02,2024-03-05,1,49.99,20
1433,3620,ORD-001433,111,32,17,2023-01-11,2023-01-18,4,14.99,5
1434,3621,ORD-001434,196,34,18,2022-10-20,2022-10-30,3,89.99,0
1434,3622,ORD-001434,196,3,18,2022-10-20,2022-10-30,1,1599.99,0
1435,3623,ORD-001435,78,13,29,2022-01-11,2022-01-20,3,49.99,0
1435,3624,ORD-001435,78,16,29,2022-01-11,2022-01-20,4,39.99,20
1435,3625,ORD-001435,78,36,29,2022-01-11,2022-01-20,5,149.99,0
1435,3626,ORD-001435,78,27,29,2022-01-11,2022-01-20,1,24.99,0
1436,3627,ORD-001436,60,4,21,2024-02-06,2024-02-16,1,699.99,15
1437,3628,ORD-001437,95,33,15,2022-02-06,2022-02-16,3,24.99,10
1438,3629,ORD-001438,149,37,23,2022-05-13,2022-05-18,2,24.99,0
1438,3630,ORD-001438,149,29,23,2022-05-13,2022-05-18,3,44.99,10
1438,3631,ORD-001438,149,11,23,2022-05-13,2022-05-18,4,19.99,20
1439,3632,ORD-001439,154,19,23,2024-05-11,2024-05-21,5,14.99,15
1439,3633,ORD-001439,154,39,23,2024-05-11,2024-05-21,5,14.99,15
1439,3634,ORD-001439,154,30,23,2024-05-11,2024-05-21,1,29.99,10
1439,3635,ORD-001439,154,19,23,2024-05-11,2024-05-21,2,14.99,10
1440,3636,ORD-001440,94,10,19,2024-02-26,2024-03-07,3,39.99,10
1440,3637,ORD-001440,94,7,19,2024-02-26,2024-03-07,3,49.99,0
1441,3638,ORD-001441,198,12,17,2023-09-27,2023-10-07,2,59.99,0
1441,3639,ORD-001441,198,12,17,2023-09-27,2023-10-07,2,59.99,0
1442,3640,ORD-001442,200,27,5,2024-05-30,2024-06-06,5,24.99,15
1443,3641,ORD-001443,6,8,18,2024-08-26,2024-08-29,4,29.99,20
1443,3642,ORD-001443,6,27,18,2024-08-26,2024-08-29,1,24.99,15
1443,3643,ORD-001443,6,29,18,2024-08-26,2024-08-29,2,44.99,15
1443,3644,ORD-001443,6,14,18,2024-08-26,2024-08-29,3,34.99,10
1444,3645,ORD-001444,186,21,8,2024-11-30,2024-12-10,5,34.99,0
1444,3646,ORD-001444,186,16,8,2024-11-30,2024-12-10,5,39.99,0
1445,3647,ORD-001445,169,23,29,2022-02-05,2022-02-10,4,49.99,15
1446,3648,ORD-001446,31,36,5,2024-06-08,2024-06-14,2,149.99,5
1447,3649,ORD-001447,152,28,25,2024-01-05,2024-01-14,3,39.99,0
1447,3650,ORD-001447,152,36,25,2024-01-05,2024-01-14,4,149.99,10
1448,3651,ORD-001448,97,1,12,2024-04-13,2024-04-15,5,899.99,5
1448,3652,ORD-001448,97,28,12,2024-04-13,2024-04-15,1,39.99,15
1449,3653,ORD-001449,176,37,29,2022-10-26,2022-10-30,3,24.99,20
1449,3654,ORD-001449,176,8,29,2022-10-26,2022-10-30,3,29.99,20
1449,3655,ORD-001449,176,13,29,2022-10-26,2022-10-30,3,49.99,5
1450,3656,ORD-001450,139,33,5,2023-05-08,2023-05-18,3,24.99,15
1450,3657,ORD-001450,139,3,5,2023-05-08,2023-05-18,1,1599.99,20
1450,3658,ORD-001450,139,11,5,2023-05-08,2023-05-18,4,19.99,20
1451,3659,ORD-001451,58,39,1,2022-01-14,2022-01-23,4,14.99,5
1451,3660,ORD-001451,58,5,1,2022-01-14,2022-01-23,1,549.99,0
1451,3661,ORD-001451,58,25,1,2022-01-14,2022-01-23,5,59.99,0
1451,3662,ORD-001451,58,5,1,2022-01-14,2022-01-23,1,549.99,15
1452,3663,ORD-001452,50,5,27,2023-11-17,2023-11-18,4,549.99,10
1453,3664,ORD-001453,15,39,20,2023-07-26,2023-07-28,1,14.99,20
1453,3665,ORD-001453,15,21,20,2023-07-26,2023-07-28,1,34.99,5
1453,3666,ORD-001453,15,27,20,2023-07-26,2023-07-28,2,24.99,20
1454,3667,ORD-001454,162,27,17,2023-02-06,2023-02-16,2,24.99,0
1454,3668,ORD-001454,162,24,17,2023-02-06,2023-02-16,2,89.99,15
1454,3669,ORD-001454,162,18,17,2023-02-06,2023-02-16,3,129.99,0
1454,3670,ORD-001454,162,32,17,2023-02-06,2023-02-16,4,14.99,5
1455,3671,ORD-001455,154,29,10,2024-03-11,2024-03-14,2,44.99,15
1456,3672,ORD-001456,104,23,25,2024-04-23,2024-04-26,1,49.99,10
1456,3673,ORD-001456,104,6,25,2024-04-23,2024-04-26,4,299.99,15
1457,3674,ORD-001457,161,11,27,2024-08-29,2024-09-05,5,19.99,15
1458,3675,ORD-001458,155,34,3,2023-06-24,2023-06-25,5,89.99,0
1458,3676,ORD-001458,155,5,3,2023-06-24,2023-06-25,2,549.99,0
1458,3677,ORD-001458,155,13,3,2023-06-24,2023-06-25,4,49.99,0
1458,3678,ORD-001458,155,6,3,2023-06-24,2023-06-25,2,299.99,0
1459,3679,ORD-001459,92,26,23,2022-12-17,2022-12-21,1,79.99,5
1459,3680,ORD-001459,92,35,23,2022-12-17,2022-12-21,1,24.99,5
1459,3681,ORD-001459,92,1,23,2022-12-17,2022-12-21,2,899.99,20
1460,3682,ORD-001460,43,1,22,2022-07-28,2022-07-30,4,899.99,0
1460,3683,ORD-001460,43,15,22,2022-07-28,2022-07-30,4,49.99,0
1461,3684,ORD-001461,132,32,22,2023-10-13,2023-10-16,5,14.99,10
1461,3685,ORD-001461,132,23,22,2023-10-13,2023-10-16,4,49.99,0
1461,3686,ORD-001461,132,13,22,2023-10-13,2023-10-16,2,49.99,5
1461,3687,ORD-001461,132,5,22,2023-10-13,2023-10-16,5,549.99,0
1462,3688,ORD-001462,79,4,9,2022-04-11,2022-04-14,2,699.99,20
1462,3689,ORD-001462,79,26,9,2022-04-11,2022-04-14,3,79.99,10
1462,3690,ORD-001462,79,3,9,2022-04-11,2022-04-14,1,1599.99,5
1463,3691,ORD-001463,71,14,10,2022-04-19,2022-04-23,3,34.99,20
1463,3692,ORD-001463,71,7,10,2022-04-19,2022-04-23,4,49.99,5
1463,3693,ORD-001463,71,35,10,2022-04-19,2022-04-23,1,24.99,0
1463,3694,ORD-001463,71,30,10,2022-04-19,2022-04-23,4,29.99,15
1464,3695,ORD-001464,132,11,6,2023-01-18,2023-01-20,1,19.99,5
1465,3696,ORD-001465,151,17,18,2023-01-09,2023-01-11,5,34.99,5
1465,3697,ORD-001465,151,11,18,2023-01-09,2023-01-11,5,19.99,10
1466,3698,ORD-001466,88,15,24,2024-10-03,2024-10-13,4,49.99,20
1466,3699,ORD-001466,88,15,24,2024-10-03,2024-10-13,5,49.99,0
1466,3700,ORD-001466,88,8,24,2024-10-03,2024-10-13,5,29.99,0
1466,3701,ORD-001466,88,35,24,2024-10-03,2024-10-13,3,24.99,5
1467,3702,ORD-001467,8,2,11,2023-04-14,2023-04-24,4,1199.99,20
1467,3703,ORD-001467,8,38,11,2023-04-14,2023-04-24,5,34.99,15
1467,3704,ORD-001467,8,28,11,2023-04-14,2023-04-24,4,39.99,15
1467,3705,ORD-001467,8,8,11,2023-04-14,2023-04-24,4,29.99,5
1468,3706,ORD-001468,180,26,2,2024-04-04,2024-04-12,5,79.99,20
1468,3707,ORD-001468,180,10,2,2024-04-04,2024-04-12,1,39.99,0
1469,3708,ORD-001469,196,6,1,2024-02-10,2024-02-19,2,299.99,0
1469,3709,ORD-001469,196,15,1,2024-02-10,2024-02-19,3,49.99,0
1470,3710,ORD-001470,173,1,6,2022-06-26,2022-07-03,3,899.99,10
1470,3711,ORD-001470,173,29,6,2022-06-26,2022-07-03,1,44.99,15
1470,3712,ORD-001470,173,17,6,2022-06-26,2022-07-03,4,34.99,10
1471,3713,ORD-001471,39,5,24,2022-05-30,2022-06-08,5,549.99,0
1471,3714,ORD-001471,39,21,24,2022-05-30,2022-06-08,5,34.99,5
1472,3715,ORD-001472,117,16,25,2022-03-22,2022-03-31,4,39.99,10
1472,3716,ORD-001472,117,39,25,2022-03-22,2022-03-31,5,14.99,0
1472,3717,ORD-001472,117,35,25,2022-03-22,2022-03-31,1,24.99,0
1473,3718,ORD-001473,33,39,29,2022-03-19,2022-03-25,2,14.99,15
1474,3719,ORD-001474,139,9,14,2023-05-29,2023-06-07,3,79.99,10
1474,3720,ORD-001474,139,22,14,2023-05-29,2023-06-07,5,59.99,10
1474,3721,ORD-001474,139,36,14,2023-05-29,2023-06-07,1,149.99,15
1475,3722,ORD-001475,22,3,10,2023-12-12,2023-12-20,4,1599.99,0
1475,3723,ORD-001475,22,23,10,2023-12-12,2023-12-20,2,49.99,0
1475,3724,ORD-001475,22,35,10,2023-12-12,2023-12-20,4,24.99,5
1475,3725,ORD-001475,22,25,10,2023-12-12,2023-12-20,4,59.99,0
1476,3726,ORD-001476,139,18,25,2023-01-18,2023-01-19,4,129.99,20
1476,3727,ORD-001476,139,5,25,2023-01-18,2023-01-19,5,549.99,0
1476,3728,ORD-001476,139,30,25,2023-01-18,2023-01-19,4,29.99,10
1476,3729,ORD-001476,139,35,25,2023-01-18,2023-01-19,4,24.99,5
1477,3730,ORD-001477,139,10,5,2024-06-12,2024-06-21,2,39.99,0
1477,3731,ORD-001477,139,34,5,2024-06-12,2024-06-21,5,89.99,0
1477,3732,ORD-001477,139,32,5,2024-06-12,2024-06-21,1,14.99,20
1477,3733,ORD-001477,139,35,5,2024-06-12,2024-06-21,3,24.99,15
1478,3734,ORD-001478,135,24,1,2024-03-27,2024-03-30,1,89.99,15
1478,3735,ORD-001478,135,18,1,2024-03-27,2024-03-30,1,129.99,15
1479,3736,ORD-001479,93,30,25,2024-03-10,2024-03-17,5,29.99,0
1479,3737,ORD-001479,93,2,25,2024-03-10,2024-03-17,1,1199.99,0
1479,3738,ORD-001479,93,18,25,2024-03-10,2024-03-17,5,129.99,0
1480,3739,ORD-001480,200,17,24,2023-12-03,2023-12-09,2,34.99,10
1480,3740,ORD-001480,200,26,24,2023-12-03,2023-12-09,4,79.99,10
1480,3741,ORD-001480,200,26,24,2023-12-03,2023-12-09,2,79.99,0
1481,3742,ORD-001481,91,9,27,2023-08-26,2023-08-29,5,79.99,15
1481,3743,ORD-001481,91,37,27,2023-08-26,2023-08-29,3,24.99,20
1482,3744,ORD-001482,101,22,27,2023-04-01,2023-04-05,4,59.99,0
1483,3745,ORD-001483,67,31,3,2023-11-03,2023-11-06,2,19.99,0
1483,3746,ORD-001483,67,25,3,2023-11-03,2023-11-06,2,59.99,10
1483,3747,ORD-001483,67,11,3,2023-11-03,2023-11-06,4,19.99,10
1484,3748,ORD-001484,57,7,28,2023-04-01,2023-04-07,2,49.99,20
1484,3749,ORD-001484,57,33,28,2023-04-01,2023-04-07,1,24.99,10
1484,3750,ORD-001484,57,26,28,2023-04-01,2023-04-07,3,79.99,0
1485,3751,ORD-001485,7,25,21,2024-09-29,2024-10-08,5,59.99,0
1485,3752,ORD-001485,7,2,21,2024-09-29,2024-10-08,5,1199.99,0
1485,3753,ORD-001485,7,32,21,2024-09-29,2024-10-08,3,14.99,20
1486,3754,ORD-001486,67,40,8,2022-01-16,2022-01-20,1,12.99,15
1486,3755,ORD-001486,67,33,8,2022-01-16,2022-01-20,5,24.99,0
1486,3756,ORD-001486,67,8,8,2022-01-16,2022-01-20,4,29.99,10
1487,3757,ORD-001487,124,38,6,2022-04-07,2022-04-11,2,34.99,0
1487,3758,ORD-001487,124,3,6,2022-04-07,2022-04-11,1,1599.99,20
1487,3759,ORD-001487,124,24,6,2022-04-07,2022-04-11,2,89.99,5
1488,3760,ORD-001488,79,7,3,2023-10-29,2023-11-03,3,49.99,20
1488,3761,ORD-001488,79,21,3,2023-10-29,2023-11-03,2,34.99,0
1488,3762,ORD-001488,79,14,3,2023-10-29,2023-11-03,2,34.99,0
1488,3763,ORD-001488,79,40,3,2023-10-29,2023-11-03,2,12.99,20
1489,3764,ORD-001489,108,28,16,2024-12-10,2024-12-12,4,39.99,20
1489,3765,ORD-001489,108,21,16,2024-12-10,2024-12-12,1,34.99,0
1490,3766,ORD-001490,159,6,9,2022-11-03,2022-11-05,1,299.99,20
1490,3767,ORD-001490,159,23,9,2022-11-03,2022-11-05,2,49.99,5
1490,3768,ORD-001490,159,25,9,2022-11-03,2022-11-05,5,59.99,10
1491,3769,ORD-001491,32,39,23,2024-12-08,2024-12-16,2,14.99,20
1492,3770,ORD-001492,123,16,1,2023-07-11,2023-07-17,5,39.99,10
1492,3771,ORD-001492,123,36,1,2023-07-11,2023-07-17,3,149.99,5
1493,3772,ORD-001493,42,27,29,2022-10-08,2022-10-14,1,24.99,0
1493,3773,ORD-001493,42,38,29,2022-10-08,2022-10-14,5,34.99,5
1493,3774,ORD-001493,42,29,29,2022-10-08,2022-10-14,5,44.99,5
1493,3775,ORD-001493,42,18,29,2022-10-08,2022-10-14,3,129.99,20
1494,3776,ORD-001494,43,18,5,2024-10-06,2024-10-12,5,129.99,15
1494,3777,ORD-001494,43,22,5,2024-10-06,2024-10-12,5,59.99,5
1494,3778,ORD-001494,43,24,5,2024-10-06,2024-10-12,3,89.99,20
1495,3779,ORD-001495,183,20,27,2023-08-13,2023-08-16,5,29.99,0
1495,3780,ORD-001495,183,6,27,2023-08-13,2023-08-16,4,299.99,0
1496,3781,ORD-001496,7,10,5,2022-01-13,2022-01-14,3,39.99,0
1497,3782,ORD-001497,164,9,8,2023-04-21,2023-04-23,1,79.99,20
1497,3783,ORD-001497,164,21,8,2023-04-21,2023-04-23,3,34.99,0
1498,3784,ORD-001498,54,3,1,2023-10-26,2023-11-01,5,1599.99,0
1498,3785,ORD-001498,54,28,1,2023-10-26,2023-11-01,5,39.99,15
1498,3786,ORD-001498,54,12,1,2023-10-26,2023-11-01,1,59.99,0
1498,3787,ORD-001498,54,20,1,2023-10-26,2023-11-01,3,29.99,20
1499,3788,ORD-001499,134,10,17,2024-02-24,2024-03-02,4,39.99,20
1499,3789,ORD-001499,134,15,17,2024-02-24,2024-03-02,4,49.99,5
1499,3790,ORD-001499,134,29,17,2024-02-24,2024-03-02,3,44.99,15
1499,3791,ORD-001499,134,27,17,2024-02-24,2024-03-02,2,24.99,15
1500,3792,ORD-001500,2,24,5,2024-01-21,2024-01-30,3,89.99,0
1500,3793,ORD-001500,2,5,5,2024-01-21,2024-01-30,5,549.99,0
1501,3794,ORD-001501,45,5,23,2022-08-05,2022-08-08,2,549.99,0
1501,3795,ORD-001501,45,39,23,2022-08-05,2022-08-08,2,14.99,20
1502,3796,ORD-001502,166,4,1,2023-09-17,2023-09-27,4,699.99,15
1503,3797,ORD-001503,3,27,29,2022-07-04,2022-07-13,3,24.99,5
1503,3798,ORD-001503,3,11,29,2022-07-04,2022-07-13,2,19.99,15
1504,3799,ORD-001504,142,31,15,2023-12-08,2023-12-09,4,19.99,10
1504,3800,ORD-001504,142,6,15,2023-12-08,2023-12-09,4,299.99,0
1505,3801,ORD-001505,47,21,29,2023-12-18,2023-12-26,3,34.99,15
1505,3802,ORD-001505,47,24,29,2023-12-18,2023-12-26,5,89.99,15
1505,3803,ORD-001505,47,18,29,2023-12-18,2023-12-26,4,129.99,0
1505,3804,ORD-001505,47,25,29,2023-12-18,2023-12-26,2,59.99,20
1506,3805,ORD-001506,147,33,2,2023-10-29,2023-11-01,4,24.99,5
1507,3806,ORD-001507,169,4,18,2023-05-09,2023-05-11,5,699.99,20
1507,3807,ORD-001507,169,12,18,2023-05-09,2023-05-11,4,59.99,0
1507,3808,ORD-001507,169,31,18,2023-05-09,2023-05-11,2,19.99,0
1507,3809,ORD-001507,169,30,18,2023-05-09,2023-05-11,2,29.99,0
1508,3810,ORD-001508,114,2,26,2023-03-21,2023-03-31,3,1199.99,0
1508,3811,ORD-001508,114,12,26,2023-03-21,2023-03-31,2,59.99,10
1509,3812,ORD-001509,146,7,30,2023-03-15,2023-03-22,4,49.99,20
1509,3813,ORD-001509,146,21,30,2023-03-15,2023-03-22,5,34.99,0
1510,3814,ORD-001510,164,16,10,2023-04-29,2023-05-08,2,39.99,0
1510,3815,ORD-001510,164,24,10,2023-04-29,2023-05-08,2,89.99,20
1511,3816,ORD-001511,148,18,28,2023-02-21,2023-02-27,4,129.99,0
1511,3817,ORD-001511,148,32,28,2023-02-21,2023-02-27,4,14.99,15
1511,3818,ORD-001511,148,32,28,2023-02-21,2023-02-27,2,14.99,0
1512,3819,ORD-001512,101,17,10,2023-05-22,2023-05-23,3,34.99,10
1512,3820,ORD-001512,101,32,10,2023-05-22,2023-05-23,5,14.99,15
1512,3821,ORD-001512,101,8,10,2023-05-22,2023-05-23,2,29.99,5
1513,3822,ORD-001513,155,37,27,2024-06-17,2024-06-18,2,24.99,5
1513,3823,ORD-001513,155,5,27,2024-06-17,2024-06-18,2,549.99,0
1514,3824,ORD-001514,85,8,8,2024-08-17,2024-08-26,2,29.99,5
1514,3825,ORD-001514,85,21,8,2024-08-17,2024-08-26,2,34.99,10
1514,3826,ORD-001514,85,36,8,2024-08-17,2024-08-26,5,149.99,0
1514,3827,ORD-001514,85,9,8,2024-08-17,2024-08-26,2,79.99,0
1515,3828,ORD-001515,173,26,25,2022-07-21,2022-07-24,1,79.99,10
1515,3829,ORD-001515,173,13,25,2022-07-21,2022-07-24,2,49.99,0
1515,3830,ORD-001515,173,3,25,2022-07-21,2022-07-24,3,1599.99,20
1516,3831,ORD-001516,142,23,16,2024-08-11,2024-08-20,2,49.99,15
1516,3832,ORD-001516,142,24,16,2024-08-11,2024-08-20,5,89.99,0
1516,3833,ORD-001516,142,12,16,2024-08-11,2024-08-20,2,59.99,15
1516,3834,ORD-001516,142,35,16,2024-08-11,2024-08-20,4,24.99,0
1517,3835,ORD-001517,193,18,26,2022-03-24,2022-03-28,3,129.99,0
1518,3836,ORD-001518,100,8,21,2022-06-17,2022-06-27,4,29.99,0
1518,3837,ORD-001518,100,23,21,2022-06-17,2022-06-27,2,49.99,0
1518,3838,ORD-001518,100,37,21,2022-06-17,2022-06-27,1,24.99,0
1519,3839,ORD-001519,200,2,5,2022-12-09,2022-12-19,1,1199.99,0
1519,3840,ORD-001519,200,13,5,2022-12-09,2022-12-19,4,49.99,0
1519,3841,ORD-001519,200,33,5,2022-12-09,2022-12-19,2,24.99,0
1520,3842,ORD-001520,157,31,27,2023-02-07,2023-02-08,1,19.99,0
1520,3843,ORD-001520,157,38,27,2023-02-07,2023-02-08,4,34.99,0
1520,3844,ORD-001520,157,39,27,2023-02-07,2023-02-08,1,14.99,0
1520,3845,ORD-001520,157,26,27,2023-02-07,2023-02-08,1,79.99,15
1521,3846,ORD-001521,39,11,24,2022-11-07,2022-11-09,1,19.99,20
1521,3847,ORD-001521,39,30,24,2022-11-07,2022-11-09,4,29.99,5
1522,3848,ORD-001522,193,39,22,2022-10-13,2022-10-14,1,14.99,0
1523,3849,ORD-001523,29,12,13,2024-04-04,2024-04-06,1,59.99,0
1523,3850,ORD-001523,29,40,13,2024-04-04,2024-04-06,1,12.99,5
1524,3851,ORD-001524,35,16,24,2023-12-04,2023-12-13,2,39.99,10
1524,3852,ORD-001524,35,14,24,2023-12-04,2023-12-13,1,34.99,0
1524,3853,ORD-001524,35,37,24,2023-12-04,2023-12-13,2,24.99,5
1524,3854,ORD-001524,35,25,24,2023-12-04,2023-12-13,3,59.99,0
1525,3855,ORD-001525,138,34,1,2023-01-02,2023-01-10,1,89.99,0
1525,3856,ORD-001525,138,19,1,2023-01-02,2023-01-10,2,14.99,0
1525,3857,ORD-001525,138,6,1,2023-01-02,2023-01-10,3,299.99,0
1526,3858,ORD-001526,143,22,22,2024-03-19,2024-03-28,1,59.99,10
1526,3859,ORD-001526,143,21,22,2024-03-19,2024-03-28,2,34.99,0
1527,3860,ORD-001527,153,38,10,2024-02-09,2024-02-12,2,34.99,15
1528,3861,ORD-001528,94,14,12,2024-02-19,2024-02-21,5,34.99,10
1529,3862,ORD-001529,89,15,5,2024-10-13,2024-10-14,4,49.99,0
1530,3863,ORD-001530,37,36,9,2023-01-26,2023-02-02,3,149.99,10
1530,3864,ORD-001530,37,24,9,2023-01-26,2023-02-02,4,89.99,0
1530,3865,ORD-001530,37,9,9,2023-01-26,2023-02-02,2,79.99,20
1531,3866,ORD-001531,7,10,9,2022-06-03,2022-06-06,4,39.99,0
1532,3867,ORD-001532,109,31,4,2024-01-12,2024-01-22,2,19.99,10
1532,3868,ORD-001532,109,32,4,2024-01-12,2024-01-22,3,14.99,0
1533,3869,ORD-001533,43,28,20,2022-05-06,2022-05-14,4,39.99,20
1534,3870,ORD-001534,152,9,1,2024-04-24,2024-04-28,3,79.99,10
1534,3871,ORD-001534,152,7,1,2024-04-24,2024-04-28,3,49.99,0
1535,3872,ORD-001535,67,19,28,2022-11-21,2022-11-22,1,14.99,0
1535,3873,ORD-001535,67,4,28,2022-11-21,2022-11-22,1,699.99,0
1536,3874,ORD-001536,158,24,12,2024-04-10,2024-04-18,4,89.99,20
1536,3875,ORD-001536,158,20,12,2024-04-10,2024-04-18,5,29.99,0
1536,3876,ORD-001536,158,24,12,2024-04-10,2024-04-18,4,89.99,10
1536,3877,ORD-001536,158,23,12,2024-04-10,2024-04-18,3,49.99,0
1537,3878,ORD-001537,109,31,27,2022-12-20,2022-12-24,1,19.99,0
1537,3879,ORD-001537,109,17,27,2022-12-20,2022-12-24,4,34.99,5
1537,3880,ORD-001537,109,1,27,2022-12-20,2022-12-24,1,899.99,0
1538,3881,ORD-001538,143,3,2,2022-08-31,2022-09-09,2,1599.99,0
1539,3882,ORD-001539,189,7,26,2024-04-24,2024-05-03,4,49.99,5
1539,3883,ORD-001539,189,18,26,2024-04-24,2024-05-03,1,129.99,5
1540,3884,ORD-001540,42,34,14,2024-11-23,2024-11-24,1,89.99,20
1541,3885,ORD-001541,187,10,22,2024-01-21,2024-01-29,5,39.99,0
1542,3886,ORD-001542,185,6,4,2023-12-03,2023-12-04,2,299.99,10
1542,3887,ORD-001542,185,3,4,2023-12-03,2023-12-04,4,1599.99,5
1542,3888,ORD-001542,185,7,4,2023-12-03,2023-12-04,2,49.99,0
1542,3889,ORD-001542,185,30,4,2023-12-03,2023-12-04,2,29.99,0
1543,3890,ORD-001543,21,32,2,2023-08-13,2023-08-19,3,14.99,0
1543,3891,ORD-001543,21,26,2,2023-08-13,2023-08-19,2,79.99,0
1543,3892,ORD-001543,21,13,2,2023-08-13,2023-08-19,1,49.99,0
1544,3893,ORD-001544,145,29,14,2023-01-08,2023-01-14,4,44.99,15
1544,3894,ORD-001544,145,28,14,2023-01-08,2023-01-14,5,39.99,0
1544,3895,ORD-001544,145,32,14,2023-01-08,2023-01-14,1,14.99,0
1545,3896,ORD-001545,31,13,18,2022-01-12,2022-01-18,5,49.99,5
1545,3897,ORD-001545,31,11,18,2022-01-12,2022-01-18,4,19.99,0
1546,3898,ORD-001546,112,6,29,2024-03-17,2024-03-24,3,299.99,10
1546,3899,ORD-001546,112,5,29,2024-03-17,2024-03-24,5,549.99,0
1547,3900,ORD-001547,36,4,23,2024-08-30,2024-08-31,3,699.99,5
1548,3901,ORD-001548,107,38,14,2022-07-25,2022-07-30,1,34.99,20
1548,3902,ORD-001548,107,5,14,2022-07-25,2022-07-30,1,549.99,0
1548,3903,ORD-001548,107,29,14,2022-07-25,2022-07-30,5,44.99,5
1549,3904,ORD-001549,171,2,15,2022-09-12,2022-09-17,3,1199.99,10
1550,3905,ORD-001550,61,37,18,2022-05-20,2022-05-30,1,24.99,0
1550,3906,ORD-001550,61,16,18,2022-05-20,2022-05-30,1,39.99,0
1550,3907,ORD-001550,61,12,18,2022-05-20,2022-05-30,1,59.99,0
1551,3908,ORD-001551,157,39,20,2024-10-24,2024-10-25,4,14.99,5
1551,3909,ORD-001551,157,39,20,2024-10-24,2024-10-25,5,14.99,5
1551,3910,ORD-001551,157,15,20,2024-10-24,2024-10-25,1,49.99,0
1552,3911,ORD-001552,119,25,19,2024-06-18,2024-06-20,5,59.99,10
1552,3912,ORD-001552,119,19,19,2024-06-18,2024-06-20,1,14.99,5
1552,3913,ORD-001552,119,25,19,2024-06-18,2024-06-20,1,59.99,0
1552,3914,ORD-001552,119,14,19,2024-06-18,2024-06-20,4,34.99,0
1553,3915,ORD-001553,13,16,16,2024-09-09,2024-09-19,2,39.99,20
1553,3916,ORD-001553,13,12,16,2024-09-09,2024-09-19,3,59.99,5
1553,3917,ORD-001553,13,12,16,2024-09-09,2024-09-19,2,59.99,15
1554,3918,ORD-001554,177,40,17,2023-08-16,2023-08-26,4,12.99,20
1555,3919,ORD-001555,4,9,3,2023-06-25,2023-06-28,1,79.99,0
1555,3920,ORD-001555,4,30,3,2023-06-25,2023-06-28,1,29.99,10
1555,3921,ORD-001555,4,30,3,2023-06-25,2023-06-28,5,29.99,20
1555,3922,ORD-001555,4,11,3,2023-06-25,2023-06-28,1,19.99,0
1556,3923,ORD-001556,106,7,2,2022-11-21,2022-11-22,5,49.99,20
1556,3924,ORD-001556,106,6,2,2022-11-21,2022-11-22,2,299.99,0
1556,3925,ORD-001556,106,40,2,2022-11-21,2022-11-22,5,12.99,10
1557,3926,ORD-001557,153,6,17,2024-07-07,2024-07-10,4,299.99,0
1558,3927,ORD-001558,188,33,27,2024-10-28,2024-11-07,1,24.99,20
1558,3928,ORD-001558,188,5,27,2024-10-28,2024-11-07,5,549.99,5
1558,3929,ORD-001558,188,17,27,2024-10-28,2024-11-07,3,34.99,10
1559,3930,ORD-001559,36,34,6,2022-09-04,2022-09-12,5,89.99,15
1559,3931,ORD-001559,36,15,6,2022-09-04,2022-09-12,5,49.99,5
1559,3932,ORD-001559,36,33,6,2022-09-04,2022-09-12,3,24.99,5
1560,3933,ORD-001560,3,17,18,2022-12-20,2022-12-21,5,34.99,0
1561,3934,ORD-001561,108,12,16,2023-10-18,2023-10-26,2,59.99,5
1562,3935,ORD-001562,145,6,3,2023-09-06,2023-09-16,1,299.99,0
1562,3936,ORD-001562,145,33,3,2023-09-06,2023-09-16,4,24.99,15
1562,3937,ORD-001562,145,38,3,2023-09-06,2023-09-16,3,34.99,20
1562,3938,ORD-001562,145,11,3,2023-09-06,2023-09-16,5,19.99,15
1563,3939,ORD-001563,109,26,18,2024-10-30,2024-11-02,5,79.99,15
1563,3940,ORD-001563,109,31,18,2024-10-30,2024-11-02,1,19.99,0
1563,3941,ORD-001563,109,3,18,2024-10-30,2024-11-02,5,1599.99,0
1563,3942,ORD-001563,109,15,18,2024-10-30,2024-11-02,1,49.99,0
1564,3943,ORD-001564,23,28,26,2024-05-17,2024-05-19,1,39.99,5
1564,3944,ORD-001564,23,36,26,2024-05-17,2024-05-19,2,149.99,0
1564,3945,ORD-001564,23,32,26,2024-05-17,2024-05-19,3,14.99,15
1565,3946,ORD-001565,177,23,18,2023-04-05,2023-04-11,1,49.99,20
1565,3947,ORD-001565,177,30,18,2023-04-05,2023-04-11,5,29.99,20
1565,3948,ORD-001565,177,26,18,2023-04-05,2023-04-11,2,79.99,0
1565,3949,ORD-001565,177,3,18,2023-04-05,2023-04-11,5,1599.99,5
1566,3950,ORD-001566,180,25,21,2023-08-03,2023-08-13,5,59.99,0
1566,3951,ORD-001566,180,17,21,2023-08-03,2023-08-13,5,34.99,5
1566,3952,ORD-001566,180,2,21,2023-08-03,2023-08-13,3,1199.99,5
1566,3953,ORD-001566,180,33,21,2023-08-03,2023-08-13,3,24.99,0
1567,3954,ORD-001567,17,7,15,2022-01-24,2022-01-27,4,49.99,0
1567,3955,ORD-001567,17,11,15,2022-01-24,2022-01-27,3,19.99,10
1567,3956,ORD-001567,17,16,15,2022-01-24,2022-01-27,4,39.99,0
1568,3957,ORD-001568,139,18,18,2022-09-14,2022-09-15,5,129.99,5
1568,3958,ORD-001568,139,35,18,2022-09-14,2022-09-15,5,24.99,0
1569,3959,ORD-001569,158,26,2,2024-06-11,2024-06-14,4,79.99,0
1569,3960,ORD-001569,158,34,2,2024-06-11,2024-06-14,4,89.99,10
1569,3961,ORD-001569,158,37,2,2024-06-11,2024-06-14,1,24.99,5
1570,3962,ORD-001570,6,5,20,2022-05-10,2022-05-12,2,549.99,20
1570,3963,ORD-001570,6,8,20,2022-05-10,2022-05-12,5,29.99,20
1570,3964,ORD-001570,6,16,20,2022-05-10,2022-05-12,3,39.99,15
1571,3965,ORD-001571,194,7,20,2022-12-01,2022-12-05,2,49.99,0
1571,3966,ORD-001571,194,31,20,2022-12-01,2022-12-05,4,19.99,0
1571,3967,ORD-001571,194,22,20,2022-12-01,2022-12-05,2,59.99,0
1571,3968,ORD-001571,194,3,20,2022-12-01,2022-12-05,3,1599.99,0
1572,3969,ORD-001572,143,2,17,2022-07-13,2022-07-20,2,1199.99,0
1572,3970,ORD-001572,143,18,17,2022-07-13,2022-07-20,3,129.99,5
1572,3971,ORD-001572,143,10,17,2022-07-13,2022-07-20,3,39.99,0
1573,3972,ORD-001573,158,13,4,2024-05-28,2024-06-03,3,49.99,0
1574,3973,ORD-001574,8,31,26,2024-05-02,2024-05-09,4,19.99,15
1575,3974,ORD-001575,17,39,25,2024-11-22,2024-11-25,5,14.99,10
1575,3975,ORD-001575,17,35,25,2024-11-22,2024-11-25,1,24.99,10
1575,3976,ORD-001575,17,35,25,2024-11-22,2024-11-25,1,24.99,20
1576,3977,ORD-001576,103,6,15,2022-10-25,2022-10-27,4,299.99,0
1576,3978,ORD-001576,103,27,15,2022-10-25,2022-10-27,5,24.99,20
1576,3979,ORD-001576,103,7,15,2022-10-25,2022-10-27,2,49.99,20
1577,3980,ORD-001577,84,17,20,2023-01-14,2023-01-21,5,34.99,5
1577,3981,ORD-001577,84,40,20,2023-01-14,2023-01-21,5,12.99,10
1577,3982,ORD-001577,84,16,20,2023-01-14,2023-01-21,5,39.99,5
1577,3983,ORD-001577,84,40,20,2023-01-14,2023-01-21,5,12.99,5
1578,3984,ORD-001578,80,6,30,2024-11-03,2024-11-10,3,299.99,0
1578,3985,ORD-001578,80,38,30,2024-11-03,2024-11-10,3,34.99,0
1578,3986,ORD-001578,80,4,30,2024-11-03,2024-11-10,1,699.99,0
1579,3987,ORD-001579,158,24,5,2023-01-05,2023-01-06,2,89.99,15
1579,3988,ORD-001579,158,25,5,2023-01-05,2023-01-06,1,59.99,0
1579,3989,ORD-001579,158,8,5,2023-01-05,2023-01-06,1,29.99,5
1579,3990,ORD-001579,158,6,5,2023-01-05,2023-01-06,4,299.99,15
1580,3991,ORD-001580,187,14,2,2023-04-11,2023-04-21,4,34.99,0
1580,3992,ORD-001580,187,16,2,2023-04-11,2023-04-21,4,39.99,15
1580,3993,ORD-001580,187,9,2,2023-04-11,2023-04-21,1,79.99,10
1580,3994,ORD-001580,187,38,2,2023-04-11,2023-04-21,3,34.99,0
1581,3995,ORD-001581,96,1,20,2022-04-25,2022-05-02,1,899.99,0
1581,3996,ORD-001581,96,39,20,2022-04-25,2022-05-02,5,14.99,0
1581,3997,ORD-001581,96,9,20,2022-04-25,2022-05-02,3,79.99,10
1581,3998,ORD-001581,96,38,20,2022-04-25,2022-05-02,3,34.99,0
1582,3999,ORD-001582,13,36,10,2024-02-10,2024-02-17,5,149.99,5
1582,4000,ORD-001582,13,28,10,2024-02-10,2024-02-17,4,39.99,5
1582,4001,ORD-001582,13,4,10,2024-02-10,2024-02-17,3,699.99,20
1583,4002,ORD-001583,112,21,9,2022-11-28,2022-11-29,4,34.99,20
1583,4003,ORD-001583,112,24,9,2022-11-28,2022-11-29,4,89.99,20
1583,4004,ORD-001583,112,29,9,2022-11-28,2022-11-29,3,44.99,10
1584,4005,ORD-001584,8,15,19,2024-07-11,2024-07-16,2,49.99,20
1584,4006,ORD-001584,8,33,19,2024-07-11,2024-07-16,5,24.99,0
1584,4007,ORD-001584,8,28,19,2024-07-11,2024-07-16,2,39.99,0
1585,4008,ORD-001585,95,12,9,2024-04-08,2024-04-15,4,59.99,0
1585,4009,ORD-001585,95,19,9,2024-04-08,2024-04-15,1,14.99,0
1586,4010,ORD-001586,102,15,21,2023-11-16,2023-11-26,1,49.99,0
1586,4011,ORD-001586,102,28,21,2023-11-16,2023-11-26,2,39.99,20
1586,4012,ORD-001586,102,12,21,2023-11-16,2023-11-26,1,59.99,0
1587,4013,ORD-001587,39,31,10,2023-01-06,2023-01-14,4,19.99,0
1587,4014,ORD-001587,39,26,10,2023-01-06,2023-01-14,2,79.99,20
1587,4015,ORD-001587,39,21,10,2023-01-06,2023-01-14,5,34.99,0
1587,4016,ORD-001587,39,25,10,2023-01-06,2023-01-14,1,59.99,0
1588,4017,ORD-001588,21,24,6,2023-07-30,2023-08-01,5,89.99,20
1589,4018,ORD-001589,65,1,18,2024-11-24,2024-12-01,5,899.99,0
1590,4019,ORD-001590,28,32,16,2024-11-23,2024-11-30,5,14.99,0
1590,4020,ORD-001590,28,13,16,2024-11-23,2024-11-30,1,49.99,0
1590,4021,ORD-001590,28,37,16,2024-11-23,2024-11-30,5,24.99,0
1590,4022,ORD-001590,28,29,16,2024-11-23,2024-11-30,1,44.99,20
1591,4023,ORD-001591,70,11,15,2022-10-04,2022-10-11,4,19.99,0
1591,4024,ORD-001591,70,10,15,2022-10-04,2022-10-11,1,39.99,0
1591,4025,ORD-001591,70,4,15,2022-10-04,2022-10-11,2,699.99,10
1592,4026,ORD-001592,65,28,8,2024-09-07,2024-09-13,3,39.99,15
1592,4027,ORD-001592,65,38,8,2024-09-07,2024-09-13,4,34.99,20
1593,4028,ORD-001593,193,11,18,2022-04-09,2022-04-17,3,19.99,0
1593,4029,ORD-001593,193,33,18,2022-04-09,2022-04-17,2,24.99,0
1593,4030,ORD-001593,193,9,18,2022-04-09,2022-04-17,1,79.99,15
1594,4031,ORD-001594,143,17,23,2023-04-22,2023-05-01,3,34.99,20
1594,4032,ORD-001594,143,18,23,2023-04-22,2023-05-01,1,129.99,0
1594,4033,ORD-001594,143,28,23,2023-04-22,2023-05-01,3,39.99,0
1595,4034,ORD-001595,168,10,12,2023-08-08,2023-08-16,2,39.99,20
1595,4035,ORD-001595,168,5,12,2023-08-08,2023-08-16,1,549.99,0
1595,4036,ORD-001595,168,13,12,2023-08-08,2023-08-16,2,49.99,15
1596,4037,ORD-001596,115,29,10,2024-10-03,2024-10-13,4,44.99,20
1597,4038,ORD-001597,102,11,25,2023-02-27,2023-03-03,4,19.99,0
1597,4039,ORD-001597,102,2,25,2023-02-27,2023-03-03,2,1199.99,20
1597,4040,ORD-001597,102,36,25,2023-02-27,2023-03-03,5,149.99,5
1598,4041,ORD-001598,176,1,6,2022-05-30,2022-06-07,5,899.99,0
1598,4042,ORD-001598,176,5,6,2022-05-30,2022-06-07,5,549.99,20
1598,4043,ORD-001598,176,25,6,2022-05-30,2022-06-07,2,59.99,20
1599,4044,ORD-001599,11,25,9,2023-11-05,2023-11-09,5,59.99,20
1600,4045,ORD-001600,59,40,11,2024-10-27,2024-10-30,2,12.99,0
1600,4046,ORD-001600,59,15,11,2024-10-27,2024-10-30,3,49.99,0
1600,4047,ORD-001600,59,3,11,2024-10-27,2024-10-30,1,1599.99,10
1601,4048,ORD-001601,18,33,23,2024-03-22,2024-03-30,3,24.99,10
1601,4049,ORD-001601,18,5,23,2024-03-22,2024-03-30,4,549.99,0
1601,4050,ORD-001601,18,12,23,2024-03-22,2024-03-30,3,59.99,0
1601,4051,ORD-001601,18,17,23,2024-03-22,2024-03-30,3,34.99,0
1602,4052,ORD-001602,68,35,14,2022-04-20,2022-04-29,3,24.99,15
1602,4053,ORD-001602,68,5,14,2022-04-20,2022-04-29,4,549.99,10
1603,4054,ORD-001603,159,1,7,2024-07-11,2024-07-20,3,899.99,0
1604,4055,ORD-001604,165,33,20,2022-09-10,2022-09-13,5,24.99,15
1604,4056,ORD-001604,165,17,20,2022-09-10,2022-09-13,5,34.99,15
1604,4057,ORD-001604,165,25,20,2022-09-10,2022-09-13,5,59.99,10
1604,4058,ORD-001604,165,38,20,2022-09-10,2022-09-13,4,34.99,10
1605,4059,ORD-001605,136,20,17,2022-11-14,2022-11-24,3,29.99,5
1606,4060,ORD-001606,149,18,23,2022-09-30,2022-10-08,4,129.99,15
1607,4061,ORD-001607,36,6,9,2024-02-11,2024-02-15,5,299.99,10
1608,4062,ORD-001608,192,9,13,2023-06-02,2023-06-05,2,79.99,20
1608,4063,ORD-001608,192,36,13,2023-06-02,2023-06-05,2,149.99,10
1608,4064,ORD-001608,192,29,13,2023-06-02,2023-06-05,2,44.99,10
1609,4065,ORD-001609,61,36,8,2022-07-31,2022-08-03,4,149.99,0
1610,4066,ORD-001610,101,12,30,2022-11-18,2022-11-28,5,59.99,20
1610,4067,ORD-001610,101,33,30,2022-11-18,2022-11-28,1,24.99,15
1611,4068,ORD-001611,148,8,18,2023-03-11,2023-03-14,1,29.99,20
1611,4069,ORD-001611,148,8,18,2023-03-11,2023-03-14,1,29.99,0
1612,4070,ORD-001612,59,34,6,2022-01-05,2022-01-06,4,89.99,5
1613,4071,ORD-001613,112,33,13,2022-08-23,2022-08-24,5,24.99,15
1614,4072,ORD-001614,143,1,30,2024-09-11,2024-09-18,5,899.99,0
1615,4073,ORD-001615,76,19,7,2024-02-03,2024-02-10,1,14.99,15
1616,4074,ORD-001616,61,6,29,2023-08-16,2023-08-22,5,299.99,10
1616,4075,ORD-001616,61,4,29,2023-08-16,2023-08-22,4,699.99,0
1617,4076,ORD-001617,108,20,26,2022-10-11,2022-10-15,4,29.99,20
1617,4077,ORD-001617,108,38,26,2022-10-11,2022-10-15,3,34.99,20
1617,4078,ORD-001617,108,7,26,2022-10-11,2022-10-15,1,49.99,0
1618,4079,ORD-001618,51,12,24,2022-02-04,2022-02-12,1,59.99,0
1618,4080,ORD-001618,51,18,24,2022-02-04,2022-02-12,3,129.99,15
1618,4081,ORD-001618,51,38,24,2022-02-04,2022-02-12,4,34.99,5
1618,4082,ORD-001618,51,5,24,2022-02-04,2022-02-12,3,549.99,0
1619,4083,ORD-001619,177,28,2,2024-06-11,2024-06-18,3,39.99,0
1619,4084,ORD-001619,177,5,2,2024-06-11,2024-06-18,1,549.99,15
1619,4085,ORD-001619,177,26,2,2024-06-11,2024-06-18,3,79.99,0
1619,4086,ORD-001619,177,6,2,2024-06-11,2024-06-18,1,299.99,15
1620,4087,ORD-001620,58,7,10,2022-01-04,2022-01-12,4,49.99,10
1620,4088,ORD-001620,58,38,10,2022-01-04,2022-01-12,3,34.99,20
1620,4089,ORD-001620,58,40,10,2022-01-04,2022-01-12,4,12.99,0
1621,4090,ORD-001621,134,28,20,2022-01-31,2022-02-06,4,39.99,10
1621,4091,ORD-001621,134,13,20,2022-01-31,2022-02-06,3,49.99,10
1622,4092,ORD-001622,37,11,13,2024-12-30,2025-01-09,4,19.99,10
1622,4093,ORD-001622,37,30,13,2024-12-30,2025-01-09,1,29.99,10
1622,4094,ORD-001622,37,15,13,2024-12-30,2025-01-09,5,49.99,5
1622,4095,ORD-001622,37,36,13,2024-12-30,2025-01-09,5,149.99,10
1623,4096,ORD-001623,163,40,19,2022-08-31,2022-09-08,1,12.99,0
1623,4097,ORD-001623,163,2,19,2022-08-31,2022-09-08,3,1199.99,20
1623,4098,ORD-001623,163,38,19,2022-08-31,2022-09-08,4,34.99,0
1623,4099,ORD-001623,163,24,19,2022-08-31,2022-09-08,4,89.99,20
1624,4100,ORD-001624,20,39,19,2024-07-19,2024-07-26,2,14.99,0
1625,4101,ORD-001625,6,30,3,2022-09-29,2022-10-06,5,29.99,10
1625,4102,ORD-001625,6,36,3,2022-09-29,2022-10-06,2,149.99,5
1625,4103,ORD-001625,6,1,3,2022-09-29,2022-10-06,3,899.99,0
1626,4104,ORD-001626,142,9,28,2022-01-12,2022-01-22,1,79.99,20
1626,4105,ORD-001626,142,30,28,2022-01-12,2022-01-22,3,29.99,0
1626,4106,ORD-001626,142,33,28,2022-01-12,2022-01-22,3,24.99,0
1627,4107,ORD-001627,118,9,16,2024-07-24,2024-07-29,4,79.99,0
1628,4108,ORD-001628,99,35,20,2023-01-14,2023-01-16,5,24.99,0
1629,4109,ORD-001629,72,18,3,2024-04-04,2024-04-07,2,129.99,0
1629,4110,ORD-001629,72,10,3,2024-04-04,2024-04-07,5,39.99,5
1629,4111,ORD-001629,72,22,3,2024-04-04,2024-04-07,5,59.99,10
1629,4112,ORD-001629,72,5,3,2024-04-04,2024-04-07,4,549.99,0
1630,4113,ORD-001630,182,9,29,2023-06-26,2023-07-02,1,79.99,20
1630,4114,ORD-001630,182,36,29,2023-06-26,2023-07-02,3,149.99,15
1630,4115,ORD-001630,182,19,29,2023-06-26,2023-07-02,3,14.99,5
1631,4116,ORD-001631,12,1,11,2024-06-10,2024-06-19,5,899.99,0
1631,4117,ORD-001631,12,9,11,2024-06-10,2024-06-19,3,79.99,5
1632,4118,ORD-001632,1,26,23,2022-02-06,2022-02-07,2,79.99,15
1633,4119,ORD-001633,88,11,14,2023-07-18,2023-07-19,2,19.99,20
1633,4120,ORD-001633,88,9,14,2023-07-18,2023-07-19,3,79.99,20
1633,4121,ORD-001633,88,31,14,2023-07-18,2023-07-19,2,19.99,10
1633,4122,ORD-001633,88,11,14,2023-07-18,2023-07-19,5,19.99,10
1634,4123,ORD-001634,84,6,29,2023-07-28,2023-07-29,4,299.99,10
1635,4124,ORD-001635,167,17,30,2024-11-24,2024-11-27,4,34.99,0
1635,4125,ORD-001635,167,6,30,2024-11-24,2024-11-27,2,299.99,5
1636,4126,ORD-001636,19,5,13,2024-02-04,2024-02-05,1,549.99,20
1636,4127,ORD-001636,19,23,13,2024-02-04,2024-02-05,5,49.99,15
1636,4128,ORD-001636,19,4,13,2024-02-04,2024-02-05,1,699.99,0
1636,4129,ORD-001636,19,37,13,2024-02-04,2024-02-05,3,24.99,0
1637,4130,ORD-001637,157,21,6,2024-08-07,2024-08-09,2,34.99,5
1638,4131,ORD-001638,21,29,24,2022-03-31,2022-04-06,1,44.99,20
1638,4132,ORD-001638,21,37,24,2022-03-31,2022-04-06,2,24.99,0
1639,4133,ORD-001639,12,38,2,2024-08-04,2024-08-06,3,34.99,15
1639,4134,ORD-001639,12,1,2,2024-08-04,2024-08-06,1,899.99,5
1639,4135,ORD-001639,12,17,2,2024-08-04,2024-08-06,1,34.99,10
1639,4136,ORD-001639,12,37,2,2024-08-04,2024-08-06,3,24.99,10
1640,4137,ORD-001640,183,37,11,2023-08-24,2023-08-28,5,24.99,5
1640,4138,ORD-001640,183,27,11,2023-08-24,2023-08-28,5,24.99,10
1641,4139,ORD-001641,147,39,7,2024-04-24,2024-04-30,3,14.99,0
1641,4140,ORD-001641,147,31,7,2024-04-24,2024-04-30,1,19.99,5
1642,4141,ORD-001642,188,13,3,2024-11-20,2024-11-23,3,49.99,20
1642,4142,ORD-001642,188,35,3,2024-11-20,2024-11-23,1,24.99,0
1642,4143,ORD-001642,188,5,3,2024-11-20,2024-11-23,1,549.99,0
1642,4144,ORD-001642,188,22,3,2024-11-20,2024-11-23,1,59.99,0
1643,4145,ORD-001643,91,5,25,2024-04-05,2024-04-09,4,549.99,0
1643,4146,ORD-001643,91,14,25,2024-04-05,2024-04-09,3,34.99,5
1644,4147,ORD-001644,66,27,17,2023-05-11,2023-05-17,5,24.99,0
1644,4148,ORD-001644,66,26,17,2023-05-11,2023-05-17,3,79.99,10
1645,4149,ORD-001645,112,38,2,2024-05-29,2024-06-06,5,34.99,0
1645,4150,ORD-001645,112,17,2,2024-05-29,2024-06-06,3,34.99,10
1646,4151,ORD-001646,129,15,7,2023-09-14,2023-09-17,4,49.99,20
1646,4152,ORD-001646,129,20,7,2023-09-14,2023-09-17,4,29.99,0
1646,4153,ORD-001646,129,35,7,2023-09-14,2023-09-17,1,24.99,0
1647,4154,ORD-001647,86,4,2,2024-07-01,2024-07-09,4,699.99,0
1647,4155,ORD-001647,86,29,2,2024-07-01,2024-07-09,5,44.99,0
1647,4156,ORD-001647,86,23,2,2024-07-01,2024-07-09,1,49.99,0
1648,4157,ORD-001648,102,1,6,2023-02-26,2023-03-08,5,899.99,0
1648,4158,ORD-001648,102,35,6,2023-02-26,2023-03-08,3,24.99,20
1649,4159,ORD-001649,84,2,4,2022-03-29,2022-04-06,5,1199.99,0
1649,4160,ORD-001649,84,15,4,2022-03-29,2022-04-06,1,49.99,0
1649,4161,ORD-001649,84,7,4,2022-03-29,2022-04-06,4,49.99,20
1650,4162,ORD-001650,130,10,13,2022-07-14,2022-07-24,3,39.99,20
1651,4163,ORD-001651,76,12,23,2024-06-30,2024-07-07,2,59.99,15
1652,4164,ORD-001652,7,18,13,2024-01-30,2024-02-03,1,129.99,15
1652,4165,ORD-001652,7,12,13,2024-01-30,2024-02-03,1,59.99,0
1652,4166,ORD-001652,7,9,13,2024-01-30,2024-02-03,2,79.99,5
1653,4167,ORD-001653,81,11,26,2024-01-02,2024-01-03,4,19.99,20
1654,4168,ORD-001654,180,8,30,2022-04-14,2022-04-16,3,29.99,0
1654,4169,ORD-001654,180,12,30,2022-04-14,2022-04-16,3,59.99,20
1654,4170,ORD-001654,180,38,30,2022-04-14,2022-04-16,3,34.99,5
1655,4171,ORD-001655,163,19,29,2023-11-27,2023-11-28,1,14.99,20
1655,4172,ORD-001655,163,32,29,2023-11-27,2023-11-28,1,14.99,20
1655,4173,ORD-001655,163,29,29,2023-11-27,2023-11-28,2,44.99,20
1655,4174,ORD-001655,163,9,29,2023-11-27,2023-11-28,4,79.99,10
1656,4175,ORD-001656,141,2,2,2023-12-26,2024-01-05,2,1199.99,15
1656,4176,ORD-001656,141,5,2,2023-12-26,2024-01-05,1,549.99,0
1656,4177,ORD-001656,141,26,2,2023-12-26,2024-01-05,3,79.99,15
1657,4178,ORD-001657,160,38,7,2023-09-15,2023-09-16,1,34.99,0
1657,4179,ORD-001657,160,18,7,2023-09-15,2023-09-16,3,129.99,0
1658,4180,ORD-001658,9,33,29,2023-03-16,2023-03-23,5,24.99,15
1659,4181,ORD-001659,195,40,10,2022-05-12,2022-05-14,1,12.99,0
1659,4182,ORD-001659,195,22,10,2022-05-12,2022-05-14,5,59.99,10
1659,4183,ORD-001659,195,12,10,2022-05-12,2022-05-14,5,59.99,0
1660,4184,ORD-001660,89,10,25,2023-05-14,2023-05-20,1,39.99,0
1660,4185,ORD-001660,89,25,25,2023-05-14,2023-05-20,1,59.99,0
1660,4186,ORD-001660,89,4,25,2023-05-14,2023-05-20,4,699.99,5
1661,4187,ORD-001661,146,37,19,2022-01-27,2022-01-28,4,24.99,20
1661,4188,ORD-001661,146,36,19,2022-01-27,2022-01-28,1,149.99,0
1661,4189,ORD-001661,146,35,19,2022-01-27,2022-01-28,4,24.99,15
1661,4190,ORD-001661,146,29,19,2022-01-27,2022-01-28,4,44.99,0
1662,4191,ORD-001662,12,9,25,2023-05-10,2023-05-18,2,79.99,15
1662,4192,ORD-001662,12,13,25,2023-05-10,2023-05-18,5,49.99,20
1662,4193,ORD-001662,12,19,25,2023-05-10,2023-05-18,3,14.99,10
1663,4194,ORD-001663,179,26,12,2023-04-06,2023-04-07,4,79.99,5
1664,4195,ORD-001664,97,1,25,2022-11-18,2022-11-24,2,899.99,0
1664,4196,ORD-001664,97,23,25,2022-11-18,2022-11-24,1,49.99,0
1664,4197,ORD-001664,97,32,25,2022-11-18,2022-11-24,2,14.99,5
1665,4198,ORD-001665,81,19,9,2022-09-24,2022-10-01,1,14.99,5
1665,4199,ORD-001665,81,35,9,2022-09-24,2022-10-01,3,24.99,0
1666,4200,ORD-001666,150,15,2,2023-01-18,2023-01-28,2,49.99,0
1666,4201,ORD-001666,150,22,2,2023-01-18,2023-01-28,1,59.99,0
1667,4202,ORD-001667,4,27,24,2022-03-07,2022-03-17,1,24.99,0
1668,4203,ORD-001668,63,16,1,2024-04-27,2024-05-06,1,39.99,0
1668,4204,ORD-001668,63,8,1,2024-04-27,2024-05-06,1,29.99,5
1668,4205,ORD-001668,63,26,1,2024-04-27,2024-05-06,4,79.99,0
1669,4206,ORD-001669,35,30,20,2022-01-14,2022-01-19,3,29.99,20
1669,4207,ORD-001669,35,37,20,2022-01-14,2022-01-19,5,24.99,20
1669,4208,ORD-001669,35,35,20,2022-01-14,2022-01-19,4,24.99,0
1670,4209,ORD-001670,145,38,28,2023-01-17,2023-01-19,5,34.99,20
1670,4210,ORD-001670,145,28,28,2023-01-17,2023-01-19,3,39.99,0
1671,4211,ORD-001671,102,12,2,2023-04-18,2023-04-22,1,59.99,15
1671,4212,ORD-001671,102,10,2,2023-04-18,2023-04-22,4,39.99,0
1671,4213,ORD-001671,102,23,2,2023-04-18,2023-04-22,5,49.99,0
1671,4214,ORD-001671,102,5,2,2023-04-18,2023-04-22,3,549.99,5
1672,4215,ORD-001672,119,1,29,2022-02-20,2022-03-02,4,899.99,0
1672,4216,ORD-001672,119,6,29,2022-02-20,2022-03-02,3,299.99,20
1673,4217,ORD-001673,42,28,8,2022-01-13,2022-01-16,2,39.99,0
1673,4218,ORD-001673,42,39,8,2022-01-13,2022-01-16,2,14.99,0
1674,4219,ORD-001674,91,1,30,2024-12-10,2024-12-12,3,899.99,10
1674,4220,ORD-001674,91,7,30,2024-12-10,2024-12-12,4,49.99,0
1674,4221,ORD-001674,91,8,30,2024-12-10,2024-12-12,5,29.99,5
1674,4222,ORD-001674,91,14,30,2024-12-10,2024-12-12,5,34.99,0
1675,4223,ORD-001675,86,37,18,2022-06-17,2022-06-27,4,24.99,15
1675,4224,ORD-001675,86,31,18,2022-06-17,2022-06-27,2,19.99,15
1675,4225,ORD-001675,86,7,18,2022-06-17,2022-06-27,4,49.99,10
1676,4226,ORD-001676,133,31,2,2022-04-14,2022-04-20,5,19.99,20
1676,4227,ORD-001676,133,39,2,2022-04-14,2022-04-20,2,14.99,0
1677,4228,ORD-001677,141,12,13,2022-11-13,2022-11-22,5,59.99,0
1677,4229,ORD-001677,141,22,13,2022-11-13,2022-11-22,3,59.99,20
1677,4230,ORD-001677,141,4,13,2022-11-13,2022-11-22,1,699.99,10
1677,4231,ORD-001677,141,9,13,2022-11-13,2022-11-22,2,79.99,15
1678,4232,ORD-001678,194,12,16,2022-11-29,2022-11-30,5,59.99,0
1679,4233,ORD-001679,158,10,10,2022-09-19,2022-09-23,1,39.99,0
1679,4234,ORD-001679,158,6,10,2022-09-19,2022-09-23,3,299.99,0
1680,4235,ORD-001680,125,5,9,2023-03-09,2023-03-12,4,549.99,0
1681,4236,ORD-001681,148,1,20,2023-02-06,2023-02-07,2,899.99,0
1681,4237,ORD-001681,148,14,20,2023-02-06,2023-02-07,1,34.99,0
1682,4238,ORD-001682,183,9,23,2022-11-02,2022-11-06,4,79.99,5
1682,4239,ORD-001682,183,23,23,2022-11-02,2022-11-06,2,49.99,15
1683,4240,ORD-001683,27,9,8,2024-02-03,2024-02-07,5,79.99,0
1684,4241,ORD-001684,107,26,11,2022-04-07,2022-04-14,2,79.99,0
1684,4242,ORD-001684,107,4,11,2022-04-07,2022-04-14,3,699.99,15
1684,4243,ORD-001684,107,39,11,2022-04-07,2022-04-14,2,14.99,20
1685,4244,ORD-001685,113,38,15,2024-07-30,2024-08-05,1,34.99,10
1685,4245,ORD-001685,113,35,15,2024-07-30,2024-08-05,2,24.99,0
1685,4246,ORD-001685,113,5,15,2024-07-30,2024-08-05,1,549.99,15
1685,4247,ORD-001685,113,11,15,2024-07-30,2024-08-05,5,19.99,0
1686,4248,ORD-001686,107,25,22,2022-06-01,2022-06-09,5,59.99,0
1686,4249,ORD-001686,107,11,22,2022-06-01,2022-06-09,5,19.99,15
1686,4250,ORD-001686,107,34,22,2022-06-01,2022-06-09,2,89.99,0
1687,4251,ORD-001687,8,5,9,2023-05-23,2023-06-01,5,549.99,5
1687,4252,ORD-001687,8,26,9,2023-05-23,2023-06-01,2,79.99,0
1687,4253,ORD-001687,8,37,9,2023-05-23,2023-06-01,1,24.99,20
1688,4254,ORD-001688,52,33,4,2024-05-09,2024-05-17,1,24.99,0
1689,4255,ORD-001689,104,30,18,2024-01-25,2024-02-01,1,29.99,5
1689,4256,ORD-001689,104,15,18,2024-01-25,2024-02-01,4,49.99,0
1689,4257,ORD-001689,104,6,18,2024-01-25,2024-02-01,5,299.99,10
1689,4258,ORD-001689,104,26,18,2024-01-25,2024-02-01,3,79.99,0
1690,4259,ORD-001690,16,3,10,2023-08-11,2023-08-16,4,1599.99,5
1690,4260,ORD-001690,16,26,10,2023-08-11,2023-08-16,2,79.99,15
1690,4261,ORD-001690,16,20,10,2023-08-11,2023-08-16,5,29.99,20
1691,4262,ORD-001691,49,23,23,2023-04-06,2023-04-16,1,49.99,0
1691,4263,ORD-001691,49,39,23,2023-04-06,2023-04-16,4,14.99,0
1691,4264,ORD-001691,49,30,23,2023-04-06,2023-04-16,2,29.99,0
1691,4265,ORD-001691,49,11,23,2023-04-06,2023-04-16,4,19.99,0
1692,4266,ORD-001692,112,10,29,2022-08-29,2022-08-31,3,39.99,0
1692,4267,ORD-001692,112,27,29,2022-08-29,2022-08-31,2,24.99,20
1692,4268,ORD-001692,112,22,29,2022-08-29,2022-08-31,5,59.99,15
1693,4269,ORD-001693,83,35,9,2022-11-06,2022-11-08,4,24.99,10
1694,4270,ORD-001694,176,10,20,2022-07-20,2022-07-30,2,39.99,15
1694,4271,ORD-001694,176,20,20,2022-07-20,2022-07-30,1,29.99,15
1694,4272,ORD-001694,176,39,20,2022-07-20,2022-07-30,5,14.99,15
1694,4273,ORD-001694,176,25,20,2022-07-20,2022-07-30,3,59.99,0
1695,4274,ORD-001695,52,19,18,2023-11-25,2023-11-29,4,14.99,0
1695,4275,ORD-001695,52,24,18,2023-11-25,2023-11-29,1,89.99,0
1696,4276,ORD-001696,137,13,8,2023-04-06,2023-04-10,1,49.99,20
1696,4277,ORD-001696,137,16,8,2023-04-06,2023-04-10,1,39.99,0
1696,4278,ORD-001696,137,24,8,2023-04-06,2023-04-10,5,89.99,5
1697,4279,ORD-001697,104,30,1,2024-02-05,2024-02-10,4,29.99,15
1697,4280,ORD-001697,104,37,1,2024-02-05,2024-02-10,3,24.99,5
1697,4281,ORD-001697,104,22,1,2024-02-05,2024-02-10,4,59.99,5
1698,4282,ORD-001698,151,24,23,2023-07-04,2023-07-10,2,89.99,5
1698,4283,ORD-001698,151,24,23,2023-07-04,2023-07-10,5,89.99,5
1699,4284,ORD-001699,70,5,13,2024-03-02,2024-03-12,4,549.99,0
1699,4285,ORD-001699,70,18,13,2024-03-02,2024-03-12,2,129.99,0
1699,4286,ORD-001699,70,12,13,2024-03-02,2024-03-12,3,59.99,0
1699,4287,ORD-001699,70,24,13,2024-03-02,2024-03-12,1,89.99,10
1700,4288,ORD-001700,179,40,30,2022-01-17,2022-01-27,3,12.99,10
1700,4289,ORD-001700,179,6,30,2022-01-17,2022-01-27,3,299.99,0
1700,4290,ORD-001700,179,26,30,2022-01-17,2022-01-27,5,79.99,0
1701,4291,ORD-001701,83,26,26,2024-01-31,2024-02-10,3,79.99,20
1701,4292,ORD-001701,83,29,26,2024-01-31,2024-02-10,2,44.99,0
1701,4293,ORD-001701,83,16,26,2024-01-31,2024-02-10,1,39.99,5
1701,4294,ORD-001701,83,18,26,2024-01-31,2024-02-10,2,129.99,0
1702,4295,ORD-001702,95,25,25,2022-09-01,2022-09-06,1,59.99,20
1702,4296,ORD-001702,95,19,25,2022-09-01,2022-09-06,1,14.99,15
1703,4297,ORD-001703,68,27,21,2023-02-05,2023-02-09,1,24.99,0
1703,4298,ORD-001703,68,21,21,2023-02-05,2023-02-09,3,34.99,0
1704,4299,ORD-001704,184,15,26,2022-04-25,2022-05-03,4,49.99,0
1704,4300,ORD-001704,184,7,26,2022-04-25,2022-05-03,1,49.99,0
1704,4301,ORD-001704,184,35,26,2022-04-25,2022-05-03,1,24.99,5
1704,4302,ORD-001704,184,34,26,2022-04-25,2022-05-03,3,89.99,0
1705,4303,ORD-001705,37,36,30,2022-09-04,2022-09-06,4,149.99,0
1705,4304,ORD-001705,37,36,30,2022-09-04,2022-09-06,3,149.99,0
1705,4305,ORD-001705,37,11,30,2022-09-04,2022-09-06,2,19.99,0
1706,4306,ORD-001706,169,17,9,2022-12-27,2023-01-03,3,34.99,20
1706,4307,ORD-001706,169,32,9,2022-12-27,2023-01-03,1,14.99,0
1706,4308,ORD-001706,169,32,9,2022-12-27,2023-01-03,2,14.99,15
1706,4309,ORD-001706,169,11,9,2022-12-27,2023-01-03,1,19.99,15
1707,4310,ORD-001707,136,29,14,2023-12-01,2023-12-04,4,44.99,5
1707,4311,ORD-001707,136,9,14,2023-12-01,2023-12-04,5,79.99,5
1708,4312,ORD-001708,103,13,22,2023-10-26,2023-11-02,4,49.99,0
1708,4313,ORD-001708,103,8,22,2023-10-26,2023-11-02,3,29.99,0
1709,4314,ORD-001709,166,29,27,2022-04-06,2022-04-12,5,44.99,0
1709,4315,ORD-001709,166,2,27,2022-04-06,2022-04-12,3,1199.99,0
1710,4316,ORD-001710,167,10,17,2022-04-04,2022-04-05,4,39.99,20
1711,4317,ORD-001711,175,12,6,2022-09-20,2022-09-22,3,59.99,5
1711,4318,ORD-001711,175,13,6,2022-09-20,2022-09-22,1,49.99,5
1711,4319,ORD-001711,175,2,6,2022-09-20,2022-09-22,5,1199.99,0
1712,4320,ORD-001712,59,34,19,2022-09-10,2022-09-14,1,89.99,5
1712,4321,ORD-001712,59,11,19,2022-09-10,2022-09-14,1,19.99,0
1712,4322,ORD-001712,59,8,19,2022-09-10,2022-09-14,2,29.99,5
1712,4323,ORD-001712,59,40,19,2022-09-10,2022-09-14,3,12.99,0
1713,4324,ORD-001713,182,2,5,2024-11-27,2024-12-04,5,1199.99,15
1713,4325,ORD-001713,182,12,5,2024-11-27,2024-12-04,5,59.99,15
1714,4326,ORD-001714,162,9,28,2024-09-19,2024-09-23,3,79.99,10
1714,4327,ORD-001714,162,23,28,2024-09-19,2024-09-23,2,49.99,0
1714,4328,ORD-001714,162,10,28,2024-09-19,2024-09-23,2,39.99,0
1715,4329,ORD-001715,164,34,23,2024-06-25,2024-06-29,5,89.99,10
1715,4330,ORD-001715,164,12,23,2024-06-25,2024-06-29,1,59.99,0
1716,4331,ORD-001716,94,15,28,2024-08-28,2024-09-01,2,49.99,0
1716,4332,ORD-001716,94,28,28,2024-08-28,2024-09-01,4,39.99,0
1716,4333,ORD-001716,94,33,28,2024-08-28,2024-09-01,3,24.99,0
1717,4334,ORD-001717,121,3,13,2022-07-07,2022-07-08,5,1599.99,0
1717,4335,ORD-001717,121,25,13,2022-07-07,2022-07-08,5,59.99,5
1717,4336,ORD-001717,121,8,13,2022-07-07,2022-07-08,5,29.99,20
1717,4337,ORD-001717,121,11,13,2022-07-07,2022-07-08,2,19.99,5
1718,4338,ORD-001718,10,10,4,2022-01-29,2022-02-06,4,39.99,0
1719,4339,ORD-001719,91,6,21,2023-04-01,2023-04-10,4,299.99,15
1719,4340,ORD-001719,91,28,21,2023-04-01,2023-04-10,3,39.99,10
1720,4341,ORD-001720,67,21,25,2024-04-04,2024-04-12,4,34.99,20
1720,4342,ORD-001720,67,17,25,2024-04-04,2024-04-12,2,34.99,0
1721,4343,ORD-001721,54,33,7,2022-11-09,2022-11-12,1,24.99,15
1721,4344,ORD-001721,54,7,7,2022-11-09,2022-11-12,5,49.99,0
1722,4345,ORD-001722,65,12,5,2023-12-10,2023-12-19,2,59.99,15
1722,4346,ORD-001722,65,23,5,2023-12-10,2023-12-19,4,49.99,0
1723,4347,ORD-001723,97,4,6,2023-11-23,2023-11-27,4,699.99,0
1723,4348,ORD-001723,97,31,6,2023-11-23,2023-11-27,2,19.99,0
1723,4349,ORD-001723,97,8,6,2023-11-23,2023-11-27,5,29.99,0
1724,4350,ORD-001724,70,16,13,2024-10-04,2024-10-09,1,39.99,5
1725,4351,ORD-001725,172,8,11,2023-04-15,2023-04-24,5,29.99,0
1725,4352,ORD-001725,172,10,11,2023-04-15,2023-04-24,1,39.99,15
1725,4353,ORD-001725,172,5,11,2023-04-15,2023-04-24,2,549.99,20
1726,4354,ORD-001726,99,26,6,2024-04-01,2024-04-02,2,79.99,10
1726,4355,ORD-001726,99,31,6,2024-04-01,2024-04-02,3,19.99,5
1726,4356,ORD-001726,99,5,6,2024-04-01,2024-04-02,3,549.99,15
1727,4357,ORD-001727,71,21,26,2024-09-02,2024-09-03,3,34.99,10
1727,4358,ORD-001727,71,5,26,2024-09-02,2024-09-03,2,549.99,15
1727,4359,ORD-001727,71,5,26,2024-09-02,2024-09-03,3,549.99,0
1728,4360,ORD-001728,110,37,24,2023-07-03,2023-07-05,3,24.99,0
1729,4361,ORD-001729,110,37,9,2022-02-04,2022-02-14,4,24.99,10
1730,4362,ORD-001730,55,23,19,2023-10-20,2023-10-28,2,49.99,0
1730,4363,ORD-001730,55,31,19,2023-10-20,2023-10-28,1,19.99,20
1730,4364,ORD-001730,55,9,19,2023-10-20,2023-10-28,1,79.99,0
1730,4365,ORD-001730,55,11,19,2023-10-20,2023-10-28,4,19.99,0
1731,4366,ORD-001731,171,7,1,2022-05-26,2022-06-05,2,49.99,15
1731,4367,ORD-001731,171,6,1,2022-05-26,2022-06-05,2,299.99,0
1731,4368,ORD-001731,171,5,1,2022-05-26,2022-06-05,2,549.99,10
1731,4369,ORD-001731,171,16,1,2022-05-26,2022-06-05,4,39.99,10
1732,4370,ORD-001732,104,26,15,2024-12-25,2025-01-04,1,79.99,10
1732,4371,ORD-001732,104,34,15,2024-12-25,2025-01-04,4,89.99,0
1732,4372,ORD-001732,104,5,15,2024-12-25,2025-01-04,2,549.99,5
1732,4373,ORD-001732,104,32,15,2024-12-25,2025-01-04,4,14.99,0
1733,4374,ORD-001733,21,25,26,2023-01-15,2023-01-18,1,59.99,5
1733,4375,ORD-001733,21,22,26,2023-01-15,2023-01-18,5,59.99,10
1733,4376,ORD-001733,21,35,26,2023-01-15,2023-01-18,5,24.99,5
1733,4377,ORD-001733,21,35,26,2023-01-15,2023-01-18,4,24.99,0
1734,4378,ORD-001734,61,13,27,2023-03-02,2023-03-12,1,49.99,10
1734,4379,ORD-001734,61,6,27,2023-03-02,2023-03-12,4,299.99,0
1734,4380,ORD-001734,61,20,27,2023-03-02,2023-03-12,2,29.99,0
1735,4381,ORD-001735,132,8,22,2023-11-17,2023-11-20,2,29.99,0
1735,4382,ORD-001735,132,11,22,2023-11-17,2023-11-20,1,19.99,10
1736,4383,ORD-001736,18,25,12,2022-02-18,2022-02-24,3,59.99,0
1736,4384,ORD-001736,18,37,12,2022-02-18,2022-02-24,4,24.99,20
1736,4385,ORD-001736,18,19,12,2022-02-18,2022-02-24,4,14.99,0
1736,4386,ORD-001736,18,4,12,2022-02-18,2022-02-24,1,699.99,0
1737,4387,ORD-001737,108,20,18,2024-08-08,2024-08-15,5,29.99,15
1737,4388,ORD-001737,108,28,18,2024-08-08,2024-08-15,4,39.99,5
1737,4389,ORD-001737,108,20,18,2024-08-08,2024-08-15,5,29.99,5
1738,4390,ORD-001738,152,13,15,2023-09-26,2023-09-28,4,49.99,0
1738,4391,ORD-001738,152,28,15,2023-09-26,2023-09-28,1,39.99,0
1738,4392,ORD-001738,152,22,15,2023-09-26,2023-09-28,1,59.99,0
1738,4393,ORD-001738,152,27,15,2023-09-26,2023-09-28,2,24.99,0
1739,4394,ORD-001739,81,3,23,2023-03-28,2023-04-05,5,1599.99,15
1739,4395,ORD-001739,81,25,23,2023-03-28,2023-04-05,3,59.99,10
1740,4396,ORD-001740,110,6,20,2023-01-17,2023-01-25,1,299.99,15
1740,4397,ORD-001740,110,37,20,2023-01-17,2023-01-25,3,24.99,0
1740,4398,ORD-001740,110,37,20,2023-01-17,2023-01-25,4,24.99,0
1740,4399,ORD-001740,110,21,20,2023-01-17,2023-01-25,2,34.99,0
1741,4400,ORD-001741,178,24,12,2024-08-12,2024-08-13,3,89.99,0
1741,4401,ORD-001741,178,11,12,2024-08-12,2024-08-13,5,19.99,0
1742,4402,ORD-001742,119,16,14,2023-02-27,2023-03-06,1,39.99,20
1742,4403,ORD-001742,119,21,14,2023-02-27,2023-03-06,5,34.99,0
1742,4404,ORD-001742,119,34,14,2023-02-27,2023-03-06,5,89.99,20
1743,4405,ORD-001743,144,23,27,2023-11-18,2023-11-28,3,49.99,5
1743,4406,ORD-001743,144,28,27,2023-11-18,2023-11-28,2,39.99,0
1743,4407,ORD-001743,144,22,27,2023-11-18,2023-11-28,3,59.99,20
1743,4408,ORD-001743,144,19,27,2023-11-18,2023-11-28,2,14.99,0
1744,4409,ORD-001744,182,26,9,2022-05-30,2022-06-04,5,79.99,10
1745,4410,ORD-001745,151,38,8,2023-05-12,2023-05-17,4,34.99,0
1745,4411,ORD-001745,151,15,8,2023-05-12,2023-05-17,5,49.99,0
1745,4412,ORD-001745,151,27,8,2023-05-12,2023-05-17,3,24.99,0
1746,4413,ORD-001746,135,4,25,2022-12-17,2022-12-20,5,699.99,0
1746,4414,ORD-001746,135,33,25,2022-12-17,2022-12-20,4,24.99,0
1747,4415,ORD-001747,155,7,24,2024-09-03,2024-09-07,2,49.99,0
1747,4416,ORD-001747,155,7,24,2024-09-03,2024-09-07,1,49.99,20
1747,4417,ORD-001747,155,37,24,2024-09-03,2024-09-07,4,24.99,0
1748,4418,ORD-001748,16,3,23,2022-12-21,2022-12-23,4,1599.99,0
1748,4419,ORD-001748,16,20,23,2022-12-21,2022-12-23,5,29.99,0
1748,4420,ORD-001748,16,13,23,2022-12-21,2022-12-23,3,49.99,15
1748,4421,ORD-001748,16,27,23,2022-12-21,2022-12-23,3,24.99,0
1749,4422,ORD-001749,121,16,26,2022-09-28,2022-10-01,1,39.99,0
1750,4423,ORD-001750,78,5,9,2024-06-05,2024-06-10,2,549.99,15
1750,4424,ORD-001750,78,40,9,2024-06-05,2024-06-10,2,12.99,10
1750,4425,ORD-001750,78,4,9,2024-06-05,2024-06-10,1,699.99,0
1750,4426,ORD-001750,78,23,9,2024-06-05,2024-06-10,1,49.99,0
1751,4427,ORD-001751,200,26,4,2023-02-22,2023-03-02,3,79.99,10
1751,4428,ORD-001751,200,39,4,2023-02-22,2023-03-02,4,14.99,0
1751,4429,ORD-001751,200,22,4,2023-02-22,2023-03-02,5,59.99,0
1752,4430,ORD-001752,161,6,22,2024-08-23,2024-08-24,5,299.99,10
1752,4431,ORD-001752,161,14,22,2024-08-23,2024-08-24,1,34.99,0
1752,4432,ORD-001752,161,24,22,2024-08-23,2024-08-24,5,89.99,0
1752,4433,ORD-001752,161,13,22,2024-08-23,2024-08-24,3,49.99,15
1753,4434,ORD-001753,84,5,13,2024-03-05,2024-03-09,2,549.99,10
1754,4435,ORD-001754,141,12,12,2022-04-09,2022-04-13,2,59.99,20
1754,4436,ORD-001754,141,27,12,2022-04-09,2022-04-13,2,24.99,15
1754,4437,ORD-001754,141,9,12,2022-04-09,2022-04-13,1,79.99,20
1755,4438,ORD-001755,64,12,7,2023-09-27,2023-10-05,3,59.99,5
1755,4439,ORD-001755,64,14,7,2023-09-27,2023-10-05,1,34.99,0
1755,4440,ORD-001755,64,20,7,2023-09-27,2023-10-05,2,29.99,15
1756,4441,ORD-001756,116,35,23,2024-05-01,2024-05-10,1,24.99,0
1756,4442,ORD-001756,116,36,23,2024-05-01,2024-05-10,3,149.99,15
1756,4443,ORD-001756,116,10,23,2024-05-01,2024-05-10,5,39.99,20
1756,4444,ORD-001756,116,18,23,2024-05-01,2024-05-10,4,129.99,20
1757,4445,ORD-001757,150,29,2,2022-11-10,2022-11-12,3,44.99,0
1757,4446,ORD-001757,150,30,2,2022-11-10,2022-11-12,3,29.99,0
1757,4447,ORD-001757,150,3,2,2022-11-10,2022-11-12,3,1599.99,0
1757,4448,ORD-001757,150,21,2,2022-11-10,2022-11-12,1,34.99,0
1758,4449,ORD-001758,59,11,18,2024-01-21,2024-01-22,5,19.99,10
1758,4450,ORD-001758,59,18,18,2024-01-21,2024-01-22,4,129.99,5
1759,4451,ORD-001759,87,13,6,2024-07-07,2024-07-13,2,49.99,0
1759,4452,ORD-001759,87,34,6,2024-07-07,2024-07-13,2,89.99,10
1760,4453,ORD-001760,60,22,1,2022-10-07,2022-10-08,4,59.99,10
1760,4454,ORD-001760,60,7,1,2022-10-07,2022-10-08,2,49.99,0
1761,4455,ORD-001761,3,17,8,2022-02-14,2022-02-18,4,34.99,5
1761,4456,ORD-001761,3,29,8,2022-02-14,2022-02-18,1,44.99,15
1762,4457,ORD-001762,178,1,4,2024-05-26,2024-06-03,4,899.99,20
1762,4458,ORD-001762,178,28,4,2024-05-26,2024-06-03,2,39.99,20
1762,4459,ORD-001762,178,31,4,2024-05-26,2024-06-03,5,19.99,10
1763,4460,ORD-001763,89,12,25,2023-10-08,2023-10-12,3,59.99,15
1764,4461,ORD-001764,95,15,7,2022-04-25,2022-04-27,5,49.99,10
1764,4462,ORD-001764,95,17,7,2022-04-25,2022-04-27,4,34.99,0
1765,4463,ORD-001765,61,3,1,2023-03-20,2023-03-25,2,1599.99,10
1765,4464,ORD-001765,61,19,1,2023-03-20,2023-03-25,4,14.99,0
1766,4465,ORD-001766,149,11,26,2022-02-03,2022-02-05,2,19.99,15
1766,4466,ORD-001766,149,9,26,2022-02-03,2022-02-05,3,79.99,0
1766,4467,ORD-001766,149,24,26,2022-02-03,2022-02-05,1,89.99,5
1766,4468,ORD-001766,149,27,26,2022-02-03,2022-02-05,3,24.99,15
1767,4469,ORD-001767,140,21,15,2022-07-28,2022-08-05,3,34.99,5
1767,4470,ORD-001767,140,7,15,2022-07-28,2022-08-05,5,49.99,20
1767,4471,ORD-001767,140,39,15,2022-07-28,2022-08-05,2,14.99,0
1767,4472,ORD-001767,140,4,15,2022-07-28,2022-08-05,4,699.99,0
1768,4473,ORD-001768,164,10,18,2023-04-11,2023-04-20,4,39.99,15
1768,4474,ORD-001768,164,10,18,2023-04-11,2023-04-20,3,39.99,10
1768,4475,ORD-001768,164,5,18,2023-04-11,2023-04-20,2,549.99,0
1768,4476,ORD-001768,164,21,18,2023-04-11,2023-04-20,5,34.99,0
1769,4477,ORD-001769,150,35,26,2023-12-04,2023-12-11,3,24.99,15
1769,4478,ORD-001769,150,17,26,2023-12-04,2023-12-11,5,34.99,15
1769,4479,ORD-001769,150,10,26,2023-12-04,2023-12-11,2,39.99,5
1769,4480,ORD-001769,150,16,26,2023-12-04,2023-12-11,2,39.99,5
1770,4481,ORD-001770,147,9,25,2022-06-06,2022-06-09,1,79.99,0
1771,4482,ORD-001771,13,16,4,2024-12-23,2024-12-31,3,39.99,15
1772,4483,ORD-001772,142,4,14,2022-04-13,2022-04-15,4,699.99,0
1772,4484,ORD-001772,142,3,14,2022-04-13,2022-04-15,2,1599.99,10
1772,4485,ORD-001772,142,10,14,2022-04-13,2022-04-15,3,39.99,0
1772,4486,ORD-001772,142,38,14,2022-04-13,2022-04-15,5,34.99,10
1773,4487,ORD-001773,65,8,23,2023-12-28,2023-12-31,4,29.99,0
1773,4488,ORD-001773,65,12,23,2023-12-28,2023-12-31,2,59.99,0
1773,4489,ORD-001773,65,32,23,2023-12-28,2023-12-31,4,14.99,15
1774,4490,ORD-001774,66,12,8,2023-03-28,2023-04-06,2,59.99,0
1774,4491,ORD-001774,66,24,8,2023-03-28,2023-04-06,3,89.99,0
1774,4492,ORD-001774,66,10,8,2023-03-28,2023-04-06,1,39.99,5
1774,4493,ORD-001774,66,12,8,2023-03-28,2023-04-06,4,59.99,15
1775,4494,ORD-001775,83,13,22,2023-06-18,2023-06-28,2,49.99,15
1775,4495,ORD-001775,83,1,22,2023-06-18,2023-06-28,5,899.99,20
1775,4496,ORD-001775,83,13,22,2023-06-18,2023-06-28,2,49.99,0
1775,4497,ORD-001775,83,19,22,2023-06-18,2023-06-28,3,14.99,5
1776,4498,ORD-001776,5,33,10,2024-10-25,2024-11-03,5,24.99,10
1776,4499,ORD-001776,5,22,10,2024-10-25,2024-11-03,1,59.99,0
1776,4500,ORD-001776,5,30,10,2024-10-25,2024-11-03,1,29.99,20
1776,4501,ORD-001776,5,11,10,2024-10-25,2024-11-03,1,19.99,20
1777,4502,ORD-001777,96,5,20,2024-02-13,2024-02-22,5,549.99,20
1777,4503,ORD-001777,96,21,20,2024-02-13,2024-02-22,2,34.99,20
1777,4504,ORD-001777,96,29,20,2024-02-13,2024-02-22,4,44.99,0
1778,4505,ORD-001778,160,14,23,2023-01-08,2023-01-15,2,34.99,10
1778,4506,ORD-001778,160,21,23,2023-01-08,2023-01-15,4,34.99,0
1778,4507,ORD-001778,160,18,23,2023-01-08,2023-01-15,2,129.99,5
1778,4508,ORD-001778,160,32,23,2023-01-08,2023-01-15,4,14.99,0
1779,4509,ORD-001779,44,2,6,2024-01-05,2024-01-15,4,1199.99,0
1779,4510,ORD-001779,44,26,6,2024-01-05,2024-01-15,3,79.99,10
1780,4511,ORD-001780,22,37,5,2022-10-02,2022-10-03,2,24.99,0
1780,4512,ORD-001780,22,38,5,2022-10-02,2022-10-03,3,34.99,0
1780,4513,ORD-001780,22,5,5,2022-10-02,2022-10-03,3,549.99,20
1781,4514,ORD-001781,197,38,14,2023-03-24,2023-03-25,3,34.99,0
1781,4515,ORD-001781,197,38,14,2023-03-24,2023-03-25,4,34.99,0
1782,4516,ORD-001782,112,12,8,2024-08-06,2024-08-09,5,59.99,15
1782,4517,ORD-001782,112,19,8,2024-08-06,2024-08-09,2,14.99,0
1782,4518,ORD-001782,112,28,8,2024-08-06,2024-08-09,4,39.99,0
1782,4519,ORD-001782,112,22,8,2024-08-06,2024-08-09,3,59.99,10
1783,4520,ORD-001783,132,14,1,2023-11-27,2023-11-29,1,34.99,0
1783,4521,ORD-001783,132,35,1,2023-11-27,2023-11-29,1,24.99,0
1784,4522,ORD-001784,70,5,19,2024-12-30,2025-01-03,1,549.99,0
1784,4523,ORD-001784,70,10,19,2024-12-30,2025-01-03,1,39.99,20
1785,4524,ORD-001785,45,33,26,2022-06-06,2022-06-12,1,24.99,15
1785,4525,ORD-001785,45,24,26,2022-06-06,2022-06-12,5,89.99,0
1785,4526,ORD-001785,45,28,26,2022-06-06,2022-06-12,5,39.99,5
1786,4527,ORD-001786,138,7,16,2024-04-02,2024-04-07,5,49.99,0
1787,4528,ORD-001787,136,25,11,2023-06-21,2023-06-30,3,59.99,0
1788,4529,ORD-001788,193,12,5,2022-01-02,2022-01-03,5,59.99,10
1788,4530,ORD-001788,193,32,5,2022-01-02,2022-01-03,4,14.99,15
1788,4531,ORD-001788,193,34,5,2022-01-02,2022-01-03,4,89.99,0
1788,4532,ORD-001788,193,21,5,2022-01-02,2022-01-03,5,34.99,0
1789,4533,ORD-001789,199,26,24,2024-03-05,2024-03-12,3,79.99,20
1789,4534,ORD-001789,199,8,24,2024-03-05,2024-03-12,5,29.99,5
1789,4535,ORD-001789,199,9,24,2024-03-05,2024-03-12,2,79.99,0
1790,4536,ORD-001790,169,28,6,2022-08-17,2022-08-27,2,39.99,0
1790,4537,ORD-001790,169,5,6,2022-08-17,2022-08-27,2,549.99,0
1791,4538,ORD-001791,5,11,10,2022-05-11,2022-05-12,5,19.99,0
1791,4539,ORD-001791,5,35,10,2022-05-11,2022-05-12,2,24.99,20
1791,4540,ORD-001791,5,8,10,2022-05-11,2022-05-12,3,29.99,15
1792,4541,ORD-001792,125,40,17,2022-08-18,2022-08-20,4,12.99,0
1792,4542,ORD-001792,125,27,17,2022-08-18,2022-08-20,5,24.99,10
1792,4543,ORD-001792,125,39,17,2022-08-18,2022-08-20,5,14.99,0
1792,4544,ORD-001792,125,37,17,2022-08-18,2022-08-20,5,24.99,0
1793,4545,ORD-001793,167,36,6,2024-11-18,2024-11-22,1,149.99,0
1794,4546,ORD-001794,57,2,29,2024-06-03,2024-06-10,2,1199.99,15
1794,4547,ORD-001794,57,1,29,2024-06-03,2024-06-10,1,899.99,0
1794,4548,ORD-001794,57,23,29,2024-06-03,2024-06-10,2,49.99,15
1794,4549,ORD-001794,57,11,29,2024-06-03,2024-06-10,5,19.99,0
1795,4550,ORD-001795,50,1,18,2024-03-22,2024-03-26,3,899.99,15
1796,4551,ORD-001796,12,34,11,2023-01-03,2023-01-08,2,89.99,10
1796,4552,ORD-001796,12,1,11,2023-01-03,2023-01-08,3,899.99,10
1797,4553,ORD-001797,177,37,6,2024-05-05,2024-05-15,5,24.99,0
1797,4554,ORD-001797,177,4,6,2024-05-05,2024-05-15,4,699.99,5
1798,4555,ORD-001798,137,28,23,2024-06-04,2024-06-07,2,39.99,20
1798,4556,ORD-001798,137,15,23,2024-06-04,2024-06-07,2,49.99,20
1798,4557,ORD-001798,137,36,23,2024-06-04,2024-06-07,2,149.99,20
1798,4558,ORD-001798,137,33,23,2024-06-04,2024-06-07,5,24.99,5
1799,4559,ORD-001799,173,27,26,2023-02-22,2023-02-26,1,24.99,10
1799,4560,ORD-001799,173,22,26,2023-02-22,2023-02-26,1,59.99,15
1799,4561,ORD-001799,173,35,26,2023-02-22,2023-02-26,4,24.99,0
1799,4562,ORD-001799,173,26,26,2023-02-22,2023-02-26,4,79.99,0
1800,4563,ORD-001800,64,5,14,2023-09-17,2023-09-19,2,549.99,0
1801,4564,ORD-001801,170,39,17,2022-11-18,2022-11-22,2,14.99,0
1801,4565,ORD-001801,170,35,17,2022-11-18,2022-11-22,5,24.99,15
1802,4566,ORD-001802,58,34,12,2023-01-18,2023-01-26,4,89.99,0
1803,4567,ORD-001803,182,32,25,2022-02-10,2022-02-17,4,14.99,0
1803,4568,ORD-001803,182,3,25,2022-02-10,2022-02-17,4,1599.99,20
1803,4569,ORD-001803,182,24,25,2022-02-10,2022-02-17,5,89.99,0
1803,4570,ORD-001803,182,1,25,2022-02-10,2022-02-17,5,899.99,10
1804,4571,ORD-001804,26,40,28,2023-06-30,2023-07-04,2,12.99,5
1805,4572,ORD-001805,156,33,15,2024-04-19,2024-04-21,1,24.99,0
1805,4573,ORD-001805,156,38,15,2024-04-19,2024-04-21,4,34.99,10
1805,4574,ORD-001805,156,35,15,2024-04-19,2024-04-21,2,24.99,10
1805,4575,ORD-001805,156,20,15,2024-04-19,2024-04-21,3,29.99,15
1806,4576,ORD-001806,128,25,6,2022-02-04,2022-02-07,3,59.99,15
1806,4577,ORD-001806,128,26,6,2022-02-04,2022-02-07,5,79.99,5
1806,4578,ORD-001806,128,11,6,2022-02-04,2022-02-07,5,19.99,20
1806,4579,ORD-001806,128,23,6,2022-02-04,2022-02-07,5,49.99,20
1807,4580,ORD-001807,25,20,5,2023-10-25,2023-11-02,5,29.99,10
1807,4581,ORD-001807,25,38,5,2023-10-25,2023-11-02,5,34.99,0
1808,4582,ORD-001808,88,28,11,2023-04-03,2023-04-13,1,39.99,20
1808,4583,ORD-001808,88,29,11,2023-04-03,2023-04-13,3,44.99,0
1808,4584,ORD-001808,88,38,11,2023-04-03,2023-04-13,5,34.99,0
1809,4585,ORD-001809,114,28,9,2024-08-31,2024-09-03,5,39.99,0
1809,4586,ORD-001809,114,5,9,2024-08-31,2024-09-03,4,549.99,10
1809,4587,ORD-001809,114,40,9,2024-08-31,2024-09-03,4,12.99,5
1809,4588,ORD-001809,114,2,9,2024-08-31,2024-09-03,5,1199.99,0
1810,4589,ORD-001810,142,17,26,2024-07-25,2024-07-30,5,34.99,0
1810,4590,ORD-001810,142,40,26,2024-07-25,2024-07-30,5,12.99,0
1810,4591,ORD-001810,142,26,26,2024-07-25,2024-07-30,3,79.99,0
1810,4592,ORD-001810,142,33,26,2024-07-25,2024-07-30,2,24.99,20
1811,4593,ORD-001811,156,27,26,2024-10-29,2024-11-03,4,24.99,0
1812,4594,ORD-001812,74,14,27,2024-07-27,2024-08-05,4,34.99,15
1812,4595,ORD-001812,74,38,27,2024-07-27,2024-08-05,5,34.99,20
1812,4596,ORD-001812,74,35,27,2024-07-27,2024-08-05,1,24.99,5
1813,4597,ORD-001813,75,19,25,2024-12-29,2024-12-30,3,14.99,0
1813,4598,ORD-001813,75,39,25,2024-12-29,2024-12-30,2,14.99,15
1813,4599,ORD-001813,75,33,25,2024-12-29,2024-12-30,4,24.99,0
1814,4600,ORD-001814,84,26,6,2022-08-31,2022-09-01,2,79.99,5
1814,4601,ORD-001814,84,3,6,2022-08-31,2022-09-01,4,1599.99,5
1815,4602,ORD-001815,75,18,18,2022-05-06,2022-05-07,5,129.99,20
1815,4603,ORD-001815,75,17,18,2022-05-06,2022-05-07,3,34.99,10
1816,4604,ORD-001816,27,3,25,2023-03-30,2023-03-31,3,1599.99,5
1816,4605,ORD-001816,27,20,25,2023-03-30,2023-03-31,5,29.99,10
1817,4606,ORD-001817,61,36,20,2024-08-28,2024-09-02,3,149.99,5
1818,4607,ORD-001818,61,1,1,2022-11-02,2022-11-10,1,899.99,0
1818,4608,ORD-001818,61,14,1,2022-11-02,2022-11-10,1,34.99,15
1818,4609,ORD-001818,61,23,1,2022-11-02,2022-11-10,4,49.99,20
1819,4610,ORD-001819,174,14,13,2022-07-28,2022-08-07,1,34.99,0
1819,4611,ORD-001819,174,25,13,2022-07-28,2022-08-07,3,59.99,0
1819,4612,ORD-001819,174,36,13,2022-07-28,2022-08-07,3,149.99,20
1820,4613,ORD-001820,145,28,7,2024-06-16,2024-06-25,4,39.99,10
1820,4614,ORD-001820,145,4,7,2024-06-16,2024-06-25,5,699.99,20
1820,4615,ORD-001820,145,31,7,2024-06-16,2024-06-25,1,19.99,15
1821,4616,ORD-001821,31,3,17,2024-08-24,2024-08-27,1,1599.99,0
1821,4617,ORD-001821,31,14,17,2024-08-24,2024-08-27,4,34.99,0
1821,4618,ORD-001821,31,8,17,2024-08-24,2024-08-27,1,29.99,0
1821,4619,ORD-001821,31,18,17,2024-08-24,2024-08-27,3,129.99,0
1822,4620,ORD-001822,65,18,5,2022-03-30,2022-04-06,3,129.99,5
1822,4621,ORD-001822,65,36,5,2022-03-30,2022-04-06,4,149.99,20
1822,4622,ORD-001822,65,24,5,2022-03-30,2022-04-06,2,89.99,0
1822,4623,ORD-001822,65,3,5,2022-03-30,2022-04-06,4,1599.99,0
1823,4624,ORD-001823,200,40,5,2022-08-28,2022-09-03,5,12.99,5
1823,4625,ORD-001823,200,31,5,2022-08-28,2022-09-03,2,19.99,0
1823,4626,ORD-001823,200,28,5,2022-08-28,2022-09-03,2,39.99,0
1824,4627,ORD-001824,47,14,4,2022-01-17,2022-01-23,3,34.99,5
1824,4628,ORD-001824,47,2,4,2022-01-17,2022-01-23,3,1199.99,5
1825,4629,ORD-001825,79,21,16,2024-03-07,2024-03-12,3,34.99,10
1825,4630,ORD-001825,79,15,16,2024-03-07,2024-03-12,5,49.99,5
1825,4631,ORD-001825,79,21,16,2024-03-07,2024-03-12,2,34.99,0
1826,4632,ORD-001826,60,32,18,2023-04-07,2023-04-13,1,14.99,0
1827,4633,ORD-001827,74,11,11,2023-12-14,2023-12-18,5,19.99,0
1828,4634,ORD-001828,1,12,24,2023-05-26,2023-06-02,1,59.99,20
1828,4635,ORD-001828,1,5,24,2023-05-26,2023-06-02,4,549.99,0
1829,4636,ORD-001829,200,11,21,2022-10-21,2022-10-29,4,19.99,20
1829,4637,ORD-001829,200,18,21,2022-10-21,2022-10-29,5,129.99,15
1829,4638,ORD-001829,200,35,21,2022-10-21,2022-10-29,2,24.99,10
1829,4639,ORD-001829,200,23,21,2022-10-21,2022-10-29,5,49.99,0
1830,4640,ORD-001830,183,11,22,2023-10-20,2023-10-29,2,19.99,10
1830,4641,ORD-001830,183,20,22,2023-10-20,2023-10-29,2,29.99,15
1830,4642,ORD-001830,183,23,22,2023-10-20,2023-10-29,2,49.99,15
1831,4643,ORD-001831,81,32,4,2024-04-11,2024-04-13,3,14.99,10
1831,4644,ORD-001831,81,6,4,2024-04-11,2024-04-13,4,299.99,0
1831,4645,ORD-001831,81,4,4,2024-04-11,2024-04-13,3,699.99,0
1832,4646,ORD-001832,136,39,28,2022-04-07,2022-04-13,1,14.99,0
1832,4647,ORD-001832,136,29,28,2022-04-07,2022-04-13,4,44.99,0
1832,4648,ORD-001832,136,18,28,2022-04-07,2022-04-13,4,129.99,0
1833,4649,ORD-001833,196,20,12,2023-03-16,2023-03-22,4,29.99,20
1833,4650,ORD-001833,196,34,12,2023-03-16,2023-03-22,3,89.99,0
1834,4651,ORD-001834,119,37,4,2023-12-31,2024-01-10,4,24.99,0
1834,4652,ORD-001834,119,17,4,2023-12-31,2024-01-10,3,34.99,20
1834,4653,ORD-001834,119,39,4,2023-12-31,2024-01-10,2,14.99,0
1835,4654,ORD-001835,86,15,8,2024-09-27,2024-10-06,2,49.99,0
1836,4655,ORD-001836,136,13,7,2024-05-12,2024-05-14,2,49.99,20
1837,4656,ORD-001837,165,33,17,2023-01-09,2023-01-16,4,24.99,10
1838,4657,ORD-001838,137,23,29,2022-12-25,2023-01-03,2,49.99,5
1839,4658,ORD-001839,140,36,16,2023-02-07,2023-02-08,4,149.99,0
1839,4659,ORD-001839,140,21,16,2023-02-07,2023-02-08,1,34.99,0
1839,4660,ORD-001839,140,12,16,2023-02-07,2023-02-08,1,59.99,5
1840,4661,ORD-001840,178,21,10,2024-04-16,2024-04-22,2,34.99,5
1840,4662,ORD-001840,178,33,10,2024-04-16,2024-04-22,1,24.99,0
1841,4663,ORD-001841,132,31,19,2022-08-08,2022-08-14,2,19.99,0
1841,4664,ORD-001841,132,18,19,2022-08-08,2022-08-14,4,129.99,5
1841,4665,ORD-001841,132,6,19,2022-08-08,2022-08-14,4,299.99,5
1841,4666,ORD-001841,132,25,19,2022-08-08,2022-08-14,2,59.99,10
1842,4667,ORD-001842,102,14,19,2022-05-14,2022-05-19,4,34.99,0
1842,4668,ORD-001842,102,38,19,2022-05-14,2022-05-19,5,34.99,10
1843,4669,ORD-001843,66,22,29,2024-02-10,2024-02-17,1,59.99,10
1843,4670,ORD-001843,66,38,29,2024-02-10,2024-02-17,5,34.99,10
1843,4671,ORD-001843,66,2,29,2024-02-10,2024-02-17,1,1199.99,0
1844,4672,ORD-001844,13,37,18,2023-11-28,2023-12-06,1,24.99,10
1844,4673,ORD-001844,13,15,18,2023-11-28,2023-12-06,3,49.99,0
1845,4674,ORD-001845,25,34,23,2022-06-24,2022-07-03,3,89.99,0
1845,4675,ORD-001845,25,11,23,2022-06-24,2022-07-03,3,19.99,5
1845,4676,ORD-001845,25,18,23,2022-06-24,2022-07-03,5,129.99,20
1845,4677,ORD-001845,25,34,23,2022-06-24,2022-07-03,3,89.99,10
1846,4678,ORD-001846,193,29,29,2024-07-26,2024-08-05,2,44.99,10
1846,4679,ORD-001846,193,24,29,2024-07-26,2024-08-05,4,89.99,0
1846,4680,ORD-001846,193,37,29,2024-07-26,2024-08-05,3,24.99,20
1847,4681,ORD-001847,134,12,5,2024-11-27,2024-11-29,2,59.99,0
1848,4682,ORD-001848,113,9,24,2024-08-05,2024-08-14,3,79.99,10
1849,4683,ORD-001849,139,1,7,2024-07-14,2024-07-16,3,899.99,20
1849,4684,ORD-001849,139,38,7,2024-07-14,2024-07-16,5,34.99,0
1849,4685,ORD-001849,139,17,7,2024-07-14,2024-07-16,3,34.99,20
1849,4686,ORD-001849,139,7,7,2024-07-14,2024-07-16,3,49.99,20
1850,4687,ORD-001850,53,34,14,2024-10-13,2024-10-16,1,89.99,0
1850,4688,ORD-001850,53,12,14,2024-10-13,2024-10-16,2,59.99,15
1850,4689,ORD-001850,53,2,14,2024-10-13,2024-10-16,2,1199.99,10
1850,4690,ORD-001850,53,33,14,2024-10-13,2024-10-16,3,24.99,20
1851,4691,ORD-001851,112,40,28,2022-08-22,2022-08-24,4,12.99,20
1851,4692,ORD-001851,112,35,28,2022-08-22,2022-08-24,1,24.99,0
1852,4693,ORD-001852,87,7,19,2022-01-24,2022-01-25,4,49.99,5
1852,4694,ORD-001852,87,37,19,2022-01-24,2022-01-25,1,24.99,0
1853,4695,ORD-001853,81,15,5,2024-05-20,2024-05-27,3,49.99,0
1853,4696,ORD-001853,81,21,5,2024-05-20,2024-05-27,5,34.99,10
1854,4697,ORD-001854,193,13,1,2024-08-09,2024-08-10,2,49.99,15
1854,4698,ORD-001854,193,26,1,2024-08-09,2024-08-10,1,79.99,15
1854,4699,ORD-001854,193,8,1,2024-08-09,2024-08-10,1,29.99,10
1855,4700,ORD-001855,62,35,26,2022-06-13,2022-06-14,2,24.99,20
1855,4701,ORD-001855,62,37,26,2022-06-13,2022-06-14,4,24.99,0
1856,4702,ORD-001856,35,16,21,2023-10-08,2023-10-14,4,39.99,0
1857,4703,ORD-001857,147,33,2,2024-12-23,2024-12-29,1,24.99,0
1858,4704,ORD-001858,73,14,11,2022-05-05,2022-05-08,4,34.99,0
1858,4705,ORD-001858,73,26,11,2022-05-05,2022-05-08,1,79.99,0
1858,4706,ORD-001858,73,34,11,2022-05-05,2022-05-08,4,89.99,0
1859,4707,ORD-001859,98,6,25,2024-04-03,2024-04-06,2,299.99,15
1859,4708,ORD-001859,98,23,25,2024-04-03,2024-04-06,5,49.99,15
1859,4709,ORD-001859,98,39,25,2024-04-03,2024-04-06,4,14.99,10
1859,4710,ORD-001859,98,16,25,2024-04-03,2024-04-06,2,39.99,0
1860,4711,ORD-001860,62,35,26,2022-05-04,2022-05-05,3,24.99,20
1860,4712,ORD-001860,62,28,26,2022-05-04,2022-05-05,1,39.99,0
1860,4713,ORD-001860,62,19,26,2022-05-04,2022-05-05,4,14.99,15
1861,4714,ORD-001861,64,16,3,2023-11-16,2023-11-23,5,39.99,5
1861,4715,ORD-001861,64,37,3,2023-11-16,2023-11-23,2,24.99,0
1861,4716,ORD-001861,64,23,3,2023-11-16,2023-11-23,1,49.99,0
1861,4717,ORD-001861,64,25,3,2023-11-16,2023-11-23,3,59.99,0
1862,4718,ORD-001862,101,31,22,2022-03-29,2022-04-01,4,19.99,0
1862,4719,ORD-001862,101,30,22,2022-03-29,2022-04-01,1,29.99,20
1863,4720,ORD-001863,41,1,18,2024-05-13,2024-05-20,3,899.99,0
1863,4721,ORD-001863,41,19,18,2024-05-13,2024-05-20,2,14.99,10
1863,4722,ORD-001863,41,6,18,2024-05-13,2024-05-20,4,299.99,20
1863,4723,ORD-001863,41,17,18,2024-05-13,2024-05-20,3,34.99,0
1864,4724,ORD-001864,181,7,22,2024-04-24,2024-04-26,5,49.99,15
1865,4725,ORD-001865,119,27,11,2023-02-24,2023-03-02,3,24.99,0
1865,4726,ORD-001865,119,24,11,2023-02-24,2023-03-02,1,89.99,0
1865,4727,ORD-001865,119,13,11,2023-02-24,2023-03-02,5,49.99,10
1866,4728,ORD-001866,1,17,5,2024-10-01,2024-10-05,2,34.99,5
1867,4729,ORD-001867,108,17,7,2024-05-14,2024-05-17,3,34.99,15
1868,4730,ORD-001868,70,38,15,2022-08-26,2022-09-04,3,34.99,20
1868,4731,ORD-001868,70,14,15,2022-08-26,2022-09-04,1,34.99,10
1869,4732,ORD-001869,106,26,19,2022-04-02,2022-04-09,3,79.99,15
1869,4733,ORD-001869,106,39,19,2022-04-02,2022-04-09,1,14.99,10
1869,4734,ORD-001869,106,12,19,2022-04-02,2022-04-09,2,59.99,10
1869,4735,ORD-001869,106,35,19,2022-04-02,2022-04-09,3,24.99,10
1870,4736,ORD-001870,131,8,15,2023-07-07,2023-07-13,2,29.99,20
1870,4737,ORD-001870,131,22,15,2023-07-07,2023-07-13,5,59.99,15
1870,4738,ORD-001870,131,30,15,2023-07-07,2023-07-13,2,29.99,20
1871,4739,ORD-001871,126,2,4,2024-07-17,2024-07-22,4,1199.99,20
1871,4740,ORD-001871,126,36,4,2024-07-17,2024-07-22,5,149.99,0
1872,4741,ORD-001872,28,13,25,2024-02-25,2024-03-01,3,49.99,0
1873,4742,ORD-001873,152,14,17,2024-12-06,2024-12-08,5,34.99,5
1873,4743,ORD-001873,152,29,17,2024-12-06,2024-12-08,3,44.99,10
1873,4744,ORD-001873,152,15,17,2024-12-06,2024-12-08,2,49.99,0
1873,4745,ORD-001873,152,26,17,2024-12-06,2024-12-08,3,79.99,20
1874,4746,ORD-001874,122,15,15,2022-01-29,2022-02-03,1,49.99,10
1875,4747,ORD-001875,4,33,20,2022-08-19,2022-08-25,4,24.99,0
1875,4748,ORD-001875,4,12,20,2022-08-19,2022-08-25,5,59.99,0
1876,4749,ORD-001876,102,3,5,2023-12-16,2023-12-21,3,1599.99,0
1876,4750,ORD-001876,102,11,5,2023-12-16,2023-12-21,2,19.99,0
1877,4751,ORD-001877,157,9,2,2023-12-31,2024-01-08,1,79.99,0
1877,4752,ORD-001877,157,18,2,2023-12-31,2024-01-08,1,129.99,0
1877,4753,ORD-001877,157,4,2,2023-12-31,2024-01-08,4,699.99,15
1877,4754,ORD-001877,157,38,2,2023-12-31,2024-01-08,3,34.99,0
1878,4755,ORD-001878,145,16,7,2022-11-23,2022-11-28,5,39.99,15
1878,4756,ORD-001878,145,5,7,2022-11-23,2022-11-28,1,549.99,10
1878,4757,ORD-001878,145,31,7,2022-11-23,2022-11-28,5,19.99,0
1879,4758,ORD-001879,26,35,21,2022-10-23,2022-10-26,4,24.99,0
1879,4759,ORD-001879,26,38,21,2022-10-23,2022-10-26,5,34.99,5
1879,4760,ORD-001879,26,10,21,2022-10-23,2022-10-26,4,39.99,0
1880,4761,ORD-001880,148,24,14,2023-02-24,2023-02-27,1,89.99,5
1880,4762,ORD-001880,148,20,14,2023-02-24,2023-02-27,2,29.99,0
1881,4763,ORD-001881,75,27,1,2023-06-27,2023-07-01,1,24.99,0
1881,4764,ORD-001881,75,35,1,2023-06-27,2023-07-01,5,24.99,0
1882,4765,ORD-001882,10,7,7,2023-09-18,2023-09-25,4,49.99,0
1882,4766,ORD-001882,10,4,7,2023-09-18,2023-09-25,4,699.99,0
1882,4767,ORD-001882,10,10,7,2023-09-18,2023-09-25,5,39.99,5
1882,4768,ORD-001882,10,29,7,2023-09-18,2023-09-25,2,44.99,0
1883,4769,ORD-001883,39,16,25,2022-03-13,2022-03-14,4,39.99,20
1883,4770,ORD-001883,39,27,25,2022-03-13,2022-03-14,2,24.99,0
1883,4771,ORD-001883,39,37,25,2022-03-13,2022-03-14,3,24.99,0
1884,4772,ORD-001884,105,30,18,2022-03-05,2022-03-06,4,29.99,10
1884,4773,ORD-001884,105,21,18,2022-03-05,2022-03-06,1,34.99,0
1884,4774,ORD-001884,105,7,18,2022-03-05,2022-03-06,4,49.99,0
1885,4775,ORD-001885,35,14,11,2022-01-26,2022-01-27,5,34.99,5
1885,4776,ORD-001885,35,6,11,2022-01-26,2022-01-27,2,299.99,20
1885,4777,ORD-001885,35,3,11,2022-01-26,2022-01-27,4,1599.99,0
1885,4778,ORD-001885,35,11,11,2022-01-26,2022-01-27,1,19.99,0
1886,4779,ORD-001886,53,33,18,2024-02-19,2024-02-29,4,24.99,0
1887,4780,ORD-001887,168,8,13,2024-10-12,2024-10-15,1,29.99,20
1887,4781,ORD-001887,168,17,13,2024-10-12,2024-10-15,3,34.99,20
1888,4782,ORD-001888,182,32,25,2023-07-27,2023-08-03,1,14.99,10
1889,4783,ORD-001889,43,30,18,2022-05-21,2022-05-29,3,29.99,0
1890,4784,ORD-001890,63,20,14,2022-04-21,2022-04-24,3,29.99,20
1890,4785,ORD-001890,63,9,14,2022-04-21,2022-04-24,2,79.99,0
1891,4786,ORD-001891,37,22,3,2024-03-24,2024-03-25,2,59.99,0
1891,4787,ORD-001891,37,38,3,2024-03-24,2024-03-25,3,34.99,20
1892,4788,ORD-001892,22,20,5,2022-02-04,2022-02-14,4,29.99,20
1892,4789,ORD-001892,22,31,5,2022-02-04,2022-02-14,2,19.99,5
1892,4790,ORD-001892,22,40,5,2022-02-04,2022-02-14,1,12.99,0
1893,4791,ORD-001893,173,7,6,2024-05-11,2024-05-17,2,49.99,0
1893,4792,ORD-001893,173,31,6,2024-05-11,2024-05-17,4,19.99,0
1893,4793,ORD-001893,173,30,6,2024-05-11,2024-05-17,5,29.99,20
1894,4794,ORD-001894,77,23,24,2022-02-19,2022-02-22,3,49.99,10
1894,4795,ORD-001894,77,35,24,2022-02-19,2022-02-22,3,24.99,0
1894,4796,ORD-001894,77,25,24,2022-02-19,2022-02-22,1,59.99,0
1895,4797,ORD-001895,28,11,4,2022-08-15,2022-08-21,4,19.99,10
1896,4798,ORD-001896,104,17,25,2023-08-08,2023-08-18,4,34.99,10
1896,4799,ORD-001896,104,28,25,2023-08-08,2023-08-18,5,39.99,15
1896,4800,ORD-001896,104,27,25,2023-08-08,2023-08-18,2,24.99,0
1896,4801,ORD-001896,104,30,25,2023-08-08,2023-08-18,4,29.99,0
1897,4802,ORD-001897,3,30,17,2024-12-12,2024-12-17,3,29.99,0
1897,4803,ORD-001897,3,33,17,2024-12-12,2024-12-17,2,24.99,5
1897,4804,ORD-001897,3,36,17,2024-12-12,2024-12-17,1,149.99,10
1898,4805,ORD-001898,29,40,19,2022-03-08,2022-03-16,5,12.99,0
1898,4806,ORD-001898,29,6,19,2022-03-08,2022-03-16,4,299.99,0
1898,4807,ORD-001898,29,3,19,2022-03-08,2022-03-16,1,1599.99,5
1899,4808,ORD-001899,147,39,24,2024-12-19,2024-12-23,2,14.99,20
1899,4809,ORD-001899,147,13,24,2024-12-19,2024-12-23,3,49.99,0
1899,4810,ORD-001899,147,18,24,2024-12-19,2024-12-23,5,129.99,0
1899,4811,ORD-001899,147,33,24,2024-12-19,2024-12-23,4,24.99,0
1900,4812,ORD-001900,115,15,2,2024-10-29,2024-11-01,5,49.99,10
1901,4813,ORD-001901,106,10,11,2023-07-16,2023-07-23,1,39.99,0
1901,4814,ORD-001901,106,5,11,2023-07-16,2023-07-23,2,549.99,0
1902,4815,ORD-001902,191,23,24,2024-10-03,2024-10-06,3,49.99,0
1903,4816,ORD-001903,54,2,25,2023-03-23,2023-03-24,1,1199.99,10
1904,4817,ORD-001904,133,30,13,2023-05-25,2023-05-30,2,29.99,10
1904,4818,ORD-001904,133,8,13,2023-05-25,2023-05-30,5,29.99,0
1904,4819,ORD-001904,133,1,13,2023-05-25,2023-05-30,5,899.99,10
1904,4820,ORD-001904,133,37,13,2023-05-25,2023-05-30,5,24.99,0
1905,4821,ORD-001905,32,2,9,2022-09-01,2022-09-08,5,1199.99,20
1906,4822,ORD-001906,24,32,13,2022-11-08,2022-11-12,2,14.99,5
1906,4823,ORD-001906,24,38,13,2022-11-08,2022-11-12,5,34.99,20
1907,4824,ORD-001907,148,25,24,2024-07-30,2024-08-09,1,59.99,10
1908,4825,ORD-001908,188,36,11,2023-09-07,2023-09-16,4,149.99,5
1909,4826,ORD-001909,67,2,13,2023-05-17,2023-05-18,5,1199.99,20
1910,4827,ORD-001910,151,28,17,2023-07-22,2023-07-26,1,39.99,0
1910,4828,ORD-001910,151,16,17,2023-07-22,2023-07-26,4,39.99,0
1911,4829,ORD-001911,25,39,17,2022-06-24,2022-06-30,5,14.99,15
1912,4830,ORD-001912,95,37,23,2023-06-15,2023-06-21,3,24.99,0
1912,4831,ORD-001912,95,2,23,2023-06-15,2023-06-21,2,1199.99,15
1913,4832,ORD-001913,67,14,26,2022-01-25,2022-01-27,3,34.99,20
1913,4833,ORD-001913,67,16,26,2022-01-25,2022-01-27,3,39.99,5
1913,4834,ORD-001913,67,27,26,2022-01-25,2022-01-27,1,24.99,5
1914,4835,ORD-001914,83,26,13,2023-05-28,2023-06-02,4,79.99,5
1914,4836,ORD-001914,83,10,13,2023-05-28,2023-06-02,1,39.99,0
1914,4837,ORD-001914,83,4,13,2023-05-28,2023-06-02,5,699.99,0
1915,4838,ORD-001915,69,33,29,2022-02-02,2022-02-05,2,24.99,0
1916,4839,ORD-001916,168,1,8,2024-11-17,2024-11-25,2,899.99,5
1916,4840,ORD-001916,168,10,8,2024-11-17,2024-11-25,1,39.99,10
1916,4841,ORD-001916,168,23,8,2024-11-17,2024-11-25,5,49.99,0
1917,4842,ORD-001917,128,15,9,2023-10-28,2023-10-31,3,49.99,15
1917,4843,ORD-001917,128,13,9,2023-10-28,2023-10-31,4,49.99,0
1917,4844,ORD-001917,128,11,9,2023-10-28,2023-10-31,2,19.99,0
1917,4845,ORD-001917,128,30,9,2023-10-28,2023-10-31,1,29.99,0
1918,4846,ORD-001918,76,36,3,2022-11-23,2022-12-03,2,149.99,10
1919,4847,ORD-001919,180,27,11,2022-08-08,2022-08-17,1,24.99,15
1920,4848,ORD-001920,46,19,26,2023-11-02,2023-11-08,4,14.99,0
1921,4849,ORD-001921,9,15,2,2024-08-09,2024-08-19,1,49.99,0
1921,4850,ORD-001921,9,28,2,2024-08-09,2024-08-19,4,39.99,0
1922,4851,ORD-001922,14,34,3,2022-09-19,2022-09-28,2,89.99,5
1922,4852,ORD-001922,14,6,3,2022-09-19,2022-09-28,1,299.99,0
1923,4853,ORD-001923,186,37,29,2022-12-26,2022-12-30,4,24.99,0
1923,4854,ORD-001923,186,23,29,2022-12-26,2022-12-30,1,49.99,0
1924,4855,ORD-001924,8,1,21,2023-06-26,2023-07-05,4,899.99,15
1924,4856,ORD-001924,8,28,21,2023-06-26,2023-07-05,4,39.99,20
1924,4857,ORD-001924,8,21,21,2023-06-26,2023-07-05,2,34.99,20
1925,4858,ORD-001925,198,3,29,2023-06-14,2023-06-19,3,1599.99,15
1925,4859,ORD-001925,198,12,29,2023-06-14,2023-06-19,2,59.99,5
1925,4860,ORD-001925,198,27,29,2023-06-14,2023-06-19,2,24.99,20
1925,4861,ORD-001925,198,20,29,2023-06-14,2023-06-19,4,29.99,20
1926,4862,ORD-001926,7,1,4,2022-06-30,2022-07-06,3,899.99,5
1926,4863,ORD-001926,7,14,4,2022-06-30,2022-07-06,3,34.99,5
1927,4864,ORD-001927,39,6,9,2023-04-27,2023-05-03,4,299.99,5
1927,4865,ORD-001927,39,35,9,2023-04-27,2023-05-03,2,24.99,0
1927,4866,ORD-001927,39,21,9,2023-04-27,2023-05-03,1,34.99,15
1927,4867,ORD-001927,39,9,9,2023-04-27,2023-05-03,4,79.99,15
1928,4868,ORD-001928,47,27,13,2024-07-16,2024-07-17,4,24.99,0
1928,4869,ORD-001928,47,26,13,2024-07-16,2024-07-17,2,79.99,20
1928,4870,ORD-001928,47,9,13,2024-07-16,2024-07-17,3,79.99,0
1928,4871,ORD-001928,47,40,13,2024-07-16,2024-07-17,4,12.99,5
1929,4872,ORD-001929,140,31,15,2024-11-11,2024-11-16,4,19.99,20
1929,4873,ORD-001929,140,6,15,2024-11-11,2024-11-16,2,299.99,10
1929,4874,ORD-001929,140,4,15,2024-11-11,2024-11-16,2,699.99,0
1930,4875,ORD-001930,4,33,2,2024-04-25,2024-04-27,5,24.99,5
1930,4876,ORD-001930,4,20,2,2024-04-25,2024-04-27,2,29.99,0
1930,4877,ORD-001930,4,16,2,2024-04-25,2024-04-27,3,39.99,20
1931,4878,ORD-001931,70,20,26,2023-03-06,2023-03-11,4,29.99,15
1932,4879,ORD-001932,193,6,13,2022-11-09,2022-11-11,3,299.99,20
1932,4880,ORD-001932,193,28,13,2022-11-09,2022-11-11,3,39.99,10
1933,4881,ORD-001933,189,17,25,2023-12-31,2024-01-03,5,34.99,20
1933,4882,ORD-001933,189,12,25,2023-12-31,2024-01-03,1,59.99,5
1933,4883,ORD-001933,189,18,25,2023-12-31,2024-01-03,3,129.99,15
1934,4884,ORD-001934,23,13,25,2022-09-11,2022-09-13,5,49.99,10
1934,4885,ORD-001934,23,6,25,2022-09-11,2022-09-13,5,299.99,0
1934,4886,ORD-001934,23,30,25,2022-09-11,2022-09-13,2,29.99,0
1934,4887,ORD-001934,23,28,25,2022-09-11,2022-09-13,2,39.99,0
1935,4888,ORD-001935,58,5,11,2023-08-12,2023-08-21,5,549.99,10
1935,4889,ORD-001935,58,18,11,2023-08-12,2023-08-21,5,129.99,20
1936,4890,ORD-001936,108,17,18,2022-02-17,2022-02-24,1,34.99,0
1936,4891,ORD-001936,108,7,18,2022-02-17,2022-02-24,1,49.99,0
1936,4892,ORD-001936,108,12,18,2022-02-17,2022-02-24,1,59.99,0
1936,4893,ORD-001936,108,24,18,2022-02-17,2022-02-24,3,89.99,0
1937,4894,ORD-001937,169,16,24,2023-07-26,2023-07-28,1,39.99,0
1937,4895,ORD-001937,169,26,24,2023-07-26,2023-07-28,1,79.99,0
1938,4896,ORD-001938,157,16,24,2024-12-17,2024-12-24,4,39.99,0
1939,4897,ORD-001939,26,4,23,2024-10-31,2024-11-07,2,699.99,0
1940,4898,ORD-001940,16,36,23,2023-02-17,2023-02-19,5,149.99,10
1940,4899,ORD-001940,16,39,23,2023-02-17,2023-02-19,1,14.99,0
1940,4900,ORD-001940,16,6,23,2023-02-17,2023-02-19,3,299.99,0
1940,4901,ORD-001940,16,1,23,2023-02-17,2023-02-19,2,899.99,0
1941,4902,ORD-001941,122,32,27,2022-08-28,2022-09-01,1,14.99,10
1942,4903,ORD-001942,120,25,25,2024-04-29,2024-04-30,2,59.99,20
1943,4904,ORD-001943,91,7,22,2022-04-15,2022-04-24,5,49.99,15
1943,4905,ORD-001943,91,19,22,2022-04-15,2022-04-24,4,14.99,20
1943,4906,ORD-001943,91,34,22,2022-04-15,2022-04-24,3,89.99,20
1944,4907,ORD-001944,94,14,30,2022-01-20,2022-01-22,4,34.99,0
1945,4908,ORD-001945,58,2,11,2024-12-21,2024-12-24,4,1199.99,0
1946,4909,ORD-001946,143,31,17,2024-06-27,2024-07-06,2,19.99,20
1947,4910,ORD-001947,120,8,20,2022-04-26,2022-04-30,4,29.99,0
1947,4911,ORD-001947,120,28,20,2022-04-26,2022-04-30,1,39.99,10
1947,4912,ORD-001947,120,33,20,2022-04-26,2022-04-30,1,24.99,20
1947,4913,ORD-001947,120,40,20,2022-04-26,2022-04-30,4,12.99,20
1948,4914,ORD-001948,40,17,5,2023-02-20,2023-03-02,4,34.99,5
1948,4915,ORD-001948,40,8,5,2023-02-20,2023-03-02,5,29.99,0
1948,4916,ORD-001948,40,32,5,2023-02-20,2023-03-02,3,14.99,20
1948,4917,ORD-001948,40,15,5,2023-02-20,2023-03-02,1,49.99,5
1949,4918,ORD-001949,108,19,18,2022-08-06,2022-08-07,5,14.99,0
1949,4919,ORD-001949,108,36,18,2022-08-06,2022-08-07,3,149.99,20
1950,4920,ORD-001950,91,11,15,2024-10-22,2024-10-23,3,19.99,15
1951,4921,ORD-001951,76,12,7,2022-10-04,2022-10-08,2,59.99,20
1951,4922,ORD-001951,76,8,7,2022-10-04,2022-10-08,4,29.99,10
1951,4923,ORD-001951,76,3,7,2022-10-04,2022-10-08,4,1599.99,10
1951,4924,ORD-001951,76,25,7,2022-10-04,2022-10-08,5,59.99,0
1952,4925,ORD-001952,117,25,9,2024-03-26,2024-04-03,4,59.99,15
1953,4926,ORD-001953,175,16,12,2022-05-16,2022-05-23,5,39.99,20
1954,4927,ORD-001954,94,4,23,2022-10-18,2022-10-20,1,699.99,20
1954,4928,ORD-001954,94,27,23,2022-10-18,2022-10-20,3,24.99,20
1954,4929,ORD-001954,94,10,23,2022-10-18,2022-10-20,4,39.99,0
1955,4930,ORD-001955,2,24,16,2022-01-20,2022-01-24,1,89.99,20
1955,4931,ORD-001955,2,34,16,2022-01-20,2022-01-24,3,89.99,20
1956,4932,ORD-001956,41,37,10,2023-03-10,2023-03-12,2,24.99,0
1956,4933,ORD-001956,41,35,10,2023-03-10,2023-03-12,3,24.99,10
1957,4934,ORD-001957,17,7,8,2022-02-18,2022-02-19,4,49.99,10
1957,4935,ORD-001957,17,5,8,2022-02-18,2022-02-19,1,549.99,0
1957,4936,ORD-001957,17,15,8,2022-02-18,2022-02-19,1,49.99,0
1958,4937,ORD-001958,26,24,12,2022-05-26,2022-06-02,5,89.99,5
1958,4938,ORD-001958,26,19,12,2022-05-26,2022-06-02,4,14.99,15
1958,4939,ORD-001958,26,16,12,2022-05-26,2022-06-02,2,39.99,15
1958,4940,ORD-001958,26,40,12,2022-05-26,2022-06-02,3,12.99,0
1959,4941,ORD-001959,80,21,18,2022-07-05,2022-07-07,1,34.99,20
1960,4942,ORD-001960,31,17,29,2023-07-20,2023-07-28,2,34.99,5
1960,4943,ORD-001960,31,33,29,2023-07-20,2023-07-28,5,24.99,20
1960,4944,ORD-001960,31,28,29,2023-07-20,2023-07-28,1,39.99,0
1960,4945,ORD-001960,31,31,29,2023-07-20,2023-07-28,2,19.99,10
1961,4946,ORD-001961,87,29,11,2022-08-16,2022-08-19,4,44.99,0
1962,4947,ORD-001962,26,37,5,2023-04-25,2023-05-05,4,24.99,10
1962,4948,ORD-001962,26,7,5,2023-04-25,2023-05-05,3,49.99,0
1962,4949,ORD-001962,26,17,5,2023-04-25,2023-05-05,2,34.99,5
1963,4950,ORD-001963,164,25,2,2024-08-03,2024-08-06,1,59.99,0
1963,4951,ORD-001963,164,19,2,2024-08-03,2024-08-06,3,14.99,5
1964,4952,ORD-001964,195,30,24,2024-01-28,2024-02-02,4,29.99,0
1964,4953,ORD-001964,195,3,24,2024-01-28,2024-02-02,3,1599.99,0
1964,4954,ORD-001964,195,29,24,2024-01-28,2024-02-02,1,44.99,0
1964,4955,ORD-001964,195,30,24,2024-01-28,2024-02-02,2,29.99,0
1965,4956,ORD-001965,129,17,15,2022-09-08,2022-09-14,4,34.99,10
1965,4957,ORD-001965,129,15,15,2022-09-08,2022-09-14,4,49.99,15
1965,4958,ORD-001965,129,4,15,2022-09-08,2022-09-14,2,699.99,0
1965,4959,ORD-001965,129,32,15,2022-09-08,2022-09-14,3,14.99,0
1966,4960,ORD-001966,59,19,17,2022-02-02,2022-02-05,1,14.99,20
1966,4961,ORD-001966,59,20,17,2022-02-02,2022-02-05,5,29.99,20
1966,4962,ORD-001966,59,21,17,2022-02-02,2022-02-05,4,34.99,15
1966,4963,ORD-001966,59,12,17,2022-02-02,2022-02-05,4,59.99,0
1967,4964,ORD-001967,42,26,19,2022-12-20,2022-12-26,5,79.99,5
1967,4965,ORD-001967,42,10,19,2022-12-20,2022-12-26,4,39.99,0
1967,4966,ORD-001967,42,36,19,2022-12-20,2022-12-26,5,149.99,20
1968,4967,ORD-001968,77,17,2,2024-07-07,2024-07-14,2,34.99,0
1968,4968,ORD-001968,77,29,2,2024-07-07,2024-07-14,4,44.99,15
1968,4969,ORD-001968,77,14,2,2024-07-07,2024-07-14,2,34.99,5
1968,4970,ORD-001968,77,5,2,2024-07-07,2024-07-14,2,549.99,0
1969,4971,ORD-001969,54,9,24,2024-04-01,2024-04-09,3,79.99,10
1969,4972,ORD-001969,54,9,24,2024-04-01,2024-04-09,2,79.99,10
1969,4973,ORD-001969,54,28,24,2024-04-01,2024-04-09,5,39.99,20
1969,4974,ORD-001969,54,31,24,2024-04-01,2024-04-09,5,19.99,0
1970,4975,ORD-001970,105,38,29,2022-03-03,2022-03-08,2,34.99,0
1970,4976,ORD-001970,105,4,29,2022-03-03,2022-03-08,3,699.99,20
1970,4977,ORD-001970,105,24,29,2022-03-03,2022-03-08,2,89.99,0
1970,4978,ORD-001970,105,1,29,2022-03-03,2022-03-08,3,899.99,20
1971,4979,ORD-001971,7,31,22,2024-12-10,2024-12-20,2,19.99,10
1971,4980,ORD-001971,7,27,22,2024-12-10,2024-12-20,1,24.99,0
1972,4981,ORD-001972,153,1,28,2024-07-09,2024-07-16,3,899.99,0
1972,4982,ORD-001972,153,21,28,2024-07-09,2024-07-16,4,34.99,5
1972,4983,ORD-001972,153,4,28,2024-07-09,2024-07-16,4,699.99,10
1973,4984,ORD-001973,153,23,29,2024-08-06,2024-08-14,3,49.99,0
1973,4985,ORD-001973,153,28,29,2024-08-06,2024-08-14,1,39.99,10
1973,4986,ORD-001973,153,2,29,2024-08-06,2024-08-14,2,1199.99,20
1974,4987,ORD-001974,135,14,9,2022-10-29,2022-11-01,4,34.99,15
1974,4988,ORD-001974,135,9,9,2022-10-29,2022-11-01,4,79.99,15
1974,4989,ORD-001974,135,14,9,2022-10-29,2022-11-01,2,34.99,0
1974,4990,ORD-001974,135,12,9,2022-10-29,2022-11-01,2,59.99,15
1975,4991,ORD-001975,38,30,16,2022-07-31,2022-08-02,3,29.99,15
1976,4992,ORD-001976,126,28,14,2022-09-05,2022-09-13,2,39.99,0
1977,4993,ORD-001977,200,8,10,2022-11-19,2022-11-29,3,29.99,0
1977,4994,ORD-001977,200,36,10,2022-11-19,2022-11-29,4,149.99,10
1977,4995,ORD-001977,200,36,10,2022-11-19,2022-11-29,2,149.99,0
1978,4996,ORD-001978,96,14,6,2022-08-01,2022-08-08,5,34.99,20
1979,4997,ORD-001979,46,37,6,2022-03-02,2022-03-05,5,24.99,0
1979,4998,ORD-001979,46,7,6,2022-03-02,2022-03-05,3,49.99,0
1979,4999,ORD-001979,46,26,6,2022-03-02,2022-03-05,3,79.99,5
1979,5000,ORD-001979,46,5,6,2022-03-02,2022-03-05,1,549.99,5
1980,5001,ORD-001980,140,2,1,2022-05-27,2022-06-04,2,1199.99,20
1980,5002,ORD-001980,140,6,1,2022-05-27,2022-06-04,4,299.99,0
1980,5003,ORD-001980,140,29,1,2022-05-27,2022-06-04,1,44.99,0
1980,5004,ORD-001980,140,1,1,2022-05-27,2022-06-04,1,899.99,0
1981,5005,ORD-001981,150,30,7,2023-03-04,2023-03-07,2,29.99,0
1981,5006,ORD-001981,150,18,7,2023-03-04,2023-03-07,4,129.99,10
1981,5007,ORD-001981,150,15,7,2023-03-04,2023-03-07,1,49.99,20
1981,5008,ORD-001981,150,29,7,2023-03-04,2023-03-07,2,44.99,10
1982,5009,ORD-001982,72,36,26,2024-06-27,2024-07-04,1,149.99,10
1982,5010,ORD-001982,72,15,26,2024-06-27,2024-07-04,5,49.99,0
1983,5011,ORD-001983,190,11,13,2023-10-28,2023-11-02,3,19.99,10
1984,5012,ORD-001984,187,39,20,2023-10-28,2023-10-30,2,14.99,0
1984,5013,ORD-001984,187,30,20,2023-10-28,2023-10-30,2,29.99,20
1985,5014,ORD-001985,127,25,6,2022-06-28,2022-07-01,2,59.99,0
1986,5015,ORD-001986,167,4,2,2023-09-04,2023-09-14,2,699.99,20
1986,5016,ORD-001986,167,28,2,2023-09-04,2023-09-14,4,39.99,5
1986,5017,ORD-001986,167,26,2,2023-09-04,2023-09-14,3,79.99,20
1986,5018,ORD-001986,167,11,2,2023-09-04,2023-09-14,4,19.99,20
1987,5019,ORD-001987,43,38,18,2023-09-15,2023-09-21,4,34.99,0
1987,5020,ORD-001987,43,40,18,2023-09-15,2023-09-21,5,12.99,0
1988,5021,ORD-001988,6,20,15,2022-01-02,2022-01-11,1,29.99,5
1988,5022,ORD-001988,6,32,15,2022-01-02,2022-01-11,3,14.99,20
1988,5023,ORD-001988,6,27,15,2022-01-02,2022-01-11,1,24.99,0
1988,5024,ORD-001988,6,3,15,2022-01-02,2022-01-11,5,1599.99,0
1989,5025,ORD-001989,171,39,23,2022-07-31,2022-08-10,1,14.99,0
1989,5026,ORD-001989,171,12,23,2022-07-31,2022-08-10,1,59.99,0
1990,5027,ORD-001990,199,18,27,2023-09-05,2023-09-09,3,129.99,10
1991,5028,ORD-001991,147,12,30,2022-03-12,2022-03-22,2,59.99,0
1991,5029,ORD-001991,147,13,30,2022-03-12,2022-03-22,2,49.99,0
1992,5030,ORD-001992,45,5,1,2022-12-10,2022-12-14,1,549.99,0
1992,5031,ORD-001992,45,24,1,2022-12-10,2022-12-14,3,89.99,0
1992,5032,ORD-001992,45,4,1,2022-12-10,2022-12-14,1,699.99,10
1993,5033,ORD-001993,187,3,8,2023-11-23,2023-11-28,2,1599.99,20
1993,5034,ORD-001993,187,26,8,2023-11-23,2023-11-28,5,79.99,10
1993,5035,ORD-001993,187,36,8,2023-11-23,2023-11-28,5,149.99,0
1994,5036,ORD-001994,178,16,26,2023-03-03,2023-03-13,2,39.99,0
1994,5037,ORD-001994,178,19,26,2023-03-03,2023-03-13,2,14.99,5
1995,5038,ORD-001995,42,35,19,2024-05-23,2024-05-26,1,24.99,0
1996,5039,ORD-001996,145,18,24,2023-04-18,2023-04-20,3,129.99,0
1996,5040,ORD-001996,145,11,24,2023-04-18,2023-04-20,5,19.99,0
1997,5041,ORD-001997,114,21,25,2023-11-14,2023-11-24,5,34.99,10
1997,5042,ORD-001997,114,40,25,2023-11-14,2023-11-24,2,12.99,0
1997,5043,ORD-001997,114,8,25,2023-11-14,2023-11-24,2,29.99,0
1997,5044,ORD-001997,114,32,25,2023-11-14,2023-11-24,4,14.99,0
1998,5045,ORD-001998,20,18,16,2024-07-30,2024-08-04,2,129.99,0
1998,5046,ORD-001998,20,1,16,2024-07-30,2024-08-04,4,899.99,0
1998,5047,ORD-001998,20,39,16,2024-07-30,2024-08-04,3,14.99,15
1999,5048,ORD-001999,24,40,19,2023-02-21,2023-03-01,1,12.99,10
1999,5049,ORD-001999,24,9,19,2023-02-21,2023-03-01,2,79.99,5
1999,5050,ORD-001999,24,29,19,2023-02-21,2023-03-01,1,44.99,15
2000,5051,ORD-002000,59,26,4,2024-09-13,2024-09-19,2,79.99,5
2000,5052,ORD-002000,59,18,4,2024-09-13,2024-09-19,4,129.99,0
